"initpop","epsilon","ts","mean.propinf.boot","lowCI95.propinf.boot","highCI95.propinf.boot","min.propinf","max.propinf","mean.inf","min.inf","max.inf","mean.curpop","min.curpop","max.curpop","mean.alltimepop","min.alltimepop","max.alltimepop","zeroevent","N"
10000,0.5,1825,0.495434482767134,0.471317403302307,0.517847630362557,9.03342366757001e-05,0.615223145021447,5428.14465408805,1,6741,10558.0094339623,10415,10690,10956.7987421384,10871,11070,318,318
20000,0.5,1825,0.530570121729567,0.515763748344718,0.543993956477686,4.53802868034126e-05,0.607589163550123,11627.6423690205,1,13322,21117.0501138952,20958,21315,21914.6810933941,21766,22074,439,439
30000,0.5,1825,0.543666572112976,0.532382733492926,0.555139299333808,3.03573054855651e-05,0.604510684798446,17870.7295081967,1,19915,31673.5184426229,31472,31920,32870.7766393443,32697,33053,488,488
40000,0.5,1825,0.560067772012115,0.550908130368667,0.568369847095449,2.28206298493838e-05,0.606693416013132,24545.404040404,1,26612,42227.7555555556,42009,42474,43826.7757575758,43609,44029,495,495
50000,0.5,1825,0.57721267090437,0.573484812560789,0.579833903870182,3.65003467532942e-05,0.615823027601702,31623.2108433735,2,33712,52785.9196787149,52522,53010,54786.156626506,54548,55015,498,498
60000,0.5,1825,0.575488057486152,0.569916518261449,0.580098949872249,3.03762093528349e-05,0.610521514368253,37834.4337349398,2,40154,63343.1224899598,63078,63598,65743.3734939759,65499,66007,498,498
70000,0.5,1825,0.580357086674981,0.577471872943187,0.582073982220608,5.2259573300584e-05,0.610670493086355,44513.792,4,46814,73897.778,73587,74158,76700.506,76426,76961,500,500
80000,0.5,1825,0.581459507199068,0.578605530087765,0.583188687471071,3.41993365328713e-05,0.616995790410349,50969.386,3,54084,84455.434,84146,84759,87657.82,87389,87942,500,500
90000,0.5,1825,0.583810732951321,0.582997667036599,0.584654669605725,0.561120964881164,0.626572080060806,57572.626,55363,61827,95012.7,94663,95362,98615.322,98288,98936,500,500
1e+05,0.5,1825,0.585164693812235,0.58425381450763,0.58604145747901,0.55985401459854,0.620957368195378,64117.772,61360,68065,105568.766,105226,105889,109572.184,109247,109888,500,500
150000,0.5,1825,0.590829615050078,0.589648181860568,0.59203608729486,0.567965536544406,0.634526854219949,97108.048,93344,104202,158349.036,157922,158755,164358.888,163976,164782,491,500
2e+05,0.5,1825,0.597151267582759,0.595697135014305,0.598585776997524,0.567364394866084,0.635950752393981,130863.19,124305,139464,211131.562,210598,211689,219146.102,218682,219620,455,500
250000,0.5,1825,0.603756851531373,0.602163780037458,0.605432997608872,0.569632854892351,0.636877323963211,165388.898,156207,174650,263909.67,263309,264462,273933.062,273429,274455,386,500
3e+05,0.5,1825,0.610530288738062,0.608890749983819,0.612041977357864,0.5718885554246,0.636843770535693,200693.602,188073,209328,316687.85,316069,317264,328720.22,328154,329283,282,500
350000,0.5,1825,0.616915547902555,0.61557759862834,0.618218495486688,0.572565762722467,0.634072270563639,236591.726,219666,243239,369464.476,368774,370162,383507.362,382912,384152,185,500
4e+05,0.5,1825,0.619961046961717,0.618776238961888,0.621109072882195,0.573006815262355,0.63407199182243,271724.796,251138,277896,422241.602,421505,422911,438293.446,437627,438976,127,500
450000,0.5,1825,0.622367902028066,0.621342108303061,0.623449365080983,0.574560495960985,0.635410582165109,306877.962,283225,313293,475020.036,474287,475787,493081.244,492405,493779,84,500
5e+05,0.5,1825,0.625042167436569,0.624258036838289,0.625763396877643,0.575984014890239,0.633289702121134,342440.618,315645,347120,527796.366,526980,528609,547867.842,547150,548610,39,500
550000,0.5,1825,0.626707966725501,0.626223096121781,0.627177331797325,0.5865612202416,0.636473123416792,377688.43,353636,383673,580572.428,579719,581428,602654.536,601904,603458,16,500
6e+05,0.5,1825,0.626924481617215,0.626328297911348,0.627440074667342,0.581244439713184,0.636933124267381,412164.018,382206,418395,633348.05,632486,634198,657437.994,656724,658203,12,500
650000,0.5,1825,0.627528521898224,0.627152723832028,0.627857943784322,0.578040058732199,0.634031320941314,446938.746,411394,451339,686121.432,685217,687153,712220.6,711463,712980,6,500
7e+05,0.5,1825,0.627795654291724,0.627481233432119,0.628049734337963,0.590232939144681,0.633961443158753,481530.242,452495,486625,738909.234,737766,739851,767017.41,766048,767968,4,500
750000,0.5,1825,0.628033866490747,0.627865184872285,0.628214428612237,0.621298657685456,0.63354159031051,516116.428,510623,520504,791679.254,790656,792826,821797.142,820924,822894,0,500
8e+05,0.5,1825,0.628149221385666,0.627963154260286,0.628328841614477,0.60816545367434,0.633387858835983,550631.404,533130,555262,844464.908,843283,845518,876593.422,875393,877503,1,500
850000,0.5,1825,0.628194192713357,0.628035049459988,0.628358978308788,0.623056491388547,0.632983777713118,585087.064,580336,589544,897238.142,896317,898474,931379.34,930351,932448,0,500
9e+05,0.5,1825,0.628206441236681,0.628044305169277,0.628380700442583,0.621228598035655,0.632760576585499,619516.484,612391,624014,950016.88,948717,951136,986167.152,985256,987067,0,500
950000,0.5,1825,0.628312086006193,0.628167029547505,0.628451998847314,0.623151701251511,0.632698978876822,654034.798,648552,659142,1002777.728,1001641,1004039,1040939.446,1039993,1041960,0,500
1e+06,0.5,1825,0.628316219122172,0.628158999897985,0.628468092092752,0.621457864628028,0.633811688092371,688470.852,681459,694335,1055567.078,1054442,1056794,1095739.46,1094876,1096723,0,500
1100000,0.5,1825,0.628354990705688,0.62820709094906,0.628514496205506,0.621964825950588,0.633268521222095,757351.218,749773,763428,1161096.358,1159910,1162403,1205292.02,1204427,1206363,0,500
1200000,0.5,1825,0.628392889118425,0.628260472872113,0.628518368683655,0.623849458588872,0.632518516941938,826254.788,820586,832111,1266652.824,1265413,1267994,1314869.8,1313751,1316217,0,500
1300000,0.5,1825,0.628328550671258,0.628208951196634,0.628452319900319,0.623509150892351,0.633644160373835,895014.12,888465,902545,1372197.096,1370858,1373449,1424436.486,1423493,1425572,0,500
1400000,0.5,1825,0.62844818829391,0.628324582368638,0.628578379188793,0.623170326339871,0.633969932299447,964041.942,956124,972766,1477742.484,1476390,1479175,1534003.86,1532908,1535166,0,500
1500000,0.5,1825,0.628429406096627,0.628307577480118,0.628547846990097,0.623687396205296,0.632805161748746,1032877.854,1025261,1040195,1583302.92,1581852,1584812,1643586.182,1642485,1644820,0,500
1600000,0.5,1825,0.628448422908087,0.628328068633623,0.628563800838548,0.623908629818073,0.632271647881772,1101761.97,1093685,1108434,1688843.942,1687445,1690149,1753146.306,1751989,1754425,0,500
1700000,0.5,1825,0.628513327274104,0.628401521564955,0.628624338105505,0.624748885861408,0.63218766644331,1170744.5,1163408,1177447,1794398.77,1793046,1796023,1862720.276,1861381,1863893,0,500
1800000,0.5,1825,0.628532670281736,0.628420415612541,0.6286453026875,0.624038136325905,0.632589500022558,1239642.476,1230655,1247915,1899940.864,1898431,1901274,1972280.106,1971175,1973522,0,500
1900000,0.5,1825,0.628533017511916,0.628425097233862,0.628641797900415,0.624864050705062,0.632225615991535,1308523.466,1300179,1316864,2005512.632,2003614,2006897,2081869.106,2080366,2083277,0,500
2e+06,0.5,1825,0.628551061094189,0.628452936651664,0.628650582532396,0.624978782043677,0.632335015628045,1377437.624,1369666,1385606,2111075.59,2109390,2112536,2191449.148,2190166,2192873,0,500
2100000,0.5,1825,0.62859709059074,0.628490338635296,0.628702305563506,0.624670613294901,0.632057193186909,1446415.334,1437284,1454612,2216632.038,2214768,2218535,2301021.394,2299559,2302722,0,500
2200000,0.5,1825,0.628557530047312,0.628453142802647,0.628666649275228,0.6240909477457,0.631343728068938,1515200.064,1504443,1522147,2322195.568,2320742,2323680,2410598.934,2409167,2411803,0,500
2300000,0.5,1825,0.628636090236071,0.628528435144531,0.628733460485936,0.625366302910972,0.631972918984375,1584266.53,1575354,1592514,2427732.522,2425981,2429527,2520164.786,2518482,2521819,0,500
2400000,0.5,1825,0.628628688989446,0.628535000845873,0.628726943927776,0.625079022622341,0.631964973351935,1653130.236,1643329,1662200,2533308.186,2531359,2535365,2629740.364,2627971,2631333,0,500
2500000,0.5,1825,0.628644150330427,0.628555617885851,0.628737921593333,0.625137962697588,0.631779470761952,1722056.302,1712231,1730703,2638875.26,2636966,2640719,2739318.202,2737719,2740881,0,500
10000,0.65,1825,0.251044285456125,0.23740918317805,0.263739183223933,9.03342366757001e-05,0.435035964672676,2750.78616352201,1,4778,10563.3396226415,10434,10690,10957.2704402516,10871,11070,318,318
20000,0.65,1825,0.306749781733797,0.295172587740253,0.318494837657004,4.53802868034126e-05,0.458966981778326,6722.60364464693,1,10055,21127.1662870159,20946,21315,21915.7038724374,21768,22074,430,439
30000,0.65,1825,0.352494520398941,0.344138066351041,0.359784417677512,3.03573054855651e-05,0.443567794803058,11587.0737704918,1,14561,31684.5430327869,31431,31888,32872.3196721311,32698,33053,358,488
40000,0.65,1825,0.39037029146292,0.382142508900166,0.397869222869951,2.28195883346264e-05,0.457038558065252,17109.1757575758,1,20032,42242.7656565657,41977,42474,43828.905050505,43610,44033,202,495
50000,0.65,1825,0.401593498076155,0.397295604725384,0.405231653861901,1.82238988209137e-05,0.450496133080403,22002.9518072289,1,24698,52804.5301204819,52573,53021,54788.9297188755,54549,55020,94,498
60000,0.65,1825,0.416813949322822,0.413291101107434,0.419606066390522,3.03762093528349e-05,0.456400121617513,27403.813253012,2,30022,63361.2730923695,63115,63638,65746.5040160643,65509,66008,60,498
70000,0.65,1825,0.417814603686558,0.416651089730997,0.418915447546456,0.338009804944195,0.446833478935496,32048.23,25924,34269,73921.4,73604,74208,76704.3,76428,76961,24,500
80000,0.65,1825,0.424784660556952,0.423803173677099,0.425762916292998,0.347185277362346,0.457425471784119,37237.554,30411,40140,84481.354,84172,84821,87662.208,87392,87952,17,500
90000,0.65,1825,0.424709204789304,0.423646093208724,0.425789629750725,0.306972220533706,0.459333928281681,41884.812,30300,45294,95041.768,94693,95388,98620.016,98298,98934,7,500
1e+05,0.65,1825,0.426995339126329,0.426202153846227,0.427831824220386,0.401295561333881,0.455985337564285,46789.112,43984,50007,105601.328,105261,105950,109577.55,109256,109893,2,500
150000,0.65,1825,0.432740499185529,0.432028932618471,0.433434598074608,0.403782839685737,0.458568577825367,71128.278,66350,75374,158395.912,157987,158809,164366.97,163992,164791,0,500
2e+05,0.65,1825,0.43736957479714,0.436705555430804,0.437978683636822,0.413916874563872,0.459203408230475,95852.578,90755,100673,211190.378,210695,211697,219156.87,218712,219619,0,500
250000,0.65,1825,0.438893982673378,0.438223230084798,0.439582620958961,0.419103121656607,0.45657566425187,120233.472,114776,124978,263989.388,263408,264525,273946.302,273445,274461,0,500
3e+05,0.65,1825,0.440854745605375,0.440310453451866,0.441432604554157,0.417894099498885,0.460483929787027,144925.436,137348,151525,316797.138,316186,317432,328737.262,328188,329291,0,500
350000,0.65,1825,0.441927774152676,0.441392496815752,0.442498690096126,0.425648775403856,0.457485445221105,169491.318,163129,175469,369601.732,368943,370267,383527.338,382938,384165,0,500
4e+05,0.65,1825,0.442669752253227,0.44213540951079,0.443196762762012,0.420704921212674,0.46141047586443,194029.582,184355,202167,422403.25,421737,423071,438316.9,437659,438993,0,500
450000,0.65,1825,0.44368079366291,0.443212452015532,0.444152170306618,0.42794447204843,0.461640992556435,218782.098,211013,227547,475202.212,474451,475927,493107.306,492441,493812,0,500
5e+05,0.65,1825,0.444083345142108,0.443601198500795,0.444528823370134,0.428992235038021,0.458466153450343,243311.866,234911,251261,528003.566,527251,528784,547897,547190,548634,0,500
550000,0.65,1825,0.444977415459398,0.444554805554252,0.445422596697313,0.428359573151615,0.460907009159697,268182.188,258231,277761,580803.07,579943,581605,602687.242,601937,603484,0,500
6e+05,0.65,1825,0.445299096295226,0.444856237247122,0.445713820635231,0.429980923717671,0.458593428049628,292772.92,282878,301577,633602.06,632648,634422,657474.818,656706,658204,0,500
650000,0.65,1825,0.446035953793159,0.445609912968143,0.446474909029525,0.432401467509656,0.460241958468055,317693.296,307968,327817,686394.272,685252,687485,712259.486,711268,713111,0,500
7e+05,0.65,1825,0.446564649043898,0.446144085945495,0.446991166114646,0.43164971826629,0.460854220075514,342541.14,330708,353601,739203.084,738176,740070,767058.368,766149,767951,0,500
750000,0.65,1825,0.446889285682581,0.446535933885034,0.447288618020489,0.431391698724537,0.458679782766623,367272.238,354695,376938,791998.264,791006,792984,821841.784,820878,822656,0,500
8e+05,0.65,1825,0.447254388116276,0.446858423031917,0.447629384916054,0.434113383404423,0.460559665824841,392083.238,380437,403757,844807.968,843848,845789,876644.684,875860,877521,0,500
850000,0.65,1825,0.447722359523963,0.44732482666629,0.448077177879156,0.431841018198057,0.461950830219362,417022.364,402272,430085,897603.656,896506,898567,931430.862,930449,932289,0,500
9e+05,0.65,1825,0.447734449055073,0.447329353537954,0.448092563376749,0.436539875931402,0.458030597483225,441566.062,430317,451811,950404.966,949416,951834,986223.286,985170,987379,0,500
950000,0.65,1825,0.448157933862785,0.447799672910069,0.448545880260529,0.433892081997623,0.458005685738944,466530.702,451663,476554,1003188.558,1002224,1004188,1040996.378,1040174,1041829,0,500
1e+06,0.65,1825,0.448481787427613,0.448107007574113,0.448835260465887,0.435095066053573,0.463248034818948,491446.602,476899,507699,1056000.092,1055028,1057158,1095800.606,1094889,1096759,0,500
1100000,0.65,1825,0.448743588630065,0.448392453903123,0.449077810017108,0.437546076576887,0.46249532120013,540898.774,527625,557262,1161581.08,1160391,1162728,1205362.698,1204253,1206217,0,500
1200000,0.65,1825,0.44905078273703,0.448703585364425,0.449426636468396,0.439007993453748,0.4610685200434,590476.874,577274,606407,1267179.104,1265391,1268549,1314944.366,1313607,1316109,0,500
1300000,0.65,1825,0.449545914977102,0.449206917625785,0.44988694263969,0.437953704106658,0.459442408556996,640385.014,623936,654699,1372769.43,1371348,1373946,1424515.234,1423213,1425545,0,500
1400000,0.65,1825,0.449509393585304,0.449205671197293,0.449823055263002,0.439582328479618,0.459513708167533,689586.968,674416,704883,1478362.834,1477024,1479567,1534088.08,1532746,1535134,0,500
1500000,0.65,1825,0.449815172924306,0.449543305277773,0.450087174883363,0.439749132684911,0.459112906611852,739348.356,722762,754491,1583960.294,1582577,1585412,1643671.478,1642594,1645009,0,500
1600000,0.65,1825,0.449945651541117,0.449650475788447,0.45021577335505,0.439237783645134,0.46134172912175,788862.672,770073,808852,1689548.622,1687509,1691172,1753240.176,1751905,1754552,0,500
1700000,0.65,1825,0.450118757223446,0.449840592318606,0.45038634907809,0.440290934239111,0.459534724994527,838488.316,820004,856422,1795144.72,1793818,1796318,1862815.798,1861613,1863961,0,500
1800000,0.65,1825,0.450435883584993,0.450150370052021,0.450709994365507,0.440361433262141,0.459530233899661,888435.914,868653,906547,1900733.254,1898954,1902026,1972391.624,1970977,1973504,0,500
1900000,0.65,1825,0.450735772406849,0.450424659079201,0.45106290974896,0.440867815335293,0.459322966340506,938424.38,917505,956291,2006352.72,2004878,2007840,2081983.338,2080697,2083368,0,500
2e+06,0.65,1825,0.450635454984143,0.450350662749007,0.450924216792966,0.440516956209292,0.460366369684558,987598.096,965470,1009095,2111947.886,2110192,2113541,2191567.89,2189958,2192929,0,500
2100000,0.65,1825,0.450563250271045,0.450317638067838,0.450835629381745,0.441110297127274,0.45929760957734,1036812.906,1015188,1056634,2217543.528,2215953,2219011,2301148.638,2299739,2302414,0,500
2200000,0.65,1825,0.450873059387164,0.450586642765812,0.451130142900191,0.442140219168381,0.458832248718141,1086930.502,1066333,1106312,2323124.934,2321559,2324794,2410724.13,2409341,2412041,0,500
2300000,0.65,1825,0.450885134105533,0.450627032448494,0.451146473627422,0.442472764892486,0.459018675741764,1136363.81,1115438,1157271,2428706.902,2426969,2430906,2520295.632,2518788,2522059,0,500
2400000,0.65,1825,0.450939012500688,0.450689568335884,0.451223435000942,0.44053858418828,0.458418418935912,1185915.148,1158783,1205954,2534317.288,2532446,2536055,2629879.396,2628269,2631401,0,500
2500000,0.65,1825,0.451261801637235,0.451010298625264,0.451517939791509,0.442459840801702,0.458995851189018,1236213.892,1211886,1257195,2639923.256,2638308,2641899,2739460.702,2737833,2741295,0,500
10000,0.8,1825,0.0534789523048682,0.0474246393832911,0.0599568641410864,9.03342366757001e-05,0.217327459618209,585.952830188679,1,2368,10567.2421383648,10450,10690,10957.5377358491,10873,11070,318,318
20000,0.8,1825,0.100112501730791,0.0924487646846335,0.107442752064926,4.53206435531385e-05,0.292923752057049,2194.37585421412,1,6408,21136.2050113895,20959,21315,21916.4191343964,21768,22073,437,439
30000,0.8,1825,0.138532845287288,0.130905752635236,0.146739097257732,3.03573054855651e-05,0.268876387410674,4553.72950819672,1,8842,31699.3483606557,31474,31878,32873.2704918033,32699,33053,419,488
40000,0.8,1825,0.20029792598604,0.192938080919452,0.207204160044864,2.28195883346264e-05,0.273216811938119,8778.7797979798,1,11974,42260.8363636364,42025,42479,43830.1737373737,43614,44037,291,495
50000,0.8,1825,0.213811613448047,0.208560250470497,0.219107120379399,1.82238988209137e-05,0.263753927084094,11714.6285140562,1,14489,52826.0602409639,52576,53051,54790.5381526104,54553,55023,181,498
60000,0.8,1825,0.240501617455864,0.237289799780304,0.24361771249465,3.04316732855556e-05,0.274475524475524,15812.6104417671,2,18055,63388.2108433735,63106,63688,65748.3634538153,65516,66011,101,498
70000,0.8,1825,0.241918415959609,0.239633652089157,0.243881047233465,0.00543612874630096,0.263300788388242,18556.762,417,20205,73952.1,73643,74224,76706.626,76431,76962,45,500
80000,0.8,1825,0.248183645778614,0.246080947508329,0.249894234910176,0.00565333089688096,0.268677833051892,21757.062,495,23548,84515.418,84209,84852,87664.798,87394,87954,29,500
90000,0.8,1825,0.249253836959129,0.247955275954492,0.250285463712378,0.00372161885349802,0.26593976733817,24582.248,367,26244,95080.544,94729,95447,98623.142,98300,98941,9,500
1e+05,0.8,1825,0.250877926013432,0.249542067468251,0.251822415159919,0.00483082964248208,0.268363025700935,27491.412,529,29404,105643.7,105295,106018,109580.75,109261,109899,6,500
150000,0.8,1825,0.253553574629818,0.253170558724006,0.253963750251202,0.240016282587959,0.268825521340869,41677.072,39486,44139,158464.008,158046,158890,164371.998,163992,164795,0,500
2e+05,0.8,1825,0.256651391826456,0.256242355815019,0.257087633447031,0.241611533884433,0.272302866729885,56248.544,52990,59728,211278.822,210802,211804,219163.33,218716,219628,0,500
250000,0.8,1825,0.25739871172046,0.257067320636135,0.257741444819461,0.246539760829436,0.26974202585578,70515.45,67580,73946,264100.534,263507,264655,273954.336,273455,274467,0,500
3e+05,0.8,1825,0.258961352033557,0.258647328417754,0.259270085908137,0.248955488928487,0.267896241333171,85132.496,81872,88095,316917.908,316251,317555,328746.188,328196,329298,0,500
350000,0.8,1825,0.259541434103898,0.259229615328039,0.259890907991719,0.248164027456135,0.270140067413797,99543.896,95158,103626,369738.728,369094,370405,383537.6,382953,384170,0,500
4e+05,0.8,1825,0.260332256486647,0.260015966953142,0.260632410260733,0.247559662822946,0.271063825902801,114111.012,108546,118778,422558.464,421833,423267,438328.514,437676,438998,0,500
450000,0.8,1825,0.260648032288116,0.260343588133777,0.2609618353885,0.249532916931229,0.269870801243295,128530.814,123008,133015,475379.406,474647,476154,493120.182,492453,493819,0,500
5e+05,0.8,1825,0.261087009458227,0.260801345650149,0.261384472660117,0.251767654656101,0.271003338194309,143052.498,138015,148483,528197.732,527408,529003,547911.208,547211,548640,0,500
550000,0.8,1825,0.261177336537235,0.260900440707437,0.26148752136866,0.252552441985432,0.271114495003782,157412.33,152192,163443,581016.324,580188,581828,602703.01,601951,603488,0,500
6e+05,0.8,1825,0.261557190335446,0.261279418990359,0.26185288731923,0.251679719327261,0.271823775947181,171971.278,165567,178682,633831.808,633046,634811,657490.35,656824,658284,0,500
650000,0.8,1825,0.261853702358577,0.261589558932701,0.262100061952056,0.251641485059537,0.270443317915372,186513.06,179209,192481,686649.298,685697,687611,712279.874,711558,713147,0,500
7e+05,0.8,1825,0.262123187332503,0.261865440351336,0.262363666824384,0.253047615196267,0.269309581598576,201068.61,193982,206603,739472.902,738320,740578,767076.746,766003,768049,0,500
750000,0.8,1825,0.262287717396611,0.262061060309709,0.262514130827856,0.254732975760451,0.271531739015709,215564.492,209444,223302,792288.292,791389,793284,821862.768,820946,822775,0,500
8e+05,0.8,1825,0.2624351068965,0.262200446096159,0.262653613940797,0.254711945749041,0.270033236228059,230067.7,223335,236834,845119.378,843898,846013,876665.254,875921,877347,0,500
850000,0.8,1825,0.262542914744889,0.262324071148618,0.262776099334417,0.251149851233633,0.269696846012726,244546.456,233818,251124,897936.352,896743,899047,931453.374,930508,932407,0,500
9e+05,0.8,1825,0.262664414727842,0.262452118745186,0.262857927727137,0.255169588461008,0.269402038849724,259053.008,251636,265590,950761.962,949502,952227,986251.074,985330,987442,0,500
950000,0.8,1825,0.262746314339038,0.262535217099311,0.262933913732185,0.254583052000004,0.271066590360011,273526.334,265065,282292,1003567.984,1002564,1004647,1041028.394,1040118,1042019,0,500
1e+06,0.8,1825,0.262802224361369,0.262618413198443,0.262991844086567,0.253865626585582,0.268935462463178,287986.15,278189,294646,1056396.43,1055377,1057632,1095828.298,1094841,1096749,0,500
1100000,0.8,1825,0.263004109524456,0.262819229735146,0.263201229753453,0.256680006073676,0.269815297299988,317023.652,309351,325176,1162018.788,1160942,1163051,1205394.318,1204457,1206403,0,500
1200000,0.8,1825,0.262955464248016,0.26276575760272,0.263128003499561,0.256178732885437,0.271217573250399,345781.244,336884,356589,1267662.374,1266390,1268967,1314980.36,1313956,1315965,0,500
1300000,0.8,1825,0.263062203569888,0.262874813156142,0.263242999813714,0.256392183072685,0.270070446752277,374745.696,365204,384825,1373287.336,1371902,1374839,1424551.594,1423452,1425727,0,500
1400000,0.8,1825,0.263102670194793,0.262943846231937,0.263252285039816,0.257834053177907,0.269211491797114,403634.516,395610,413045,1478927.866,1477656,1480122,1534133.362,1533099,1534997,0,500
1500000,0.8,1825,0.263149102685087,0.262983359660464,0.263314872084578,0.255895859739479,0.269774096394707,432542.006,420539,443299,1584561.174,1583169,1585938,1643714.72,1642626,1644949,0,500
1600000,0.8,1825,0.263125717302909,0.262966646862077,0.263288085396938,0.256021653657819,0.268565086943603,461334.412,448914,470927,1690196.506,1689003,1691420,1753285.352,1751943,1754324,0,500
1700000,0.8,1825,0.263053238079373,0.262895118555401,0.263209322700839,0.25683603764579,0.26900392375779,490033.296,478362,501157,1795813.916,1794406,1797099,1862867.326,1861516,1864035,0,500
1800000,0.8,1825,0.262976932434377,0.262835718044154,0.263122416311676,0.256612687578556,0.267228854442252,518707.094,506119,526959,1901446.366,1899876,1902977,1972443.314,1971242,1973598,0,500
1900000,0.8,1825,0.263062883230796,0.262921634100115,0.263208479690377,0.258056801368097,0.269248524868628,547706.936,537354,560489,2007107.076,2005535,2008707,2082038.062,2080620,2083538,0,500
2e+06,0.8,1825,0.263137789072721,0.262997120046345,0.263280379837836,0.25827586348551,0.269640191401531,576700.464,565846,591006,2112739.644,2111260,2114082,2191629.04,2190392,2192902,0,500
2100000,0.8,1825,0.263045883020123,0.262910167330768,0.263190644437782,0.258089423157975,0.269248416875882,605324.74,593983,619665,2218379.918,2216478,2219993,2301213.462,2299721,2302678,0,500
2200000,0.8,1825,0.263030895140642,0.26289126200306,0.263163823843634,0.258126151394951,0.268784235724263,634111.744,622115,648099,2324017.77,2322439,2325648,2410787.886,2409606,2412099,0,500
2300000,0.8,1825,0.263069000824772,0.262936984161451,0.263200551711427,0.259276990016128,0.267601867439119,663029.79,653161,674479,2429637.962,2427963,2431530,2520364.634,2518961,2522134,0,500
2400000,0.8,1825,0.262950681273369,0.262821086983041,0.263095258788438,0.258710978560662,0.267941668422466,691546.398,680525,704521,2535280.392,2533515,2536709,2629947.38,2628460,2631483,0,500
2500000,0.8,1825,0.263039969033944,0.262900327990775,0.263166634259761,0.258809407455556,0.268264191346674,720607.044,709137,734873,2640929.09,2638932,2642376,2739534.496,2737780,2741047,0,500
10000,0.95,1825,0.00845057918835862,0.00731052028110231,0.00971616055182274,9.03342366757001e-05,0.0685469149324571,92.6194968553459,1,751,10568.5157232704,10449,10690,10957.6100628931,10873,11070,318,318
20000,0.95,1825,0.00889066991488324,0.00789791586377916,0.0100548536435483,4.53802868034126e-05,0.0792124333439679,194.879271070615,1,1738,21139.5512528474,20956,21315,21916.7129840547,21767,22074,439,439
30000,0.95,1825,0.0117319070416422,0.0104716948602995,0.0131661289362464,3.03573054855651e-05,0.0829915854066041,385.688524590164,1,2732,31707.2643442623,31480,31899,32873.762295082,32699,33054,488,488
40000,0.95,1825,0.0193047744704447,0.0171580849359608,0.0212398336679889,2.28195883346264e-05,0.126346048549005,846.09696969697,1,5538,42276.1090909091,42044,42516,43830.9919191919,43617,44037,495,495
50000,0.95,1825,0.0280113690621781,0.0252931902455,0.0311142291043335,1.82238988209137e-05,0.160677421122824,1534.82530120482,1,8795,52845.6586345382,52579,53082,54791.4939759036,54558,55026,498,498
60000,0.95,1825,0.0440848514143403,0.0404136543918265,0.0480979429580362,3.04316732855556e-05,0.180415583625944,2898.46987951807,2,11869,63412.2148594378,63129,63729,65749.4116465863,65517,66011,485,498
70000,0.95,1825,0.0591936991324373,0.0543758960874496,0.063906022233826,0.00114906507886765,0.173797907589554,4540.594,88,13323,73979.446,73673,74241,76707.848,76437,76965,463,500
80000,0.95,1825,0.0823130413588483,0.077038337021983,0.087755245206324,0.00123099368545832,0.188813420248895,7216.14,108,16568,84543.092,84228,84864,87666.038,87398,87955,428,500
90000,0.95,1825,0.100481707966364,0.0952002997257391,0.105602344111751,3.03637578186676e-05,0.182905149381851,9910.216,3,18005,95108.032,94759,95451,98624.48,98300,98940,361,500
1e+05,0.95,1825,0.11210553075982,0.106455335938737,0.117375129524785,0.00109530024918081,0.183091262632256,12284.898,120,20056,105671.62,105328,106039,109582,109261,109901,310,500
150000,0.95,1825,0.162334295120224,0.159239925835431,0.165293463982904,0.00198326996197719,0.187114774426493,26683.496,326,30798,158493.792,158061,158937,164373.614,163994,164797,79,500
2e+05,0.95,1825,0.176963022012218,0.175688209425427,0.178124322580616,0.022903687758248,0.192343638162364,38784.35,5022,42190,211317.37,210813,211856,219165.36,218719,219633,20,500
250000,0.95,1825,0.180730230539953,0.179821777538811,0.181388420213056,0.0459612316208016,0.194379630542501,49512.268,12588,53233,264144.092,263591,264743,273956.616,273456,274468,3,500
3e+05,0.95,1825,0.183197217634549,0.182814931697428,0.18353039856828,0.139824671829817,0.192576203924624,60225.946,45984,63279,316972.51,316362,317606,328749.228,328198,329300,2,500
350000,0.95,1825,0.184416771967374,0.184105298585342,0.184711161646411,0.174804623837326,0.196674259562221,70731.36,67036,75376,369798.748,369146,370429,383540.744,382960,384170,0,500
4e+05,0.95,1825,0.185451733374977,0.18516929869822,0.185752882651891,0.177014829363097,0.194555821644429,81289.414,77601,85303,422624.646,421904,423326,438332.052,437682,438998,0,500
450000,0.95,1825,0.185973707195637,0.18571079709506,0.186238831277333,0.172035834121127,0.197108648708929,91708.068,84803,97213,475451.982,474709,476215,493124.118,492455,493820,0,500
5e+05,0.95,1825,0.186566219141964,0.186325007276289,0.186815611371294,0.177286310267482,0.194843243736595,102222.636,97060,106780,528279.812,527492,529080,547915.968,547219,548643,0,500
550000,0.95,1825,0.187150046104052,0.186881491156164,0.187412033824701,0.179744698072961,0.196869634458905,112796.882,108298,118674,581107.246,580301,581932,602708.114,601962,603493,0,500
6e+05,0.95,1825,0.187686369006795,0.187425446863585,0.187938195583601,0.177710779293011,0.195561829543588,123403.118,116944,128560,633931.734,633115,635046,657496.466,656829,658336,0,500
650000,0.95,1825,0.187941070885561,0.187682099786824,0.188214829732374,0.179667460833356,0.196416327457763,133867.446,127973,140080,686754.952,685859,687775,712284.35,711530,713196,0,500
7e+05,0.95,1825,0.188500349621331,0.188236197079287,0.188749442177892,0.181146510097291,0.197757938190047,144595.52,138991,151622,739589.404,738454,740611,767083.574,766053,767990,0,500
750000,0.95,1825,0.188982936497756,0.188753569244392,0.189230347788193,0.182241363779121,0.195704074695246,155319.426,149708,160912,792411.13,791529,793342,821870.27,821007,822762,0,500
8e+05,0.95,1825,0.18919246116832,0.188951846678801,0.189454312208848,0.180320163013653,0.197305029721757,165859.742,158049,173030,845246.874,844106,846215,876671.694,875905,877537,0,500
850000,0.95,1825,0.189450731775707,0.18919989482557,0.189692072459112,0.182478085802347,0.195994423512328,176466.144,170036,182481,898071.342,896933,899232,931461.83,930457,932370,0,500
9e+05,0.95,1825,0.189700566311895,0.189473352968053,0.18994379386664,0.18105032667481,0.197236941212011,187093.836,178598,194563,950902.456,949676,952216,986258.788,985342,987320,0,500
950000,0.95,1825,0.190191868285349,0.189952887559425,0.190439964215732,0.18204858601547,0.197020465566665,197996.56,189415,205092,1003714.256,1002703,1004736,1041035.772,1040202,1042101,0,500
1e+06,0.95,1825,0.190049522976865,0.189798287495884,0.19029430322152,0.182026129776613,0.197363821318162,208263.724,199499,216232,1056555.054,1055519,1057716,1095839.194,1094775,1096744,0,500
1100000,0.95,1825,0.19065722379854,0.190434001579118,0.190883317555555,0.183483940323466,0.197035788104154,229818.888,221202,237463,1162187.528,1160967,1163182,1205403.498,1204464,1206261,0,500
1200000,0.95,1825,0.190787275775236,0.190570656702191,0.191000678803496,0.184077199062013,0.19726900865303,250883.41,242012,259506,1267844.602,1266431,1269243,1314990.16,1313932,1316099,0,500
1300000,0.95,1825,0.191280297375336,0.191063126548986,0.19148880316556,0.183542224462375,0.196974981945481,272490.552,261457,280660,1373486.878,1371902,1374649,1424561.656,1423379,1425673,0,500
1400000,0.95,1825,0.191346193537895,0.191143682066854,0.191556077520947,0.182875295267574,0.197628932498224,293552.194,280645,303228,1479135.776,1477833,1480717,1534141.708,1533177,1535259,0,500
1500000,0.95,1825,0.191679298111693,0.191483827246408,0.191862185620379,0.184935603541486,0.198409966416136,315068.662,303940,326234,1584792.21,1583182,1586382,1643728.062,1642311,1644868,0,500
1600000,0.95,1825,0.191969476669925,0.19178539791957,0.192157892841188,0.185315790074028,0.196812342674874,336579.678,324929,345039,1690411.81,1688919,1691711,1753298.112,1752112,1754629,0,500
1700000,0.95,1825,0.192163187858424,0.191988411472654,0.192344996678792,0.18573215714278,0.197467525496511,357977.06,345928,367882,1796062.28,1794562,1797521,1862880.46,1861742,1864122,0,500
1800000,0.95,1825,0.192197114320177,0.192022304745465,0.192358884912138,0.185512536789031,0.196926989122588,379100.44,365904,388444,1901704.15,1900240,1903382,1972456.18,1971262,1973836,0,500
1900000,0.95,1825,0.192319355050842,0.19213948729293,0.19249237628685,0.183821042923568,0.196942285727191,400418.558,382686,409856,2007363.712,2005917,2009408,2082050.33,2080779,2083795,0,500
2e+06,0.95,1825,0.192293832386936,0.192125825962859,0.192464546419926,0.185470564144288,0.196973989189495,421440.068,406675,431792,2113045.512,2111275,2114673,2191646.966,2190180,2192886,0,500
2100000,0.95,1825,0.192336204739622,0.192169748138317,0.192485458043193,0.185265052850706,0.198011315379158,442609.394,426472,455787,2218678.106,2217152,2220410,2301227.58,2299821,2302714,0,500
2200000,0.95,1825,0.192491618928084,0.192334715710109,0.192639902623283,0.185747948962463,0.197496286954141,464060.288,447811,476049,2324332.64,2322565,2325708,2410807.628,2409555,2412047,0,500
2300000,0.95,1825,0.192681705308013,0.192532964356827,0.19283915501469,0.1860933188835,0.197477022443619,485631.736,468952,497634,2429976.402,2428367,2431951,2520383.258,2518858,2522105,0,500
2400000,0.95,1825,0.192791838819518,0.192632855819866,0.192941003426875,0.186446909006855,0.198359757767566,507035.87,490421,521464,2535632.404,2533748,2537383,2629965.236,2628317,2631278,0,500
2500000,0.95,1825,0.192724082302693,0.192560494248914,0.192886172080525,0.18596475471125,0.198121574436529,527977.294,509353,542612,2641286.198,2639304,2643233,2739550.144,2737958,2741151,0,500
10000,0.5,365,0.532809846726129,0.507602466881639,0.555453782025706,9.7904836498923e-05,0.661206473761648,5428.14465408805,1,6741,10100.5157232704,10052,10154,10187.6603773585,10147,10228,318,318
20000,0.5,365,0.570671944145571,0.555405008704657,0.58578430461984,4.90051945506224e-05,0.65297519850995,11627.1776765376,1,13322,20200.3690205011,20133,20278,20374.5261958998,20315,20436,435,439
30000,0.5,365,0.584661790488309,0.571912030492192,0.596054108326241,3.26786706316787e-05,0.651136177864966,17868.4918032787,1,19915,30299.6209016393,30211,30396,30561.7233606557,30486,30638,472,488
40000,0.5,365,0.601958021932347,0.591993374045223,0.61080957882894,2.45314493180257e-05,0.647079054684813,24529.0787878788,1,26340,40397.7353535354,40304,40513,40748.9757575758,40672,40841,437,495
50000,0.5,365,0.620097677963185,0.616179758299901,0.622909747880141,3.92811548659531e-05,0.647109594146609,31585.4738955823,2,32989,50496.0341365462,50377,50603,50936.3092369478,50834,51030,406,498
60000,0.5,365,0.617422077170939,0.611172304075039,0.621747738619726,3.27000425100553e-05,0.642602582965506,37739.0963855422,2,39308,60596.0321285141,60473,60716,61123.7851405622,61015,61224,343,498
70000,0.5,365,0.622409923322124,0.619523913030326,0.624148586857097,5.61088511712723e-05,0.642073247648815,44384.572,4,45810,70694.016,70558,70824,71310.832,71193,71429,329,500
80000,0.5,365,0.62262293430868,0.619874102118596,0.624315310608757,3.68211107701749e-05,0.642375003068162,50742.588,3,52342,80793.616,80652,80928,81498.058,81380,81619,290,500
90000,0.5,365,0.624328754896941,0.623810116448308,0.624859938931511,0.603984159366375,0.640513396508293,57242.186,55363,58737,90893.38,90729,91048,91685.938,91563,91805,263,500
1e+05,0.5,365,0.624539996448983,0.624010028157325,0.625119729378485,0.602620258883149,0.642972837664059,63623.374,61360,65499,100991.11,100829,101161,101872.364,101745,102000,236,500
150000,0.5,365,0.625386739152222,0.624943056835322,0.625815924903002,0.610658257991077,0.637814867439744,95564.86,93344,97409,151487.226,151270,151693,152809.236,152653,152968,125,500
2e+05,0.5,365,0.625917129203383,0.625565099327979,0.626272687344086,0.610070918505067,0.637871308989922,127527.93,124305,130002,201984.02,201734,202217,203745.772,203569,203928,73,500
250000,0.5,365,0.626180696622019,0.625842959407933,0.626505532976848,0.613483463787639,0.635839898208437,159477.092,156207,161951,252480.006,252210,252725,254682.26,254479,254884,47,500
3e+05,0.5,365,0.626307822566329,0.626012558253589,0.626623195273824,0.615011576042171,0.633972559718924,191411.5,188073,193794,302975.446,302666,303250,305618.924,305395,305845,27,500
350000,0.5,365,0.626455878663066,0.626183339685752,0.626698238616039,0.614892250386373,0.637155733038691,223366.172,219222,227204,353472.176,353135,353769,356555.342,356305,356784,7,500
4e+05,0.5,365,0.626521134004485,0.626276777379666,0.626776889871258,0.616102094086707,0.634780794344347,255302.484,251138,258597,403968.49,403615,404295,407492.238,407233,407752,5,500
450000,0.5,365,0.626569036574144,0.626333454576011,0.626811150723762,0.617471686669445,0.634841766146746,287236.91,283020,291054,454463.786,454104,454803,458428.196,458151,458699,4,500
5e+05,0.5,365,0.626829452003266,0.62662977621817,0.627038581840752,0.61971861403867,0.633557832169617,319285.028,315645,322754,504959.924,504563,505315,509365.066,509082,509637,4,500
550000,0.5,365,0.626745771091093,0.626530357000755,0.626954263774317,0.617909611376032,0.633424138128017,351166.428,346237,354829,555455.862,555046,555812,560301.252,559996,560584,0,500
6e+05,0.5,365,0.626736257087095,0.62651959083993,0.626951091454851,0.618389582344954,0.632864964966439,383080.148,378003,386852,605944.558,605518,606329,611230.25,610885,611526,0,500
650000,0.5,365,0.626886730937965,0.626692933645332,0.627083174260848,0.620361209752089,0.632958450861606,415103.022,410651,419178,656440.096,656026,656796,662165.898,661838,662466,1,500
7e+05,0.5,365,0.626870369666673,0.626695543120998,0.627053055348223,0.619643568355332,0.633483807544466,447021.878,441848,451724,706934.382,706588,707331,713101.012,712709,713408,0,500
750000,0.5,365,0.626878998266086,0.626709804561587,0.627066531162095,0.620623031591404,0.632270046081743,478958.174,474120,483103,757428.164,756954,757941,764036.098,763633,764406,0,500
8e+05,0.5,365,0.626950565075166,0.626773196460712,0.627140490898398,0.61951097406398,0.632150110754542,510949.158,504881,515117,807926.712,807478,808339,814975.224,814598,815333,0,500
850000,0.5,365,0.626889077596002,0.626719693953557,0.627050591989274,0.6195668864523,0.631679861026088,542832.944,536636,546892,858425.612,858043,858999,865915.492,865493,866368,0,500
9e+05,0.5,365,0.626982867665914,0.626825592159694,0.627128155454798,0.619388619808509,0.631285092904853,574851.738,567923,578795,908923.732,908443,909440,916853.992,916501,917257,0,500
950000,0.5,365,0.627060562753352,0.626908820924979,0.627225607935753,0.620884827353155,0.63196575474096,606857.868,600811,611677,959410.552,958790,959906,967781.936,967298,968169,0,500
1e+06,0.5,365,0.627102887860135,0.626956976721034,0.627258175133541,0.620828573559604,0.631828955300669,638846.828,632597,643514,1009915.668,1009452,1010430,1018727.312,1018369,1019142,0,500
1100000,0.5,365,0.627078407782059,0.626939129698319,0.627211314188488,0.62060526137341,0.631099998572265,702702.88,695524,707246,1110905.02,1110417,1111432,1120598.148,1120096,1121022,0,500
1200000,0.5,365,0.627077243609322,0.626940162547273,0.627224001356026,0.620720877675563,0.631777888841355,766585.654,758889,772363,1211899.938,1211215,1212445,1222474.096,1221995,1222907,0,500
1300000,0.5,365,0.62707414363468,0.626947256201775,0.627203951155969,0.620500146115701,0.630856519103585,830460.158,821724,835695,1312886.864,1312322,1313468,1324341.25,1323908,1324820,0,500
1400000,0.5,365,0.627112594411041,0.626991946243642,0.627237135476434,0.62108786786871,0.630824659278644,894400.316,885957,899614,1413883.422,1413379,1414531,1426219.698,1425787,1426711,0,500
1500000,0.5,365,0.627103078422049,0.6269778955582,0.627225254943854,0.622667660471962,0.632292473669884,958271.14,951519,966325,1514872.984,1514349,1515469,1528091.926,1527594,1528569,0,500
1600000,0.5,365,0.627145732511963,0.627031107733483,0.627267910083472,0.618948343615119,0.630986618831792,1022228.83,1008827,1028541,1615870.67,1615255,1616492,1629970.186,1629457,1630532,0,500
1700000,0.5,365,0.627138016590381,0.627025492160393,0.627253349011194,0.622878414604708,0.630398593884158,1086101.996,1078580,1091764,1716858.22,1716328,1717537,1731838.874,1731327,1732445,0,500
1800000,0.5,365,0.627103264984895,0.627005502567344,0.627202236465876,0.622627133296137,0.63022024130521,1149926.736,1141580,1155788,1817851.472,1817201,1818631,1833711.918,1833219,1834254,0,500
1900000,0.5,365,0.627164998424999,0.627071352321233,0.627264022195649,0.622083196181911,0.630422237755229,1213925.862,1203861,1220285,1918836.182,1917871,1919476,1935576.542,1935000,1936063,0,500
2e+06,0.5,365,0.62716252422246,0.627065138513955,0.627264231014495,0.620951883533234,0.630638195953981,1277812.882,1264992,1284931,2019829.638,2019175,2020641,2037450.996,2036917,2038208,0,500
2100000,0.5,365,0.62717968552457,0.627080585109569,0.627273811899179,0.622542645253749,0.629898372273488,1341744.186,1331864,1347563,2120827.992,2120043,2121555,2139329.78,2138717,2139962,0,500
2200000,0.5,365,0.627205760861481,0.627113185829599,0.627294820444912,0.621180793829125,0.629892889094142,1405691.294,1392214,1411694,2221815.622,2221046,2222498,2241196.406,2240635,2241760,0,500
2300000,0.5,365,0.627147266831817,0.627048510196675,0.627246298047515,0.622791860604553,0.631249223947353,1469451.488,1459400,1479390,2322806.188,2321952,2323478,2343072.468,2342376,2343591,0,500
2400000,0.5,365,0.627171668102466,0.62708560338242,0.627262676705217,0.623214335383442,0.630043355556465,1533395.188,1523602,1540393,2423798.052,2423093,2424720,2444936.966,2444372,2445688,0,500
2500000,0.5,365,0.627192972175871,0.627098206166865,0.627286871878548,0.622224840174041,0.629962950631206,1597342.636,1584508,1604435,2524793.106,2523959,2525554,2546812.086,2546163,2547503,0,500
10000,0.65,365,0.207580292175454,0.196443156040703,0.218005805284528,9.7904836498923e-05,0.342703232125367,2114.7893081761,1,3499,10106.8805031447,10060,10158,10187.786163522,10147,10228,83,318
20000,0.65,365,0.195397546564559,0.188443850004885,0.202228129514469,4.90051945506224e-05,0.295851902639698,3981.15945330296,1,6041,20214.6719817768,20147,20287,20374.7539863326,20315,20436,52,439
30000,0.65,365,0.194030338863728,0.189463376311246,0.198422873957414,3.26786706316787e-05,0.280747088839461,5930,1,8583,30321.8032786885,30251,30401,30562.0901639344,30487,30638,24,488
40000,0.65,365,0.196356878961174,0.191982686460698,0.200236644867829,2.45314493180257e-05,0.26914204378129,8001.4,1,10967,40428.8525252525,40326,40533,40749.404040404,40672,40842,20,495
50000,0.65,365,0.196145670282359,0.193390676665102,0.198564711517071,1.96278558530266e-05,0.262911074483949,9990.96987951807,1,13399,50535.5883534137,50411,50636,50937.0220883534,50835,51031,4,498
60000,0.65,365,0.198632315324254,0.195969478873537,0.200923671175344,3.27000425100553e-05,0.257813778432335,12141.3313253012,2,15755,60641.8634538153,60523,60746,61124.5742971888,61017,61224,3,498
70000,0.65,365,0.196654038014559,0.194811209134684,0.198499040605915,0.120785689231848,0.253156397572972,14023.74,8609,18066,70749.528,70628,70881,71311.778,71195,71429,0,500
80000,0.65,365,0.197833774948501,0.195950906803216,0.199619595244147,0.130637483437209,0.254039926870268,16123.298,10648,20707,80857.502,80714,80987,81499.168,81381,81622,0,500
90000,0.65,365,0.196201229469727,0.194190829582251,0.197958759942278,0.117430191972077,0.255327037578243,17989.182,10766,23414,90965.558,90820,91109,91687.188,91566,91805,0,500
1e+05,0.65,365,0.196733265658595,0.195020193646635,0.198433302893942,0.137738126785031,0.254101899827288,20041.95,14034,25894,101072.812,100917,101209,101873.758,101746,102000,0,500
150000,0.65,365,0.19572641008981,0.194260097895721,0.19723322593826,0.137728117717906,0.239587968901338,29909.246,21041,36610,151610.458,151432,151773,152811.336,152655,152968,0,500
2e+05,0.65,365,0.197177834703628,0.195812945781122,0.198503520615707,0.152603328492366,0.235573928863912,40174.724,31103,48038,202147.996,201929,202363,203748.534,203571,203930,0,500
250000,0.65,365,0.19619466733005,0.194981159679514,0.197315959396624,0.152859840528901,0.228082646380784,49968.002,38936,58076,252688.446,252438,252920,254685.644,254487,254887,0,500
3e+05,0.65,365,0.197483908717219,0.196455039095071,0.198524734597007,0.15442826762637,0.229937160437259,60355.688,47201,70255,303226.31,302933,303489,305623.066,305396,305847,0,500
350000,0.65,365,0.196763349526427,0.195819981403503,0.197800690808527,0.164567222872017,0.230867844289036,70157.992,58672,82300,353765.46,353448,354034,356560.316,356310,356791,0,500
4e+05,0.65,365,0.196735747124119,0.19581241391311,0.197670517634259,0.159882493840007,0.228917111184175,80169.406,65147,93297,404303.958,403977,404602,407497.846,407243,407756,0,500
450000,0.65,365,0.196931701130626,0.195972874516475,0.197753436263764,0.165776870534663,0.225682546399196,90280.282,76014,103468,454841.618,454501,455154,458434.696,458156,458702,0,500
5e+05,0.65,365,0.196637776962254,0.195770114845972,0.197535877997296,0.167683986296125,0.222062969740283,100161.802,85409,113102,505380.526,505019,505747,509372.178,509088,509647,0,500
550000,0.65,365,0.197331623547031,0.196576231521248,0.198107567400162,0.16494402069673,0.222977266560996,110566.734,92447,124919,555916.792,555537,556282,560309.156,560003,560594,0,500
6e+05,0.65,365,0.196775629518229,0.19592164707666,0.197585783723708,0.159887807216928,0.219526761798639,120276.994,97706,134164,606449.512,606053,606794,611239.406,610836,611556,0,500
650000,0.65,365,0.19713131847131,0.19645715093706,0.19779393735937,0.17491366436086,0.217390384929098,130535.492,115835,143922,656985.998,656498,657462,662175.29,661776,662535,0,500
7e+05,0.65,365,0.197240413127941,0.196500413943665,0.197915075017337,0.164413754425322,0.220578790759765,140654.242,117264,157304,707521.908,707120,707903,713110.522,712760,713409,0,500
750000,0.65,365,0.197210079564756,0.196466376038557,0.197941648436424,0.164449324850501,0.218364598452733,150677.466,125648,166843,758057.862,757528,758507,764045.458,763614,764392,0,500
8e+05,0.65,365,0.197617087871618,0.196943222651222,0.198270301133936,0.1775198830761,0.220731259945599,161055.206,144659,179909,808599.148,808227,809006,814986.244,814583,815349,0,500
850000,0.65,365,0.197530253083531,0.196849068050854,0.198195056018241,0.172372924625182,0.222372717741228,171047.006,149221,192581,859141.324,858596,859627,865927.974,865497,866268,0,500
9e+05,0.65,365,0.197545348912482,0.196891433279042,0.198221592440498,0.175151720774864,0.214153506528352,181122.762,160553,196346,909681.584,909280,910186,916866.74,916517,917217,0,500
950000,0.65,365,0.197595826877468,0.196962689659689,0.198188115080734,0.175167639613576,0.216319242441934,191232.562,169536,209341,960211.384,959747,960612,967796.828,967433,968143,0,500
1e+06,0.65,365,0.197913838361008,0.197291077499718,0.198580401856042,0.175882203405634,0.218906957181516,201623.07,179196,223020,1010756.238,1010262,1011206,1018741.96,1018196,1019100,0,500
1100000,0.65,365,0.197849920070062,0.197308547451331,0.198441894720777,0.176494991417427,0.215726454229349,221713.206,197829,241712,1111829.896,1111382,1112479,1120613.026,1120270,1121179,0,500
1200000,0.65,365,0.197704265794138,0.197169600483129,0.198233060644306,0.177284980875826,0.21309160523926,241691.91,216691,260464,1212909.892,1212439,1213439,1222491.828,1222076,1222848,0,500
1300000,0.65,365,0.198304088048626,0.197754474168893,0.198844492934532,0.176912036614102,0.212721159101684,262626.164,234323,281773,1313979.332,1313385,1314478,1324360.86,1323902,1324823,0,500
1400000,0.65,365,0.198008119488964,0.197432425762949,0.198564636481078,0.177212012776686,0.214685815290058,282407.044,252766,306195,1415059.998,1414571,1415712,1426239.688,1425791,1426731,0,500
1500000,0.65,365,0.198262336244365,0.197747386771911,0.198782126154929,0.179939966351317,0.213275700922345,302967.026,274974,325852,1516130.268,1515504,1516748,1528111.974,1527692,1528693,0,500
1600000,0.65,365,0.198367053448729,0.197873081389537,0.198907834605464,0.175320325239163,0.212504578504558,323336.866,285783,346361,1617211.788,1616575,1617796,1629992.664,1629443,1630555,0,500
1700000,0.65,365,0.198381525813192,0.19786845076069,0.198838320813235,0.180625060266286,0.211136805212727,343569.334,312824,365671,1718284.356,1717666,1718998,1731861.346,1731332,1732341,0,500
1800000,0.65,365,0.198280995654363,0.197823992612752,0.198730597757634,0.180715513443006,0.212065244130936,363595.324,331399,388779,1819356.646,1818724,1819900,1833737.558,1833278,1834321,0,500
1900000,0.65,365,0.198821764223406,0.198351366579422,0.199276438024235,0.176298387442605,0.213695013677965,384840.656,341225,413627,1920428.74,1919642,1921019,1935605.98,1935010,1936254,0,500
2e+06,0.65,365,0.198708049869787,0.198275122085936,0.199159154564709,0.179262590033982,0.21138315921415,404863.842,365259,430712,2021506.652,2020870,2022238,2037481.166,2037023,2038106,0,500
2100000,0.65,365,0.198389151680677,0.197990528642531,0.198826642968284,0.184029598636728,0.210402381853789,424425.608,393742,450158,2122587.992,2121868,2123331,2139358.804,2138778,2139991,0,500
2200000,0.65,365,0.198828340541828,0.198407709907447,0.199253269974332,0.184033221992481,0.211109946032051,445619.676,412449,473128,2223653.918,2222847,2224288,2241228.26,2240573,2241764,0,500
2300000,0.65,365,0.198674492296514,0.198208271847919,0.199080106048033,0.181947296029129,0.210203702715681,465515.332,426346,492481,2324729.042,2323967,2325459,2343105.362,2342516,2343687,0,500
2400000,0.65,365,0.198693175119153,0.198269562730568,0.199102306477826,0.183482579493983,0.210983818645799,485799.194,448545,515824,2425801.116,2425143,2426561,2444971.79,2444374,2445724,0,500
2500000,0.65,365,0.198966461853106,0.198590299517971,0.199358294282179,0.183043890042439,0.210631280112144,506737.196,466163,536421,2526879.862,2526088,2527756,2546847.412,2546164,2547600,0,500
10000,0.8,365,0.0447224431777782,0.0407268617337796,0.049236351953601,9.7904836498923e-05,0.123294394816924,455.606918238994,1,1256,10110.2735849057,10064,10155,10187.8081761006,10147,10228,227,318
20000,0.8,365,0.0505698222807772,0.0478500766828824,0.0533589009357138,4.89715964740451e-05,0.093614931237721,1030.34851936219,1,1906,20220.6332574032,20151,20291,20374.7949886105,20315,20436,177,439
30000,0.8,365,0.0502910962983471,0.0483922345736374,0.0521092746342112,3.26786706316787e-05,0.0806092368162463,1537.01024590164,1,2461,30330.6782786885,30262,30412,30562.2110655738,30487,30639,105,488
40000,0.8,365,0.0565826273194794,0.055149670309219,0.0580560651393488,2.45314493180257e-05,0.0753953659433615,2305.71313131313,1,3075,40440.8868686869,40348,40543,40749.5353535354,40672,40843,42,495
50000,0.8,365,0.0552766779242847,0.0541741031562152,0.0562546204721308,1.96278558530266e-05,0.0719352563097664,2815.65060240964,1,3671,50551.1265060241,50440,50657,50937.2148594378,50835,51032,22,498
60000,0.8,365,0.0581252660434956,0.0575086353372693,0.0586531563590055,3.27171601504989e-05,0.070938702021442,3552.87951807229,2,4334,60661.2269076305,60547,60768,61124.797188755,61017,61224,5,498
70000,0.8,365,0.0561415258985899,0.0556846241749428,0.0565576926395941,0.00584819925950858,0.0661384194656756,4003.556,417,4716,70771.288,70648,70898,71312.032,71196,71429,2,500
80000,0.8,365,0.0573491541570513,0.0568900672129245,0.0577782413843241,0.00607645282462989,0.0710035213427727,4673.922,495,5787,80881.344,80750,81006,81499.466,81381,81622,2,500
90000,0.8,365,0.0556698405992936,0.0553067942635447,0.0560171457879182,0.00400239925841104,0.0670883315158124,5104.226,367,6152,90992.542,90849,91124,91687.5,91566,91805,1,500
1e+05,0.8,365,0.0568439186656811,0.0564428792597117,0.0572176436780933,0.00519141502860676,0.069745060297757,5790.916,529,7102,101101.744,100924,101248,101874.064,101746,102000,1,500
150000,0.8,365,0.0555154279243508,0.0552773104226116,0.0557812005943435,0.0486965623262356,0.0669198036006547,8483.398,7444,10222,151653.454,151463,151819,152811.742,152655,152968,0,500
2e+05,0.8,365,0.0560968385226202,0.0558608565010258,0.0563242968595726,0.0490140264431335,0.0648983339634778,11429.67,9987,13217,202203.466,201964,202407,203749.098,203571,203931,0,500
250000,0.8,365,0.0555690645223316,0.0553327799104982,0.0558131987433842,0.0494254182256475,0.0629218247564753,14152.672,12589,16026,252755.642,252507,252984,254686.378,254489,254888,0,500
3e+05,0.8,365,0.0561256046616598,0.0559165990144621,0.0563404469943025,0.0498604352848396,0.0628094413775275,17153.318,15237,19194,303306.684,303038,303560,305623.938,305397,305848,0,500
350000,0.8,365,0.055984224060777,0.0557925227814623,0.0561785684909386,0.0486516938962557,0.0646432186731498,19961.802,17358,23053,353857.976,353561,354128,356561.366,356311,356792,0,500
4e+05,0.8,365,0.056213394328397,0.0560261733749885,0.0563965969568614,0.0512332383115895,0.0627235172689718,22906.886,20884,25554,404408.932,404107,404696,407498.94,407243,407760,0,500
450000,0.8,365,0.0559822095335277,0.0557919707514401,0.0561835549588072,0.0499408635234866,0.0627090355728638,25664.246,22886,28743,454960.382,454650,455279,458435.952,458157,458703,0,500
5e+05,0.8,365,0.0562298187648799,0.0560465282525793,0.0564190456626127,0.0509323794228632,0.0625007362035456,28641.986,25942,31836,505510.698,505175,505836,509373.56,509091,509650,0,500
550000,0.8,365,0.0561372161825779,0.0559733362019831,0.0563113306025801,0.0503306175990291,0.062131903619187,31454.27,28201,34824,556061.582,555712,556399,560310.614,560005,560595,0,500
6e+05,0.8,365,0.0562157086863613,0.056044216366299,0.0563898598495482,0.050899731994725,0.0652465843274073,34361.342,31109,39890,606605.964,606242,606997,611241.12,610897,611522,0,500
650000,0.8,365,0.0561283321221454,0.055974434145238,0.0562879726699837,0.0508702706132228,0.0614818707304256,37166.866,33675,40716,657155.902,656709,657553,662176.718,661823,662495,0,500
7e+05,0.8,365,0.0561944392165016,0.0560321763876714,0.0563514698909839,0.0508383781866014,0.0638672006461601,40072.932,36253,45546,707704.654,707323,708128,713111.992,712806,713433,0,500
750000,0.8,365,0.0561079442269421,0.0559595681773805,0.0562555507239811,0.051802833341621,0.0619170652153996,42869.128,39587,47306,758255.062,757733,758762,764047.612,763615,764479,0,500
8e+05,0.8,365,0.056280642570817,0.0561328363076836,0.0564440702155251,0.0514268180423443,0.0615918687394853,45868.09,41900,50193,808809.606,808420,809251,814988.544,814636,815344,0,500
850000,0.8,365,0.0561967945770172,0.0560553007730875,0.0563487241752264,0.0516557346943725,0.0609366429359154,48662.476,44724,52769,859365.452,858916,859782,865929.97,865588,866273,0,500
9e+05,0.8,365,0.0562207031704918,0.0560585840769746,0.0563577576520794,0.0510181158313958,0.0613150037187045,51547.04,46783,56225,909919.372,909479,910374,916869.374,916512,917223,0,500
950000,0.8,365,0.0561888663559879,0.0560509530347834,0.0563194380109631,0.0510448890018536,0.0621429582507189,54379.568,49404,60145,960463.324,960018,960929,967799.594,967381,968197,0,500
1e+06,0.8,365,0.0562235447788101,0.0560773505199703,0.0563767788585127,0.05140614357249,0.0610381910771007,57277.418,52377,62184,1011022.174,1010488,1011475,1018744.39,1018196,1019102,0,500
1100000,0.8,365,0.0562575942060155,0.0561274167481726,0.05639888834579,0.0524257894079217,0.0615548664867156,63043.196,58741,68983,1112123.084,1111646,1112672,1120616.748,1120256,1121121,0,500
1200000,0.8,365,0.0561854394221563,0.0560511438206348,0.056315175226193,0.0525383673399271,0.060457964067938,68686.438,64226,73915,1213230.084,1212728,1213815,1222495.332,1222074,1222997,0,500
1300000,0.8,365,0.0562848032049247,0.0561643360378163,0.0564031612185225,0.0521150694449689,0.0618491618677384,74541.62,69004,81904,1314327.582,1313645,1314896,1324364.936,1323866,1324847,0,500
1400000,0.8,365,0.0562258458024581,0.0561067877858017,0.0563406840269782,0.0528628800676564,0.0606157712497037,80191.77,75384,86445,1415434.916,1414915,1416005,1426243.996,1425744,1426701,0,500
1500000,0.8,365,0.0561810761986023,0.0560635109586966,0.0563035578599915,0.0521869392274739,0.0607342968606813,85851.196,79743,92785,1516531.108,1515936,1517085,1528116.08,1527641,1528660,0,500
1600000,0.8,365,0.0563037627420718,0.0561872890436082,0.0564202619304502,0.0511675050909812,0.060369028863662,91774.926,83395,98402,1617648.732,1617049,1618277,1629996.286,1629394,1630588,0,500
1700000,0.8,365,0.0562447667941264,0.0561316119734368,0.0563714065063912,0.0525584290501916,0.0603982740380395,97408.4,91023,104590,1718740.168,1718169,1719342,1731866.02,1731397,1732354,0,500
1800000,0.8,365,0.0562519079521359,0.056137305476827,0.0563551624563766,0.0523794125073004,0.0601905150406755,103151.512,96053,110369,1819845.596,1819123,1820521,1833742.442,1833215,1834280,0,500
1900000,0.8,365,0.0562473065717668,0.0561387100654379,0.0563477063847623,0.0520012689411162,0.0603794776628326,108872.894,100647,116871,1920945.072,1920176,1921635,1935610.836,1935042,1936216,0,500
2e+06,0.8,365,0.0563345287708237,0.0562273984816187,0.0564479149565855,0.0530961332691987,0.0604059162123518,114780.87,108177,123066,2022049.398,2021270,2022970,2037487.47,2036958,2038271,0,500
2100000,0.8,365,0.0563079097842529,0.0561924303694644,0.0564151297227467,0.0525677600422947,0.0606242185582912,120463.114,112457,129704,2123150.636,2122320,2123919,2139364.25,2138760,2139937,0,500
2200000,0.8,365,0.0562122410899058,0.0561032907315647,0.0563158360817965,0.0530148415141182,0.0609434624922629,125984.79,118814,136564,2224250.892,2223567,2224952,2241233.98,2240682,2241917,0,500
2300000,0.8,365,0.0563215419652682,0.0562169795432927,0.056419782332302,0.0521344470531396,0.0601549872792976,131967.688,122152,140945,2325355.936,2324488,2326118,2343112.14,2342378,2343688,0,500
2400000,0.8,365,0.0561979965567687,0.0561007862584357,0.0563006626234372,0.0524931301993899,0.0597829199605309,137402.806,128333,146136,2426448.448,2425706,2427146,2444977.024,2444362,2445510,0,500
2500000,0.8,365,0.0562718074042558,0.056171114490046,0.056367950575241,0.0534614842410275,0.0597700662035325,143316.088,136144,152234,2527553.456,2526795,2528280,2546853.956,2546202,2547409,0,500
10000,0.95,365,0.00905281608304549,0.00789203323490675,0.0102362426858623,9.7904836498923e-05,0.0693341178778072,92.2264150943396,1,707,10110.9748427673,10067,10157,10187.8050314465,10147,10228,315,318
20000,0.95,365,0.00917144952417319,0.00814650648947503,0.0102171499408555,4.90051945506224e-05,0.0530087366251104,186.867881548975,1,1080,20222.1275626424,20150,20292,20374.8291571754,20315,20436,425,439
30000,0.95,365,0.0108892859595368,0.00986038399148369,0.0119025870098361,3.26786706316787e-05,0.0402988008649499,332.793032786885,1,1230,30332.9262295082,30260,30410,30562.2172131148,30487,30639,439,488
40000,0.95,365,0.0152136802219033,0.0140149506667638,0.0164595708616076,2.45314493180257e-05,0.0451981557779086,619.965656565657,1,1843,40444.0121212121,40348,40547,40749.5474747475,40672,40843,384,495
50000,0.95,365,0.0176278823950843,0.0163926477753673,0.0187965661253903,1.96278558530266e-05,0.0416339355852317,897.929718875502,1,2120,50554.8995983936,50449,50662,50937.2469879518,50835,51032,323,498
60000,0.95,365,0.0210638977922746,0.0198574902938071,0.0223312334026831,3.27171601504989e-05,0.0428711576193591,1287.50401606426,2,2622,60665.5361445783,60550,60783,61124.8253012048,61017,61224,272,498
70000,0.95,365,0.0239674025692931,0.0228612663648632,0.0251310194592067,0.00123501838493278,0.0405492594254937,1709.156,88,2891,70775.776,70649,70899,71312.062,71196,71429,205,500
80000,0.95,365,0.0278566538628849,0.0267416107615848,0.0289663387270111,0.00132582035134239,0.0446902003142184,2270.282,108,3641,80885.862,80753,81000,81499.504,81381,81623,136,500
90000,0.95,365,0.029045360586904,0.0280995743829011,0.0299057763295274,3.26840109818277e-05,0.0410271514437499,2663.138,3,3761,90996.998,90864,91131,91687.532,91566,91805,93,500
1e+05,0.95,365,0.0302475047355651,0.0293400531830521,0.0311183972228139,0.00117776381909548,0.0415194693044434,3081.448,120,4231,101106.818,100925,101245,101874.11,101746,102000,83,500
150000,0.95,365,0.0332482471378913,0.0327967579508993,0.0336202781536742,0.00213441581824729,0.0400217253316058,5080.714,326,6116,151660.848,151476,151819,152811.804,152655,152968,16,500
2e+05,0.95,365,0.0345924350842573,0.0344223486078986,0.0347706187314584,0.0246503934147814,0.0399628891485121,7048.178,5022,8141,202214.368,201994,202422,203749.194,203571,203931,1,500
250000,0.95,365,0.0345997785024257,0.0344626979117752,0.0347316256300837,0.0293563727105796,0.0398062102242167,8812.094,7482,10139,252766.884,252532,252990,254686.456,254490,254888,0,500
3e+05,0.95,365,0.0347706537241359,0.0346495681094646,0.034905817853399,0.030336236985087,0.0385266044298724,10626.748,9274,11774,303320.968,303045,303577,305624.058,305397,305848,0,500
350000,0.95,365,0.0347971238447706,0.0346736325914858,0.034935392250754,0.0310277993599219,0.0384354313923483,12407.32,11062,13703,353874.636,353578,354151,356561.53,356311,356792,0,500
4e+05,0.95,365,0.0349327264656844,0.0348181071383968,0.0350488732966971,0.031518462882782,0.0396950797630906,14235.042,12841,16179,404428.352,404117,404725,407499.086,407243,407760,0,500
450000,0.95,365,0.0349008918903386,0.0347875344447266,0.0350217258013944,0.0313477914799429,0.039003789126494,15999.826,14375,17880,454981.778,454663,455290,458436.13,458157,458703,0,500
5e+05,0.95,365,0.0348871332533359,0.034784997300006,0.0349955068129268,0.0313136466202296,0.0390370290402677,17770.582,15959,19888,505535.53,505190,505858,509373.76,509091,509650,0,500
550000,0.95,365,0.0349841174339675,0.0348861805043131,0.0350836640508822,0.0320339506338082,0.0382830874873746,19601.982,17950,21453,556088.672,555726,556427,560310.872,560005,560595,0,500
6e+05,0.95,365,0.0349782701721022,0.0348848553898707,0.0350811097527001,0.0320566303810805,0.0390101439790576,21380.166,19595,23843,606635.602,606277,607081,611241.522,610921,611527,0,500
650000,0.95,365,0.034945338683531,0.0348564129487808,0.0350335722033111,0.0319602422924125,0.0378002824410763,23139.996,21158,25027,657187.218,656743,657615,662176.946,661813,662513,0,500
7e+05,0.95,365,0.0349099338434824,0.0348240786457587,0.0349938896375186,0.0322120291139099,0.0380486300025241,24894.708,22978,27134,707739.442,707332,708117,713112.508,712763,713438,0,500
750000,0.95,365,0.0349807496897759,0.0348889227588187,0.0350710501925754,0.0317305553010771,0.038014298391889,26726.972,24245,29043,758289.932,757816,758744,764047.782,763650,764411,0,500
8e+05,0.95,365,0.035002979550587,0.0349183953210246,0.0350856777943705,0.0324336662191647,0.0377654105597393,28527.03,26430,30781,808846.832,808448,809282,814988.732,814616,815356,0,500
850000,0.95,365,0.0349665966873873,0.0348850382411877,0.0350445595744545,0.0319993718368115,0.0376377738153531,30278.632,27712,32591,859403.714,858928,859828,865930.212,865573,866281,0,500
9e+05,0.95,365,0.0350429580974646,0.0349548744673386,0.0351245328562524,0.0322926505779672,0.0383606925551736,32129.828,29607,35186,909959.434,909532,910450,916869.672,916498,917241,0,500
950000,0.95,365,0.0350104180617919,0.0349347576314687,0.0350870434369051,0.0322097060977966,0.0376865208944736,33883.084,31176,36470,960506.12,960065,961045,967800.092,967418,968168,0,500
1e+06,0.95,365,0.0349652784453689,0.0348821134852164,0.0350470444618503,0.0323737194297279,0.0379580137128121,35620.682,32985,38681,1011066.776,1010523,1011508,1018744.462,1018230,1019083,0,500
1100000,0.95,365,0.0349794369596095,0.0349004446781514,0.035055461230953,0.0325639250174893,0.0377709558528249,39198.558,36494,42325,1112171.08,1111662,1112686,1120617.096,1120238,1121111,0,500
1200000,0.95,365,0.0349722039570604,0.0349030831341532,0.0350379286886109,0.0329818022973311,0.0378404771894698,42753.358,40319,46266,1213281.046,1212793,1213843,1222495.506,1222091,1222970,0,500
1300000,0.95,365,0.0350319395837797,0.0349723142509198,0.0350967914570008,0.0328446483023393,0.0371351943968759,46395.088,43494,49182,1314382.772,1313772,1314891,1324365.166,1323908,1324791,0,500
1400000,0.95,365,0.0349926431486103,0.0349191237649942,0.0350581193681543,0.0324738476597696,0.0371270450164807,49908.012,46313,52951,1415492.888,1415012,1416017,1426243.31,1425763,1426647,0,500
1500000,0.95,365,0.035019543034202,0.0349555837209944,0.0350820712371267,0.0325945190006538,0.0378470463348006,53513.926,49807,57829,1516596.662,1516093,1517249,1528116.406,1527610,1528614,0,500
1600000,0.95,365,0.0350476659563649,0.0349852428815861,0.035108916533137,0.03294931525843,0.0371568153544534,57127.616,53706,60572,1617710.494,1617008,1618407,1629997.612,1629422,1630675,0,500
1700000,0.95,365,0.0349495593536058,0.0348895279333617,0.0350107632705575,0.0330835455961269,0.0376660254437115,60527.97,57292,65222,1718808.212,1718207,1719453,1731866.484,1731376,1732374,0,500
1800000,0.95,365,0.0350108150449161,0.0349527433730066,0.0350756542244863,0.0327637937747647,0.0372427444949776,64200.848,60081,68295,1819914.664,1819293,1820625,1833743.178,1833242,1834192,0,500
1900000,0.95,365,0.0349500535788405,0.0348908985981766,0.0350065403977132,0.0328952840604104,0.0373555334766567,67649.69,63673,72301,1921015.608,1920135,1921845,1935610.35,1935080,1936335,0,500
2e+06,0.95,365,0.0349675979619804,0.0349079654119243,0.0350278928020373,0.0330855142654655,0.0370373278706064,71246.046,67412,75466,2022127.448,2021531,2022905,2037487.468,2036938,2038214,0,500
2100000,0.95,365,0.0349979466287177,0.0349401889935777,0.0350520838903866,0.0329998167559825,0.0370091291117229,74873.388,70594,79174,2123233.856,2122470,2123934,2139365.158,2138747,2139950,0,500
2200000,0.95,365,0.0349610011718401,0.0349029685235504,0.0350135800360798,0.0330766903766923,0.0368988824198621,78355.83,74133,82707,2224339.044,2223605,2225018,2241235.354,2240645,2241817,0,500
2300000,0.95,365,0.0349404658783669,0.0348885328295534,0.0349913201026291,0.0327186947690635,0.0364416580956567,81869.432,76660,85389,2325445.704,2324653,2326109,2343112.3,2342442,2343652,0,500
2400000,0.95,365,0.0349868588995171,0.0349331887275911,0.0350463744359907,0.0334006366545123,0.0371509606991544,85542.126,81653,90826,2426544.154,2425694,2427259,2444978.776,2444226,2445573,0,500
2500000,0.95,365,0.0349673726282612,0.0349202641197951,0.0350157503958222,0.0334589000886284,0.0368297506070687,89056.816,85206,93793,2527653.894,2526761,2528387,2546854.566,2546142,2547464,0,500
