"initpop","d","ts","mean.propinf.boot","lowCI95.propinf.boot","highCI95.propinf.boot","min.propinf","max.propinf","mean.inf","min.inf","max.inf","mean.curpop","min.curpop","max.curpop","mean.alltimepop","min.alltimepop","max.alltimepop","zeroevent","N"
10000,0,1825,0.0292812399910311,0.0257215850534556,0.0331890190136505,9.01875901875902e-05,0.157899551733602,321.364779874214,1,1726,10975.4779874214,10886,11088,10976.0408805031,10886,11088,318,318
20000,0,1825,0.0475144388497746,0.0429769493242458,0.0522721661219035,4.52550119925782e-05,0.231032437611205,1043.05011389522,1,5064,21951.1002277904,21808,22100,21953.145785877,21808,22109,439,439
30000,0,1825,0.0724372086217269,0.0667134876496236,0.0783001748454258,3.03030303030303e-05,0.223789160828557,2385.38114754098,1,7379,32925.137295082,32740,33111,32929.643442623,32749,33119,472,488
40000,0,1825,0.119008679459946,0.111984828975086,0.126125410007783,2.27738556137554e-05,0.239561289735363,5224.85858585859,1,10528,43894.5373737374,43680,44104,43904.5474747475,43687,44110,426,495
50000,0,1825,0.149188371210156,0.142408956892949,0.155601283391626,1.81940578207158e-05,0.230895256125532,8187.97389558233,1,12684,54867.859437751,54627,55103,54883.2329317269,54649,55117,309,498
60000,0,1825,0.174939201423577,0.169034159857149,0.18067972482986,3.03831312855103e-05,0.244742831133364,11521.3795180723,2,16131,65837.8373493976,65594,66104,65859.7991967871,65625,66120,236,498
70000,0,1825,0.192540972653795,0.187675640397556,0.197123580009869,0.00196594104780752,0.233827615758174,14794.244,151,18008,76809.21,76537,77083,76837.096,76562,77113,145,500
80000,0,1825,0.207347506319793,0.203855434660785,0.210875466100221,0.00128757320936168,0.235737425404945,18207.922,113,20739,87779,87493,88082,87812.992,87530,88106,85,500
90000,0,1825,0.213509540227525,0.21110096336064,0.215774447145926,3.03094595823356e-05,0.234912158266833,21092.674,3,23226,98750.51,98442,99084,98790.248,98476,99119,43,500
1e+05,0,1825,0.220003964486774,0.218725337942938,0.221059928731686,0.00340951564821821,0.239231442002842,24148.852,374,26259,109720.198,109373,110053,109765.74,109426,110088,15,500
150000,0,1825,0.224375665892303,0.223935362847798,0.224832621140574,0.180314931950903,0.239149587735981,36943.252,29704,39359,164578.67,164186,165017,164649.19,164245,165080,2,500
2e+05,0,1825,0.226426799973853,0.226084860774623,0.226804238565616,0.21331163799783,0.238670075327765,49708.6,46801,52374,219439.44,218983,219910,219535.05,219087,220012,0,500
250000,0,1825,0.228261541375768,0.227947942444127,0.228606169654134,0.21794119469462,0.239671229679763,62639.156,59795,65726,274297.584,273766,274849,274418.346,273906,274959,0,500
3e+05,0,1825,0.229414001750387,0.229105552537358,0.229738819219536,0.219021161611561,0.239770718282392,75546.454,72139,78933,329156.766,328602,329740,329302.176,328741,329889,0,500
350000,0,1825,0.230485975358012,0.230153582658525,0.230799168242638,0.22035221788992,0.239514593206076,88549.606,84658,92034,384017.156,383419,384641,384186.518,383579,384818,0,500
4e+05,0,1825,0.231198959406356,0.230870894262693,0.231498202000633,0.219901834622086,0.24239580106067,101512.774,96549,106404,438877.698,438238,439551,439070.962,438423,439725,0,500
450000,0,1825,0.231478881319185,0.231206090673006,0.231768859187026,0.222615148206559,0.239821507821192,114339.968,110006,118396,493737.136,493056,494446,493954.372,493268,494674,0,500
5e+05,0,1825,0.23220806279419,0.231911556805771,0.232483585566028,0.221485652677511,0.241100049385956,127444.75,121616,132301,548595.628,547855,549330,548838.712,548115,549576,0,500
550000,0,1825,0.232199263417392,0.231918613885969,0.232459027075394,0.223221728545646,0.241124441603942,140183.522,134694,145630,603454.026,602884,604304,603720.748,603145,604568,0,500
6e+05,0,1825,0.232683429393114,0.232448187131313,0.232934883650426,0.223723557257867,0.240984699697579,153245.914,147311,158653,658311.056,657543,659034,658602.44,657831,659324,0,500
650000,0,1825,0.232944215372129,0.232701189131323,0.233195999963228,0.225103860978417,0.239919730865614,166202.996,160547,171087,713172.216,712320,713828,713488.33,712619,714156,0,500
7e+05,0,1825,0.233164920389503,0.232930983530718,0.233397577016171,0.223300895087427,0.242790003943551,179158.184,171638,186546,768034.564,767296,768710,768375.424,767647,769047,0,500
750000,0,1825,0.233407445323265,0.233206751889813,0.233618296318114,0.226388207819699,0.241472308605831,192154.368,186514,198858,822891.564,822064,823663,823257.4,822438,824003,0,500
8e+05,0,1825,0.233543223357088,0.233339748226956,0.233746513316595,0.225408076946285,0.241408124883309,205083.1,197982,212050,877747.496,876719,878865,878137.672,877148,879231,0,500
850000,0,1825,0.233762575593777,0.233553507983534,0.233966033502872,0.225917383278893,0.24050916496945,218106.844,210881,224371,932613.008,931739,933648,933027.316,932163,934051,0,500
9e+05,0,1825,0.233663465597775,0.233466380435156,0.233861496472114,0.225208274080694,0.241229019977697,230839,222506,238383,987473.83,986554,988378,987912.362,987003,988812,0,500
950000,0,1825,0.23390027166164,0.233721656601112,0.234086119295401,0.22606105947688,0.2395902820908,243908.134,235689,249977,1042323.728,1041157,1043272,1042786.992,1041644,1043717,0,500
1e+06,0,1825,0.233773047063679,0.233579551292138,0.233972150638056,0.224999065981781,0.241225032803616,256606.936,246916,264730,1097187.996,1096091,1098129,1097675.584,1096601,1098581,0,500
1100000,0,1825,0.233943609787168,0.233749638262395,0.234140974413828,0.225861062221762,0.241684003736856,282472.582,272699,291817,1206901.902,1205821,1208023,1207438.726,1206369,1208529,0,500
1200000,0,1825,0.234048978313342,0.233878288346523,0.234219249142527,0.228426858385749,0.24162300104919,308295.32,300885,318037,1316640.8,1315632,1317716,1317225.766,1316253,1318306,0,500
1300000,0,1825,0.234119936643156,0.233954946615714,0.234299245988499,0.22598745690326,0.240244585773121,334081.034,322358,343002,1426332.662,1425432,1427269,1426965.14,1426087,1427889,0,500
1400000,0,1825,0.23400094392779,0.233849253232057,0.234155138911029,0.228726970245681,0.239167994708664,359597.784,351412,367385,1536056.286,1534829,1537181,1536736.426,1535479,1537862,0,500
1500000,0,1825,0.234061584793868,0.233906440055002,0.234216985531982,0.229234131362377,0.240393112156123,385382.968,377514,395820,1645773.846,1644454,1647113,1646502.478,1645178,1647839,0,500
1600000,0,1825,0.234128290904343,0.233971913641055,0.234280823052501,0.228937937570769,0.238701633632505,411188.47,401950,419283,1755475.936,1754075,1756828,1756252.924,1754834,1757659,0,500
1700000,0,1825,0.234166903473258,0.23402972791436,0.234314028895945,0.229316110668446,0.238507621215182,436959.374,427955,445065,1865192.042,1864214,1866247,1866016.93,1865047,1867097,0,500
1800000,0,1825,0.234217388690791,0.23407804988188,0.234365567969025,0.228379334999436,0.239755972277398,462765.788,451339,473759,1974923.844,1973342,1976393,1975796.224,1974205,1977215,0,500
1900000,0,1825,0.234221271971206,0.234081150474969,0.234360110468391,0.228564387977542,0.239098170396726,488485.096,476754,498765,2084651.104,2083241,2085935,2085571.182,2084146,2086875,0,500
2e+06,0,1825,0.234288564776801,0.234160809589254,0.234417149090716,0.230431595386724,0.24107491794363,514342.058,506090,529266,2194367.72,2193052,2195685,2195335.668,2193989,2196674,0,500
2100000,0,1825,0.234123941927449,0.233994551961135,0.234250836302437,0.22860887969808,0.237940388338648,539678.71,526879,548489,2304085.518,2302601,2305841,2305098.306,2303611,2306837,0,500
2200000,0,1825,0.234077215808569,0.233937239336112,0.234219685301946,0.229000370956737,0.238773557949138,565267.896,553122,576588,2413816.884,2412478,2415056,2414878.062,2413628,2416092,0,500
2300000,0,1825,0.234151288783969,0.234020245346727,0.234288292227665,0.229680287187967,0.240153292453234,591145.274,580047,606413,2523521.484,2522103,2524740,2524629.544,2523201,2525842,0,500
2400000,0,1825,0.234162406629264,0.234034252682263,0.234287552365891,0.228754306989004,0.239729256030976,616879.38,602626,631642,2633251.974,2631837,2634909,2634408.208,2632892,2636090,0,500
2500000,0,1825,0.234218742217933,0.234092853401062,0.23434611113586,0.23062106108944,0.238738384140986,642737.668,632883,655069,2742970.88,2741460,2744671,2744177.004,2742759,2745884,0,500
10000,3e-06,1825,0.0299035423759842,0.026290382037342,0.0337578722867624,9.02201371346084e-05,0.158261507427104,328.072327044025,1,1726,10916.355345912,10839,11019,10973.4559748428,10886,11084,318,318
20000,3e-06,1825,0.0482735769220583,0.0433437621410671,0.0531422614245755,4.52632055402164e-05,0.21221908834501,1059.3986332574,1,4665,21832.9567198178,21710,22003,21947.9977220957,21803,22108,439,439
30000,3e-06,1825,0.0739049548925823,0.0686518823008985,0.0791246516992885,3.03085409468388e-05,0.231241826089601,2433.04508196721,1,7603,32746.0942622951,32587,32930,32921.3606557377,32744,33108,474,488
40000,3e-06,1825,0.115233470818682,0.108368847615004,0.121678846361433,2.2777486732114e-05,0.245808144177027,5058.05050505051,1,10775,43656.4808080808,43458,43861,43893.8646464646,43676,44103,430,495
50000,3e-06,1825,0.15139641295144,0.144376697438421,0.157437016070331,1.81967063961423e-05,0.232945121840086,8306.63654618474,1,12781,54568.8855421687,54355,54807,54869.6646586345,54638,55102,327,498
60000,3e-06,1825,0.180133784581893,0.174452825406883,0.185554339218468,3.0389594602808e-05,0.234129879605983,11860.6686746988,2,15402,65479.3032128514,65252,65742,65843.5361445783,65610,66104,199,498
70000,3e-06,1825,0.198637404887914,0.194847986999247,0.202261303393297,0.00254081592765841,0.235361474001978,15258.778,195,18088,76389.866,76131,76653,76817.926,76541,77081,133,500
80000,3e-06,1825,0.202277843000058,0.198206292216677,0.20597708730178,0.00111631297770791,0.236360328398262,17758.408,98,20786,87302.314,87029,87599,87791.412,87511,88082,104,500
90000,3e-06,1825,0.21094422497487,0.207801779003261,0.213634462008321,3.03158915903717e-05,0.23833048196552,20833.898,3,23543,98212.716,97880,98546,98765.594,98442,99094,50,500
1e+05,3e-06,1825,0.218694289934056,0.216966306361549,0.220249539926271,0.00336129860902358,0.238506324031319,23999.142,369,26136,109122.986,108835,109437,109738.478,109406,110057,14,500
150000,3e-06,1825,0.223519329060478,0.223019931438887,0.223982593671502,0.166026189739013,0.239616088752106,36793.094,27348,39396,163681.354,163316,164074,164608.21,164211,165030,2,500
2e+05,3e-06,1825,0.226140431825952,0.225808753189907,0.226493569854638,0.214960683760684,0.237472250459263,49633.498,47157,52095,218242.452,217844,218674,219480.998,219040,219950,0,500
250000,3e-06,1825,0.227707985989117,0.227383925192584,0.228041445247538,0.215209765986772,0.239078567291616,62471.69,59023,65634,272801.518,272337,273319,274350.112,273837,274883,0,500
3e+05,3e-06,1825,0.228831156717059,0.228485204544497,0.229191623337439,0.21830985915493,0.239175470677934,75336.176,71889,78738,327363.956,326823,327912,329221.646,328670,329804,0,500
350000,3e-06,1825,0.229529761591656,0.229211224221092,0.22986394347677,0.218615603827108,0.239927936746792,88160.58,83925,92158,381923.628,381368,382513,384091.934,383497,384730,0,500
4e+05,3e-06,1825,0.230306283713246,0.229987670851819,0.230633017150924,0.218286362828349,0.239631073976547,101095.81,95781,105199,436484.254,435915,437135,438962.504,438330,439623,0,500
450000,3e-06,1825,0.230858416646858,0.230566634964758,0.231151760319061,0.221204101014724,0.239650432606856,114005.362,109237,118383,491044.766,490409,491733,493832.762,493145,494566,0,500
5e+05,3e-06,1825,0.231396241326899,0.231146777294089,0.231644665698237,0.221126244593774,0.241620514017158,126967.926,121326,132539,545605.266,544918,546334,548703.742,547981,549455,0,500
550000,3e-06,1825,0.231838825695028,0.23158099577534,0.232088369942873,0.222852948535053,0.239745604785495,139931.23,134500,144604,600161.068,599485,601027,603571.282,602898,604338,0,500
6e+05,3e-06,1825,0.232126525094098,0.231856006898734,0.232384216147426,0.222798470721241,0.240302614315564,152842.496,146621,158246,654725.768,654037,655571,658444.876,657710,659204,0,500
650000,3e-06,1825,0.232239486081834,0.231961368866967,0.23249683752752,0.223023387837203,0.241057169897297,165658.568,159106,171928,709280.218,708467,710266,713309.234,712534,714201,0,500
7e+05,3e-06,1825,0.232437746920946,0.232209040093103,0.23265655353235,0.223834858203367,0.240875142850449,178556.318,171866,185061,763850.058,762800,764647,768190.018,767134,768942,0,500
750000,3e-06,1825,0.232978698539131,0.232759874673316,0.23319296050567,0.225595830613825,0.239485727267316,191753.374,185611,197131,818401.254,817622,819249,823051.242,822282,823862,0,500
8e+05,3e-06,1825,0.233027664060614,0.23282383456827,0.233237515838845,0.225091486019979,0.240083523945391,204580.248,197631,210868,872960.028,871973,874071,877922.334,876987,878956,0,500
850000,3e-06,1825,0.233083490462999,0.232873166965872,0.233308287459701,0.226730960135334,0.240864416065633,217418.536,211496,224654,927522.034,926270,928576,932792.626,931600,933881,0,500
9e+05,3e-06,1825,0.233001936163058,0.232789783567899,0.233201802411492,0.225695551688427,0.239141970607774,230129.166,222945,236146,982089.792,980860,982965,987670.692,986477,988529,0,500
950000,3e-06,1825,0.23311912509724,0.232934657781947,0.233299321990461,0.226681267343898,0.23932318215254,243033.964,236400,249543,1036642.058,1035505,1037525,1042531.274,1041438,1043379,0,500
1e+06,3e-06,1825,0.233142499248286,0.232970059996513,0.233330490944516,0.225796723545881,0.239053314828771,255851.206,247832,262334,1091202.518,1090144,1092365,1097402.834,1096321,1098526,0,500
1100000,3e-06,1825,0.233292737773025,0.233114106752224,0.233477361569446,0.226641058069069,0.240403618719135,281616.664,273648,290234,1200317.016,1199029,1201372,1207138.494,1205977,1208129,0,500
1200000,3e-06,1825,0.233302334221978,0.233145341353589,0.233470121826099,0.227528941193985,0.240214444638504,307235.276,299553,316336,1309454.754,1308421,1310449,1316897.546,1315932,1317871,0,500
1300000,3e-06,1825,0.233584673602534,0.233427857084274,0.233756091848617,0.22686712644323,0.240622382646178,333233.676,323525,343314,1418544.886,1417107,1419956,1426607.604,1425232,1427880,0,500
1400000,3e-06,1825,0.233537397845616,0.233384185020345,0.23370395414105,0.227808305311791,0.238976095622715,358795.928,349986,367236,1527672.414,1526464,1528869,1536353.262,1535231,1537436,0,500
1500000,3e-06,1825,0.233438597970764,0.233275792522058,0.233594875209445,0.227642923255198,0.240606276717174,384262.414,374825,396081,1636795.474,1635584,1637798,1646096.338,1645005,1647139,0,500
1600000,3e-06,1825,0.23355515574816,0.233404704334208,0.233692348133979,0.228782472727521,0.239125468895529,410081.458,401780,419969,1745903.15,1744437,1746955,1755822.706,1754472,1756810,0,500
1700000,3e-06,1825,0.23374181907066,0.233594824106483,0.233881280090483,0.229151060571475,0.239283399114329,436060.298,427497,446270,1855024.132,1853691,1856592,1865563.956,1864186,1867224,0,500
1800000,3e-06,1825,0.23351609461156,0.233375147570631,0.233664559196887,0.228810611541844,0.239412351868087,461267.594,451914,472984,1964155.276,1962839,1965575,1975313.942,1974057,1976842,0,500
1900000,3e-06,1825,0.233656582517599,0.233504720200057,0.233812385379274,0.228281005538332,0.238401999419554,487185.484,475660,497039,2073270.148,2071305,2074597,2085049.316,2083171,2086282,0,500
2e+06,3e-06,1825,0.233740476525844,0.233616374102338,0.233884229172681,0.228113145826101,0.240116217036958,513011.412,500686,526608,2182391.8,2180703,2183722,2194790.774,2193138,2196104,0,500
2100000,3e-06,1825,0.233685710061181,0.233554327134986,0.233820503789643,0.229724819865164,0.239680464236444,538534.606,529215,552306,2291510.678,2290096,2293082,2304525.2,2303248,2306187,0,500
2200000,3e-06,1825,0.233520636068762,0.23339429698817,0.233645627487766,0.229455115647419,0.238587669336346,563782.224,554018,576105,2400635.576,2399030,2402144,2414271.604,2412580,2415736,0,500
2300000,3e-06,1825,0.23353509801608,0.233416902347702,0.233665012176532,0.229001491552819,0.238030217684262,589442.938,578049,600903,2509747.77,2508193,2511213,2524001.594,2522501,2525355,0,500
2400000,3e-06,1825,0.233632332565646,0.233506476132187,0.233763050067253,0.229000910354735,0.239126589149935,615332.786,603220,629924,2618889.212,2617244,2620413,2633765.604,2632151,2635476,0,500
2500000,3e-06,1825,0.233579372793723,0.233446955696579,0.233707402677083,0.229490963342698,0.239125775246216,640825.674,629594,655999,2728007.046,2726418,2729378,2743502.714,2742008,2744875,0,500
10000,2e-05,1825,0.0304709711185111,0.0268129048432382,0.0339749202497836,9.03342366757001e-05,0.154049616928128,333.88679245283,1,1689,10581.9874213836,10456,10705,10958.2421383648,10873,11070,318,318
20000,2e-05,1825,0.04133813055712,0.0367768749468836,0.0459947813666511,4.53165360039879e-05,0.219067215363512,905.945330296128,1,4791,21166.4897494305,20994,21338,21917.8861047836,21769,22076,439,439
30000,2e-05,1825,0.0713897012980042,0.0657613812942293,0.0769964251454937,3.03563839475442e-05,0.234904628842182,2347.125,1,7734,31746.1721311475,31523,31938,32875.4979508197,32700,33054,479,488
40000,2e-05,1825,0.115084242510914,0.108831418316445,0.121703337969312,2.28055371844284e-05,0.238635067630757,5044.24242424242,1,10462,42324.1414141414,42090,42549,43833.0787878788,43618,44039,433,495
50000,2e-05,1825,0.145765123840747,0.139811070765269,0.151744770788454,1.82229025439172e-05,0.227738851178746,7986.80120481928,1,12496,52904.0963855422,52668,53142,54794.1485943775,54559,55028,344,498
60000,2e-05,1825,0.175213666213101,0.169471528995745,0.180799605907072,3.04302842188546e-05,0.234003711929899,11520.8413654618,2,15382,63480.9939759036,63203,63787,65752.3493975904,65522,66015,236,498
70000,2e-05,1825,0.189762631740424,0.184982655734461,0.194235478450333,0.00169250999231861,0.22850430696946,14557.018,130,17508,74059.482,73759,74342,76711.584,76437,76975,137,500
80000,2e-05,1825,0.204807996863924,0.20138356809884,0.208089174333965,0.00167808219178082,0.2332314290929,17955.916,147,20446,84636.542,84334,85014,87670.5,87400,87958,81,500
90000,2e-05,1825,0.208619562746491,0.205458578451265,0.211128982261878,3.0361299463617e-05,0.232836820423321,20575.902,3,22947,95216.556,94827,95554,98629.478,98305,98948,40,500
1e+05,2e-05,1825,0.21282944400855,0.210521206378665,0.214855589943629,0.00239692318909263,0.235496158800048,23323.412,263,25780,105794.44,105458,106173,109587.686,109267,109905,36,500
150000,2e-05,1825,0.219846259985549,0.219409855248672,0.22030005449343,0.17294948794246,0.236681281126671,36138.896,28422,38922,158689.47,158242,159117,164382.586,164002,164806,4,500
2e+05,2e-05,1825,0.223342638840822,0.223013703768915,0.223680397534451,0.210913949808235,0.236761845625633,48951.652,46249,51857,211580.724,211104,212092,219177.48,218728,219652,0,500
250000,2e-05,1825,0.22457730328103,0.224256978922059,0.224897944782151,0.214614524649817,0.235396855492678,61527.658,58743,64559,264473.766,263926,265025,273971.09,273463,274485,0,500
3e+05,2e-05,1825,0.225485396694038,0.225177530306117,0.225793242980208,0.21616638574671,0.235560706019047,74132.188,71050,77446,317369.594,316756,317994,328767.062,328222,329327,0,500
350000,2e-05,1825,0.226185164091442,0.225887831397881,0.226495655868319,0.216274352342414,0.236066949532437,86755.972,82949,90577,370264.134,369590,370957,383561.894,382980,384195,0,500
4e+05,2e-05,1825,0.227056848606583,0.226758326936446,0.227341806837103,0.217244640964569,0.236917994487945,99531.728,95315,103844,423158.162,422458,423868,438355.932,437715,439022,0,500
450000,2e-05,1825,0.227818090175703,0.227502613147983,0.228132811258548,0.218658460989948,0.236708073149426,112348.694,107939,116793,476051.1,475296,476806,493151.25,492480,493844,0,500
5e+05,2e-05,1825,0.227922880417878,0.22764118985828,0.228210526566015,0.217889619569679,0.236252014315096,124889.422,119446,129455,528946.606,528157,529710,547945.954,547253,548679,0,500
550000,2e-05,1825,0.228313054927548,0.228054120486104,0.228552412350177,0.218027760541274,0.23612171465369,137613.6,131411,142269,581839.35,580999,582681,602740.998,602001,603529,0,500
6e+05,2e-05,1825,0.228786216781673,0.228537551118167,0.229032672154978,0.219614793628577,0.236082318997522,150434.668,144355,155222,634731.878,633927,635552,657533.65,656880,658264,0,500
650000,2e-05,1825,0.229240553459132,0.229015992073703,0.229472970276473,0.219988241550544,0.239778698229839,163293.462,156781,170715,687620.146,686717,688538,712323.69,711511,713184,0,500
7e+05,2e-05,1825,0.229046516296897,0.228805705507892,0.229310692326808,0.220858991754514,0.237027578164192,175707.446,169284,181908,740519.58,739375,741480,767125.652,766085,768083,0,500
750000,2e-05,1825,0.229386237636693,0.22916882916061,0.229599792352378,0.221585426545619,0.236193070608513,188535.78,182104,194043,793407.39,792358,794410,821914.286,820826,822832,0,500
8e+05,2e-05,1825,0.229589380303576,0.229386900367486,0.229789957508695,0.221710081962724,0.237092813582442,201284.704,194328,207878,846306.848,845443,847303,876716.056,875949,877574,0,500
850000,2e-05,1825,0.229761248516367,0.229579643452998,0.22995024238411,0.223923017537304,0.23709628394888,214025.714,208546,220753,899204.052,898159,900099,931513.578,930473,932515,0,500
9e+05,2e-05,1825,0.229795035224239,0.22960300617804,0.229988459220549,0.222318424171517,0.236249356357164,226649.786,219284,233077,952103.048,951117,953142,986312.856,985493,987196,0,500
950000,2e-05,1825,0.229831312769742,0.229652158090471,0.230017934388108,0.221679766320118,0.23793956690738,239275.254,230711,247625,1004982.766,1004030,1006083,1041090.854,1040203,1041975,0,500
1e+06,2e-05,1825,0.229970588726108,0.229799440054206,0.230144385353788,0.223937649652514,0.238763362820548,252024.582,245407,261539,1057888.94,1056904,1058946,1095899.418,1094842,1096889,0,500
1100000,2e-05,1825,0.230098794486587,0.229901556570575,0.230284713263778,0.221475591393835,0.237092653267357,277376.82,266970,285906,1163656.524,1162489,1164616,1205468.146,1204613,1206373,0,500
1200000,2e-05,1825,0.230023509933556,0.229852744443327,0.230203530547078,0.223202271591491,0.237959228666892,302495.676,293438,313008,1269451.326,1267957,1270681,1315064.298,1313977,1315956,0,500
1300000,2e-05,1825,0.230041994008428,0.229873559272823,0.230202909166572,0.225011474698815,0.235836243353747,327727.326,320607,335990,1375228.258,1373968,1376471,1424641.13,1423513,1425695,0,500
1400000,2e-05,1825,0.230235686099257,0.230065787911655,0.23040425723989,0.221629043888966,0.235422380601828,353234.266,339920,361371,1481012.992,1479631,1482426,1534229.08,1533033,1535293,0,500
1500000,2e-05,1825,0.230295900459057,0.230132909270955,0.230458752570888,0.223679664002959,0.235280702351877,378564.698,367690,386873,1586800.494,1585215,1588287,1643818.46,1642552,1644988,0,500
1600000,2e-05,1825,0.230387649718041,0.230230604174036,0.230550285650152,0.225346530136217,0.236446771661356,403960.096,395135,414621,1692574.068,1691266,1694349,1753392.978,1752223,1754712,0,500
1700000,2e-05,1825,0.23024904375318,0.230110181005635,0.230382807398912,0.225941809001355,0.236029258636644,428949.028,420806,439748,1798342.432,1797016,1799674,1862978.308,1861719,1864391,0,500
1800000,2e-05,1825,0.230197563080301,0.230065685057658,0.230334956150673,0.224475507103171,0.23571267052063,454081.646,442762,464906,1904129.684,1902428,1905903,1972573.534,1971436,1973835,0,500
1900000,2e-05,1825,0.230268931879568,0.230130816572548,0.230402158136847,0.226151980986526,0.237701294570224,479458.278,470824,494693,2009932.626,2008492,2011217,2082166.738,2080949,2083421,0,500
2e+06,2e-05,1825,0.230343981519605,0.230214021946789,0.230476071998864,0.226154225088716,0.237452539737065,504860.714,495816,520519,2115718.566,2113955,2117719,2191768.752,2190446,2193622,0,500
2100000,2e-05,1825,0.230325057697426,0.230195913534852,0.230448499566113,0.226040086341953,0.2358275225372,530058.596,520137,542816,2221512.87,2219646,2222925,2301350.33,2300040,2302743,0,500
2200000,2e-05,1825,0.230337757612651,0.230206061866861,0.230470407944982,0.226390486609146,0.235194673150796,555331.13,545923,567203,2327301.126,2325583,2329070,2410942.494,2409388,2412307,0,500
2300000,2e-05,1825,0.230179378089531,0.230053139532513,0.23030853390393,0.226214430118065,0.235830121774685,580174.656,570109,594307,2433079.51,2431443,2435149,2520533.014,2519028,2522239,0,500
2400000,2e-05,1825,0.230246157212319,0.230112817714649,0.230385907179364,0.225794445534271,0.235884469372344,605573.102,593927,620667,2538860.73,2537054,2540732,2630111.662,2628606,2631270,0,500
2500000,2e-05,1825,0.230284458310883,0.2301521037965,0.230411340479894,0.226537607829381,0.235499795224235,630909.688,620629,645206,2644647.548,2642955,2646623,2739697.45,2738289,2741531,0,500
10000,2e-04,1825,0.0316448607407159,0.0280464512081066,0.0355091716028963,9.1734703238235e-05,0.165290023201856,342.37106918239,1,1781,7622.20125786163,7407,7753,10816.286163522,10722,10901,318,318
20000,2e-04,1825,0.0378658912169279,0.0343067559964444,0.0413644510566766,4.5985468591925e-05,0.161111367944154,819.050113895216,1,3485,15243.30523918,14945,15475,21631.874715262,21513,21750,439,439
30000,2e-04,1825,0.0616383507941054,0.0569215088597109,0.0665198685268704,3.07285745014289e-05,0.200203345965431,2000,1,6498,22862.8647540984,22495,23186,32448.3504098361,32306,32619,487,488
40000,2e-04,1825,0.0884226004404271,0.0830976865532658,0.093558502974315,2.31219218941478e-05,0.199676150821189,3825.31313131313,1,8632,30480.1232323232,30116,30788,43263.3232323232,43086,43444,477,495
50000,2e-04,1825,0.115561666365356,0.11052765871633,0.120528019901196,1.8470631695604e-05,0.201944984717977,6249.69076305221,1,10902,38097.7550200803,37665,38484,54079.8554216867,53872,54306,429,498
60000,2e-04,1825,0.13857121982685,0.133888790675858,0.143176590680056,4.61936437546194e-05,0.19914888368077,8992.94779116466,3,12916,45712.7369477912,45267,46101,64895.6084337349,64658,65140,337,498
70000,2e-04,1825,0.158250592215864,0.154144139109309,0.162047009529791,0.00174289637688814,0.200655503720248,11982.02,132,15183,53329.376,52837,53757,75712.966,75489,75970,244,500
80000,2e-04,1825,0.164237864656447,0.160429228568704,0.167831924377661,0.00149100197644448,0.198359708906088,14211.012,129,17172,60947.344,60467,61375,86527.504,86254,86807,198,500
90000,2e-04,1825,0.174345651686061,0.171550886901317,0.176955071974948,0.00178694299241063,0.199405404849345,16971.452,174,19384,68561.372,67994,69013,97344.044,97049,97621,127,500
1e+05,2e-04,1825,0.178679621536306,0.176677582837122,0.180639395390645,0.00270782311353449,0.200891824632492,19326.146,293,21715,76178.62,75603,76666,108160.7,107875,108459,90,500
150000,2e-04,1825,0.187871538146935,0.18700492012376,0.18860550004599,0.0667439151417284,0.20342785300045,30480.558,10829,33008,114264.52,113564,114863,162241.576,161902,162625,12,500
2e+05,2e-04,1825,0.190846523623227,0.190413333220685,0.191248277076393,0.124838809571129,0.201409752715507,41284.22,27010,43575,152340.226,151657,153063,216321.694,215927,216753,2,500
250000,2e-04,1825,0.192485176588622,0.192165869272612,0.192814592284773,0.181557111969397,0.203454369348387,52048.462,49123,55034,190411.886,189598,191078,270402.44,269932,270903,0,500
3e+05,2e-04,1825,0.193290123593849,0.193000938125489,0.193590501216207,0.183685171027646,0.20440543297695,62719.408,59586,66322,228495.636,227595,229185,324483.276,323946,325034,0,500
350000,2e-04,1825,0.194281242255489,0.193996159141628,0.194563119628341,0.186110890984494,0.203357139271343,73547.904,70456,76966,266588.438,265785,267401,378564.218,378047,379162,0,500
4e+05,2e-04,1825,0.194788643465011,0.194511467440338,0.195056500238027,0.186842196511749,0.205430004462954,84274.07,80827,88838,304674.732,303686,305978,432643.644,432060,433289,0,500
450000,2e-04,1825,0.195538782952319,0.195273706193394,0.19581249386927,0.187113321486162,0.203849648294093,95173.662,90973,99170,342755.282,341708,343823,486725.22,486126,487393,0,500
5e+05,2e-04,1825,0.195726216437435,0.19547630797986,0.195964468987931,0.1885607907877,0.204255996210972,105849.716,101998,110402,380830.868,379613,381999,540805.116,540197,541500,0,500
550000,2e-04,1825,0.196011612191078,0.195749939176129,0.196277851383433,0.184336010837758,0.205125574558475,116604.608,109672,121965,418911.032,417827,420153,594886.386,594216,595628,0,500
6e+05,2e-04,1825,0.196599651998144,0.196368402097567,0.196830059370473,0.188179115513178,0.205186779196813,127586.206,122164,133205,456999.654,455729,458318,648964.584,648201,649774,0,500
650000,2e-04,1825,0.196911398773316,0.196689529056466,0.197145786637853,0.187507908861479,0.203612425719674,138437.98,131879,143130,495102.576,493833,496348,703046.996,702228,703782,0,500
7e+05,2e-04,1825,0.19679232215116,0.196576783415566,0.197002054526852,0.189121488165622,0.204366639141206,148995.412,143147,154680,533151.1,531886,534448,757120.046,756308,757738,0,500
750000,2e-04,1825,0.197227740662337,0.197041484589454,0.197418959334344,0.187539218091421,0.205019441063271,159993.096,152126,166411,571251.044,570015,572397,811209.922,810489,811899,0,500
8e+05,2e-04,1825,0.197128645455745,0.196919126879351,0.197344015679511,0.189558416759427,0.203612709081118,170573.206,163994,176193,609329.266,607615,610631,865288.652,864554,865950,0,500
850000,2e-04,1825,0.197510977488838,0.197306406095317,0.197713118056625,0.191076353544054,0.20421485149484,181586.232,175697,187768,647409.314,646001,648711,919372.95,918421,920268,0,500
9e+05,2e-04,1825,0.19773692411896,0.197542797055354,0.197932110347111,0.191629313126455,0.204740336023039,192488.886,186481,199206,685496.78,683989,687303,973459.386,972669,974727,0,500
950000,2e-04,1825,0.197904092380272,0.197732929364794,0.198081370051871,0.190790466317209,0.204230607929738,203353.666,196000,209888,723585.938,721896,725135,1027536.292,1026591,1028314,0,500
1e+06,2e-04,1825,0.198075031465489,0.197900196391677,0.19825325464854,0.192700082260405,0.203844105507641,214240.878,208488,220468,761666.998,760213,763442,1081614.906,1080862,1082623,0,500
1100000,2e-04,1825,0.198061147337062,0.197899320458643,0.19821808472386,0.191887887881159,0.203483486007227,235651.694,228351,242125,837848.408,836165,839549,1189792.662,1188977,1190676,0,500
1200000,2e-04,1825,0.198111533163603,0.19795298227416,0.198275943764729,0.192215919600469,0.203283317752436,257137.412,249404,263766,914005.826,912169,915946,1297942.57,1296993,1298931,0,500
1300000,2e-04,1825,0.19806978825403,0.19792394697684,0.198212808680366,0.192545417826942,0.203131036651614,278504.618,270772,285496,990158.38,988011,992049,1406093.424,1405082,1407624,0,500
1400000,2e-04,1825,0.198268905003374,0.198119272987664,0.198413047304537,0.193254849109455,0.203302300004687,300229.596,292526,307967,1066305.608,1064512,1068492,1514254.592,1513048,1515420,0,500
1500000,2e-04,1825,0.198309725333522,0.198159943880126,0.198461571989495,0.192868956394003,0.203294535897695,321741.36,312878,329834,1142469.258,1140745,1144224,1622418.488,1621321,1623448,0,500
1600000,2e-04,1825,0.198299212154872,0.198156188791459,0.198444048695727,0.193865730375705,0.202844295807688,343170.78,335543,351061,1218635.702,1216385,1220670,1730570.682,1729365,1731765,0,500
1700000,2e-04,1825,0.19833905856368,0.198198731730963,0.198469348531829,0.193472628027038,0.203325507139023,364690.82,355718,373854,1294776.072,1292016,1297390,1838724.072,1837588,1840350,0,500
1800000,2e-04,1825,0.198361944958918,0.198240679849069,0.198496562568386,0.194597020458736,0.203955717176035,386188.316,378974,396979,1370933.558,1368781,1373001,1946887.27,1945733,1948093,0,500
1900000,2e-04,1825,0.198415556078841,0.198286892548047,0.198553575433109,0.194350843382875,0.203978920067216,407751.55,399356,419029,1447110.084,1444920,1449104,2055038.354,2053890,2056426,0,500
2e+06,2e-04,1825,0.198377696680842,0.198228786643651,0.198515751785439,0.192725987232007,0.204745203924228,429127.148,417060,442921,1523261.184,1521123,1525413,2163182.45,2161887,2164478,0,500
2100000,2e-04,1825,0.198458100804201,0.19833493441327,0.198579296753376,0.193996502560562,0.202969078303286,450767.026,440639,460876,1599422.354,1597120,1602239,2271346.22,2270077,2272507,0,500
2200000,2e-04,1825,0.198530877699399,0.198410941079831,0.198647669603978,0.19491210989614,0.203828568042254,472406.552,463763,484974,1675591.586,1673468,1678607,2379511.766,2378332,2380880,0,500
2300000,2e-04,1825,0.198419213686574,0.198287313964971,0.198537365101952,0.194463032290605,0.203950517840757,493603.134,483860,507414,1751758.618,1749104,1754323,2487678.012,2486132,2489608,0,500
2400000,2e-04,1825,0.198504128591676,0.198394303288731,0.198615236767248,0.194240726757177,0.203147776055422,515284.134,504179,527357,1827918.512,1825714,1830600,2595835.804,2594302,2597290,0,500
2500000,2e-04,1825,0.19852973708301,0.198415015500126,0.198648117220175,0.194550783597615,0.203306576061493,536824.034,526041,549779,1904076.38,1901376,1906571,2703998.018,2702234,2705464,0,500
10000,0,365,0.0271917383749343,0.0242434696589488,0.0302978827308129,9.78952520802741e-05,0.105025962574704,277.081761006289,1,1072,10187.9905660377,10147,10228,10188.4842767296,10147,10229,278,318
20000,0,365,0.0324674073072979,0.0302513385352377,0.0348530610596613,4.89668005092547e-05,0.0760512241793828,661.519362186788,1,1550,20374.9498861048,20316,20434,20376.2528473804,20317,20437,278,439
30000,0,365,0.0332481424646936,0.031612894955782,0.0352107070892104,3.26786706316787e-05,0.064145759052697,1016.21106557377,1,1961,30562.6229508197,30489,30641,30564.4508196721,30490,30641,210,488
40000,0,365,0.041285163567062,0.039742447541391,0.0427322298927073,2.45302457930628e-05,0.0618460480424424,1682.44444444444,1,2518,40749.2101010101,40672,40846,40752.3272727273,40674,40847,108,495
50000,0,365,0.0410557693434245,0.0398357446868415,0.0423063573600684,1.96267001629016e-05,0.05671864566558,2091.40361445783,1,2888,50936.9176706827,50836,51028,50940.7530120482,50839,51033,79,498
60000,0,365,0.0442102659930909,0.0431825512555781,0.0450899050240009,3.27150194654366e-05,0.0560796560011772,2702.53413654618,2,3430,61123.9698795181,61019,61224,61128.9477911647,61022,61231,41,498
70000,0,365,0.0437916473451762,0.0429630228991115,0.0444989861561146,0.0021188819039066,0.055782198483128,3123.092,151,3979,71311.312,71199,71429,71317.154,71204,71434,21,500
80000,0,365,0.0460198494796228,0.0454745755569622,0.0465197296078969,0.00138745641176759,0.0574085205039192,3750.87,113,4680,81498.342,81382,81621,81505.246,81386,81626,10,500
90000,0,365,0.0449642933234728,0.0445526144865159,0.0453331893256271,3.26829427721672e-05,0.0534594282099109,4122.936,3,4901,91686.312,91561,91808,91694.014,91571,91816,4,500
1e+05,0,365,0.046056995617036,0.0457342620818458,0.0463738129648979,0.00367058915900325,0.0571299603563999,4692.338,374,5822,101872.222,101740,101999,101881.092,101754,102006,1,500
150000,0,365,0.0456024056347806,0.0453777893621873,0.045813673648526,0.0398523695472928,0.0527203877018463,6969.068,6090,8061,152808.678,152661,152965,152822.392,152669,152982,0,500
2e+05,0,365,0.0465849815044394,0.046383749172384,0.0467901754492375,0.0396020164239399,0.0540413280295859,9492.318,8068,11018,203744.26,203565,203923,203763.528,203581,203943,0,500
250000,0,365,0.0466038697311712,0.0464106865262369,0.0467859602111488,0.0398978990771647,0.0538277324120603,11870.198,10160,13711,254680.93,254487,254884,254704.178,254505,254904,0,500
3e+05,0,365,0.0467948625107812,0.0466073889474163,0.046961767938948,0.0412691768076318,0.0532007811809965,14302.616,12619,16263,305617.27,305391,305839,305645.268,305420,305866,0,500
350000,0,365,0.0468641810937684,0.0466838629578651,0.0470365450407912,0.0420229557650146,0.0521057929282592,16711.106,14989,18584,356553.754,356303,356788,356586.082,356337,356819,0,500
4e+05,0,365,0.0469536897744985,0.0467876493859037,0.0471068635850885,0.0423663934828483,0.0515726327054584,19134.882,17266,21011,407490.276,407229,407752,407527.094,407265,407786,0,500
450000,0,365,0.0470342885514699,0.0468949288091061,0.0471857819033629,0.0418258495569046,0.0525904876969008,21563.688,19181,24115,458425.742,458144,458711,458467.592,458185,458737,0,500
5e+05,0,365,0.0472279720385032,0.047083861021797,0.0473766497766507,0.0417965896684705,0.0524129428440176,24058.346,21286,26698,509361.466,509078,509657,509408.666,509119,509696,0,500
550000,0,365,0.0470964460720882,0.0469530399715078,0.0472431646314885,0.0420481029012352,0.0525418798507369,26390.494,23563,29442,560298.164,560003,560597,560350.12,560046,560639,0,500
6e+05,0,365,0.0471831307555175,0.0470430783543299,0.0473275773710118,0.0404166809802603,0.0518256175363978,28842.436,24707,31681,611230.47,610891,611520,611286.96,610969,611568,0,500
650000,0,365,0.0472636296897353,0.0471157275067722,0.0474013214035577,0.0414985138106861,0.0516586110519712,31299.094,27476,34212,662161.932,661754,662462,662223.482,661820,662523,0,500
7e+05,0,365,0.0471600583915744,0.0470325385753123,0.0472958394360183,0.0430983474620236,0.0525090427643159,33632.754,30738,37439,713095.652,712708,713397,713161.774,712777,713472,0,500
750000,0,365,0.0472346599388613,0.0471126199096917,0.0473640577095273,0.0426381443946564,0.0525541007717653,36092.024,32581,40163,764029.436,763663,764359,764100.452,763734,764438,0,500
8e+05,0,365,0.0473650637359601,0.0472360934257841,0.0475032470210348,0.0430029816316765,0.0515657842909889,38604.694,35047,42024,814970.04,814572,815337,815045.892,814646,815409,0,500
850000,0,365,0.0474023097747944,0.0472778137030968,0.047526034205121,0.0436630437669841,0.0514927398169799,41050.006,37807,44594,865911.38,865481,866279,865991.83,865568,866366,0,500
9e+05,0,365,0.047369331122168,0.0472542978451736,0.0474919801052157,0.0431171313280731,0.0522505329850982,43434.338,39525,47914,916843.848,916466,917262,916929.402,916557,917351,0,500
950000,0,365,0.0473677300095202,0.0472448649915837,0.0474858137628456,0.0430520712357981,0.0513702273950443,45845.744,41667,49729,967778.38,967245,968108,967868.69,967334,968210,0,500
1e+06,0,365,0.0473052953403646,0.0471849930053946,0.0474285853993,0.0435289522392571,0.0514431805914047,48195.36,44354,52417,1018720.504,1018324,1019148,1018815,1018425,1019248,0,500
1100000,0,365,0.0473406768317103,0.0472260793928637,0.0474450650185895,0.0440540622529627,0.0509312923694973,53054.582,49375,57076,1120593.648,1120147,1121015,1120697.442,1120249,1121104,0,500
1200000,0,365,0.0474289995412162,0.0473185349091526,0.047552237601301,0.0432286817963917,0.0519350768581206,57985.872,52843,63471,1222469.248,1221998,1222885,1222582.588,1222122,1223003,0,500
1300000,0,365,0.0475049995118935,0.0474032888572172,0.0476148338225499,0.0431446979614455,0.0506638761670495,62918.416,57148,67104,1324336.222,1323865,1324830,1324458.738,1323990,1324950,0,500
1400000,0,365,0.0474716908032644,0.0473755786764989,0.0475734341047388,0.0444266087200336,0.0504204567603305,67710.98,63379,71915,1426213.248,1425724,1426735,1426344.77,1425865,1426860,0,500
1500000,0,365,0.0474765628423159,0.0473758777521563,0.0475864902689309,0.0441802462447609,0.050813818123281,72554.844,67525,77652,1528084.234,1527568,1528505,1528224.732,1527692,1528642,0,500
1600000,0,365,0.0474508457249349,0.0473488976002196,0.0475505269504952,0.0435485474001426,0.0508313291449887,77350.074,70983,82851,1629959.818,1629350,1630478,1630109.444,1629480,1630613,0,500
1700000,0,365,0.0474256452924129,0.0473260836259154,0.0475204111599283,0.04391890526379,0.050775864258974,82140.56,76061,87944,1731827.64,1731328,1732294,1731986.08,1731475,1732433,0,500
1800000,0,365,0.047483290026762,0.0473909700066659,0.0475807241312348,0.0442254868331862,0.0506499178571876,87078.28,81098,92892,1833704.376,1833131,1834276,1833871.634,1833304,1834447,0,500
1900000,0,365,0.047489721255972,0.047397035647443,0.0475820373735853,0.0445925812657433,0.0504634360286771,91928.134,86320,97685,1935573.258,1935076,1936126,1935748.288,1935244,1936294,0,500
2e+06,0,365,0.0474346777794524,0.0473420063359046,0.0475220428157291,0.044319167900236,0.0509266461754098,96654.204,90298,103769,2037443.924,2036769,2038031,2037627.28,2036954,2038214,0,500
2100000,0,365,0.0474131864366317,0.0473181146888359,0.0475038111236724,0.043778114728659,0.0504690403460691,101441.02,93661,107988,2139320.608,2138656,2139875,2139510.924,2138847,2140061,0,500
2200000,0,365,0.0474616673637356,0.0473689643856646,0.0475560849173599,0.0445745971421038,0.0502273854951614,106380.14,99905,112566,2241191.93,2240384,2241872,2241390.868,2240589,2242077,0,500
2300000,0,365,0.0475171021627412,0.0474259649907518,0.047609750240936,0.0448028857397952,0.0503890094171345,111345.55,104978,118081,2343065.638,2342468,2343720,2343273.49,2342673,2343915,0,500
2400000,0,365,0.0475372370017139,0.0474526638960762,0.0476229728729446,0.0445769715093621,0.0502264452753162,116235.73,108996,122835,2444933.732,2444277,2445678,2445150.662,2444495,2445904,0,500
2500000,0,365,0.0474807076071124,0.0473959262211046,0.0475668274160787,0.0444046183441862,0.0505185085707352,120934.794,113082,128652,2546804.222,2546226,2547412,2547030.216,2546444,2547632,0,500
10000,3e-06,365,0.0283955088553459,0.0253265849985109,0.0312340680515602,9.78952520802741e-05,0.0942618930848455,289.314465408805,1,961,10176.6037735849,10138,10220,10188.3867924528,10147,10228,279,318
20000,3e-06,365,0.0320146981715275,0.0298701579599791,0.034366972964352,4.89668005092547e-05,0.0756756756756757,652.28701594533,1,1540,20352.6218678815,20292,20424,20376.0546697039,20316,20437,279,439
30000,3e-06,365,0.0347992802687053,0.0329683462376739,0.0366002470108426,3.26786706316787e-05,0.0634203809149814,1063.5881147541,1,1938,30529.0327868852,30454,30608,30564.131147541,30490,30641,199,488
40000,3e-06,365,0.0406667333970723,0.0390448392129993,0.0421455231580491,2.45302457930628e-05,0.0644718119817477,1657.23636363636,1,2628,40704.6383838384,40623,40802,40751.9434343434,40673,40846,118,495
50000,3e-06,365,0.0422431217265459,0.0409777314180667,0.043269331105237,1.96267001629016e-05,0.0574924506843406,2151.86345381526,1,2932,50880.8032128514,50781,50978,50940.3032128514,50836,51033,59,498
60000,3e-06,365,0.0447828149194098,0.0437910854882674,0.0456831116142301,3.27155546104395e-05,0.0600922231669828,2737.51606425703,2,3675,61056.8493975904,60959,61163,61128.3152610442,61020,61230,35,498
70000,3e-06,365,0.0445764082886858,0.0440190511936764,0.0450712078130545,0.00273484614737315,0.0569212862331543,3179.034,195,4059,71232.832,71117,71358,71316.452,71204,71434,10,500
80000,3e-06,365,0.0458657850472496,0.0452603579148906,0.0464743478713226,0.00120159886215944,0.0565475460498884,3738.254,98,4611,81408.714,81292,81536,81504.426,81386,81626,12,500
90000,3e-06,365,0.0444602593286327,0.04381207642836,0.0449979370191773,3.26829427721672e-05,0.0553600418387248,4076.69,3,5081,91585.454,91468,91714,91693.016,91571,91815,10,500
1e+05,3e-06,365,0.0462506329253479,0.0458958334759006,0.0465834100460053,0.0036234018735639,0.0557448187164358,4712.014,369,5678,101760.416,101637,101891,101880.022,101752,102005,2,500
150000,3e-06,365,0.045724272470509,0.0455083104491005,0.0459779964791128,0.0374334697720645,0.0537754741430086,6987.63,5725,8217,152641.104,152478,152800,152820.902,152665,152981,0,500
2e+05,3e-06,365,0.0466366580559187,0.0464393112337123,0.0468405606021608,0.0397144175906194,0.0541849679778176,9502.744,8088,11041,203520.8,203342,203708,203761.442,203577,203941,0,500
250000,3e-06,365,0.0465146262837396,0.0463336460170323,0.0467024434567822,0.0394215709749214,0.0527619548618336,11847.364,10043,13440,254401.892,254201,254613,254701.654,254505,254899,0,500
3e+05,3e-06,365,0.0467538926720059,0.0465656436215303,0.0469264754548607,0.040716122236688,0.0529960549816488,14289.968,12447,16201,305283.03,305059,305516,305642.174,305417,305864,0,500
350000,3e-06,365,0.046868178497783,0.0466983639614849,0.0470350553203523,0.0413803736876778,0.0519109137397389,16712.37,14761,18516,356163.112,355917,356420,356582.534,356332,356818,0,500
4e+05,3e-06,365,0.0470495396675675,0.0468739841981423,0.0472237488961306,0.0420237759320828,0.0535264159047677,19173.766,17127,21808,407043.246,406792,407311,407522.938,407265,407784,0,500
450000,3e-06,365,0.0469622800865374,0.0468184041923183,0.0471139812271491,0.0416871207807254,0.052367325929351,21530.462,19107,24010,457923.848,457644,458197,458463.022,458182,458732,0,500
5e+05,3e-06,365,0.0471787616230195,0.047038074951521,0.047327418642221,0.0420588997322739,0.0527704589094079,24033.028,21428,26878,508803.842,508496,509098,509403.46,509114,509691,0,500
550000,3e-06,365,0.0471123447133274,0.0469777188074871,0.0472660969412395,0.0419954531989993,0.0520706004536102,26399.142,23534,29180,559684.36,559364,559980,560344.364,560037,560633,0,500
6e+05,3e-06,365,0.0472044909886799,0.0470691798640402,0.0473325919721848,0.0429918773670563,0.0514981855544612,28855.2,26279,31476,610561.132,610199,610892,611280.926,610948,611613,0,500
650000,3e-06,365,0.0473352707183584,0.0471894058305285,0.047481838349781,0.0417960302982713,0.052152140361051,31346.196,27678,34534,661436.8,661142,661751,662216.716,661932,662545,0,500
7e+05,3e-06,365,0.0472252311977698,0.0470998082490908,0.0473494355323083,0.0419198294482314,0.0520074899537839,33678.936,29888,37079,712315.64,711925,712675,713155.53,712761,713479,0,500
750000,3e-06,365,0.0472476671570588,0.0471145902013737,0.0473809884894948,0.0431712666118826,0.0526140125154283,36101.654,32992,40198,763194.438,762762,763579,764093.912,763660,764479,0,500
8e+05,3e-06,365,0.0473332289095805,0.0472082882200846,0.047464012028579,0.0435734311638436,0.0513873757152813,38578.362,35513,41884,814077.2,813725,814406,815037.444,814690,815360,0,500
850000,3e-06,365,0.0474044348608743,0.0472817374582722,0.0475354321861754,0.0433003856723863,0.0520970563275391,41051.398,37499,45121,864962.152,864593,865412,865982.444,865608,866383,0,500
9e+05,3e-06,365,0.0473474582031757,0.0472249299949644,0.0474687927530364,0.0429728182338668,0.0516489520052081,43413.884,39405,47364,915841.372,915479,916326,916921.166,916554,917367,0,500
950000,3e-06,365,0.0473115489008332,0.0471980388224756,0.0474246676070296,0.0425498944723774,0.0514157973174367,45790.846,41188,49749,966718.514,966285,967196,967857.676,967468,968375,0,500
1e+06,3e-06,365,0.0473347994100484,0.047222515171654,0.0474619573709505,0.0438124700654046,0.0513342769697101,48224.896,44640,52298,1017605.348,1017183,1018000,1018804.61,1018362,1019185,0,500
1100000,3e-06,365,0.0473371453716732,0.0472142594323547,0.0474569372058339,0.0428962414254367,0.0522197475077365,53049.952,48070,58521,1119363.966,1118843,1119868,1120683.624,1120231,1121138,0,500
1200000,3e-06,365,0.0474777070184726,0.0473625200086434,0.0475807267910349,0.0437774825943569,0.0514754776827815,58044.87,53522,62935,1221131.462,1220662,1221566,1222570.76,1222125,1223011,0,500
1300000,3e-06,365,0.0473186987431328,0.047224679850084,0.0474241079319677,0.0433598135886673,0.0518192848497753,62670.988,57425,68632,1322886.06,1322311,1323327,1324444.712,1323900,1324887,0,500
1400000,3e-06,365,0.047496956851753,0.0473872744843899,0.0476113289364409,0.0440273267260092,0.0512236731299569,67746.308,62796,73053,1424651.698,1424089,1425109,1426329.504,1425744,1426779,0,500
1500000,3e-06,365,0.0474761952635131,0.0473700702137489,0.0475769981271303,0.0444211212328615,0.0512478596016454,72553.452,67888,78324,1526409.41,1525899,1526992,1528206.784,1527697,1528774,0,500
1600000,3e-06,365,0.0474723454783807,0.04736920173997,0.0475748890709348,0.0443297147897389,0.0504726268977151,77384.374,72271,82283,1628176.592,1627583,1628622,1630093.506,1629479,1630567,0,500
1700000,3e-06,365,0.0474654477344767,0.0473616502438379,0.0475682749488757,0.0439560058909754,0.0517399185433664,82208.694,76138,89599,1729933.37,1729259,1730425,1731969.274,1731359,1732454,0,500
1800000,3e-06,365,0.0474134851121001,0.0473166667785825,0.047510097595713,0.0440631022836004,0.0504671459921208,86949.338,80819,92541,1831697.648,1831198,1832248,1833852.36,1833360,1834364,0,500
1900000,3e-06,365,0.0474512616035581,0.0473634060646733,0.0475416472263563,0.044496677058661,0.0516411430555182,91852.83,86136,99963,1933456.914,1932969,1934073,1935730.222,1935187,1936324,0,500
2e+06,3e-06,365,0.0475232708072697,0.0474325420428668,0.0476184507180705,0.0441932198814768,0.0511038572551075,96833.696,90047,104126,2035213.86,2034703,2035762,2037605.826,2037134,2038116,0,500
2100000,3e-06,365,0.0474323601702844,0.047344454539168,0.047521345966075,0.0443823530648998,0.0506956921679009,101480.982,94956,108461,2136978.222,2136423,2137493,2139488.242,2138865,2140017,0,500
2200000,3e-06,365,0.0474275647683612,0.0473256888197111,0.047511936096267,0.0440799331585571,0.0503385615794841,106302.652,98815,112836,2238739.288,2238003,2239552,2241368.74,2240644,2242078,0,500
2300000,3e-06,365,0.0474592346047517,0.0473775078343187,0.0475498111372047,0.0438912227794546,0.0511282604075717,111208.764,102869,119811,2340500.08,2339905,2341297,2343248.03,2342616,2343919,0,500
2400000,3e-06,365,0.0474782624879466,0.047392744716029,0.0475683543712754,0.0448135142364255,0.0505592824698463,116090.358,109572,123654,2442259.022,2441612,2443021,2445126.414,2444597,2445836,0,500
2500000,3e-06,365,0.0474667902172424,0.0473817694759101,0.0475562099998954,0.0441265740279016,0.050043337761322,120898.178,112382,127482,2544018.322,2543407,2544636,2547005.558,2546371,2547568,0,500
10000,2e-05,365,0.0294081858105111,0.0263142152842321,0.0321323609180634,9.7904836498923e-05,0.0985487350460875,299.619496855346,1,1005,10113.3962264151,10068,10159,10187.8364779874,10147,10228,279,318
20000,2e-05,365,0.0287703928709835,0.0264768931095573,0.0311685684989733,4.89715964740451e-05,0.0740504152130116,586.143507972665,1,1507,20226.6697038724,20158,20298,20374.867881549,20315,20436,304,439
30000,2e-05,365,0.0341981074119721,0.0323222811254628,0.0360670194962581,3.26786706316787e-05,0.0690049312563274,1045.21721311475,1,2113,30339.612704918,30267,30421,30562.2868852459,30487,30639,202,488
40000,2e-05,365,0.0406953148475469,0.0391175823038211,0.04211109821295,2.45314493180257e-05,0.0630188123188762,1658.35555555556,1,2566,40452.7919191919,40362,40556,40749.6222222222,40672,40843,123,495
50000,2e-05,365,0.0419373623717911,0.0406518833862213,0.0430756187884379,1.96278558530266e-05,0.0579485164079387,2136.1686746988,1,2949,50566.0502008032,50454,50669,50937.3574297189,50835,51032,63,498
60000,2e-05,365,0.0445395831389219,0.0435802847828573,0.0454308638784485,3.27171601504989e-05,0.0615210880345657,2722.49196787149,2,3759,60678.9297188755,60563,60784,61124.9176706827,61017,61224,38,498
70000,2e-05,365,0.0435331249480694,0.0427120305473385,0.0443288357971517,0.00182039684651254,0.0562400998079538,3104.424,130,4012,70792.278,70664,70928,71312.214,71196,71429,25,500
80000,2e-05,365,0.0456718504377238,0.0450883145132738,0.0462012048499289,0.00180474389824682,0.0553224381625442,3722.266,147,4509,80904.94,80767,81034,81499.7,81381,81623,13,500
90000,2e-05,365,0.0444804531618924,0.0439086722332372,0.044993211231926,3.26840109818277e-05,0.0549586010537914,4078.306,3,5038,91019.098,90871,91144,91687.732,91567,91807,9,500
1e+05,2e-05,365,0.0460114202531303,0.0455777431148603,0.0463997294988116,0.0025797212331656,0.0547352092210419,4687.374,263,5575,101131.288,100969,101270,101874.336,101746,102001,5,500
150000,2e-05,365,0.0454680608509767,0.0452533497714047,0.0456834408633181,0.0384016130510494,0.0525341098714131,6948.072,5866,8028,151697.752,151515,151867,152812.2,152655,152968,0,500
2e+05,2e-05,365,0.0464906797674685,0.0462880207008453,0.0466968640850319,0.0400080506997727,0.0528565609371856,9472.454,8150,10770,202262.194,202039,202473,203749.636,203571,203931,0,500
250000,2e-05,365,0.0462321636776973,0.0460497473917294,0.0464073488581382,0.0408082331091295,0.0518594684541844,11774.738,10393,13214,252828.158,252578,253044,254687.002,254490,254889,0,500
3e+05,2e-05,365,0.0467908488810111,0.0466191762271823,0.0469688586739466,0.0396701786532295,0.0533342932502569,14300.438,12124,16298,303394.878,303123,303642,305624.734,305397,305848,0,500
350000,2e-05,365,0.046562194590416,0.0463935267010437,0.0467300311570126,0.0412585569877161,0.0525838800006734,16602.34,14718,18741,353961.112,353662,354231,356562.346,356314,356792,0,500
4e+05,2e-05,365,0.0468777305843375,0.0467150624486057,0.0470364916473362,0.0414099511524583,0.0531320102690471,19102.664,16870,21648,404526.718,404222,404805,407499.982,407243,407761,0,500
450000,2e-05,365,0.0470400668545595,0.046878596217862,0.047194988323516,0.0427097967696053,0.052815788039034,21564.922,19578,24220,455091.642,454766,455405,458437.106,458157,458703,0,500
5e+05,2e-05,365,0.0468229815292978,0.0466807744108519,0.0469793003030069,0.041478282208589,0.0516335506165083,23850.452,21128,26298,505657.85,505324,505997,509374.91,509091,509653,0,500
550000,2e-05,365,0.0469316153891216,0.0467886536588028,0.0470831876281311,0.0423018455872907,0.0518538353058784,26296.344,23709,29048,556222.844,555868,556568,560312.192,560009,560596,0,500
6e+05,2e-05,365,0.0470035717244739,0.0468824791293064,0.0471313063062314,0.0422163674691603,0.0513997742035767,28730.62,25814,31414,606781.672,606412,607290,611243.216,610902,611569,0,500
650000,2e-05,365,0.0471380110660949,0.0470067057772845,0.0472685382275522,0.0423668917857704,0.0519238116523533,31213.758,28054,34384,657344.896,656940,657682,662178.28,661867,662500,0,500
7e+05,2e-05,365,0.0470740484921865,0.0469578514834876,0.0472063747048526,0.0428452234881683,0.0513301586767403,33569.162,30554,36606,707908.76,707507,708299,713114.03,712779,713432,0,500
750000,2e-05,365,0.0470648875338241,0.0469364392755792,0.0471922442705967,0.0428019943206355,0.0517878709765216,35959.892,32708,39578,758472.544,758043,758878,764049.392,763661,764414,0,500
8e+05,2e-05,365,0.0470378715102572,0.0469161349516484,0.0471561925929902,0.0430978835784043,0.0522756246265369,38335.444,35119,42605,809041.624,808669,809445,814990.8,814633,815399,0,500
850000,2e-05,365,0.0471402225511778,0.0470146622858808,0.0472589975791922,0.0426462964481048,0.0510105937707473,40820.224,36932,44179,859611.202,859086,860070,865932.002,865510,866298,0,500
9e+05,2e-05,365,0.0472389557229312,0.0471155698018463,0.0473624751382702,0.0432015896056195,0.0529713056642627,43312.048,39614,48566,910178.936,909668,910621,916871.63,916492,917326,0,500
950000,2e-05,365,0.047101043381837,0.0469784091637817,0.0472299671859721,0.0433424052078693,0.051844251284404,45584.476,41932,50173,960737.838,960336,961159,967801.74,967432,968162,0,500
1e+06,2e-05,365,0.047224446844443,0.0471107237919039,0.0473405192260726,0.0434308912127238,0.050965473039093,48109.738,44248,51925,1011310.94,1010777,1011783,1018746.848,1018294,1019149,0,500
1100000,2e-05,365,0.047286520540784,0.0471734572313733,0.0473880094613353,0.0437558445822953,0.0520324463324777,52990.19,49037,58315,1112439.916,1111984,1112932,1120619.46,1120233,1121051,0,500
1200000,2e-05,365,0.0472436228019508,0.0471398027796675,0.0473485463494471,0.0433520976781884,0.0510567124139172,57755.224,53007,62425,1213575.1,1213073,1214061,1222497.846,1222110,1222978,0,500
1300000,2e-05,365,0.0472116236739631,0.0471022710049826,0.047315511658581,0.0424659230599627,0.051161982996844,62525.628,56240,67762,1314703.688,1314101,1315232,1324369.326,1323942,1324823,0,500
1400000,2e-05,365,0.047227869468258,0.0471347038850433,0.0473231012568559,0.0439703989162537,0.0505388209033908,67358.642,62709,72091,1415838.87,1415330,1416430,1426247.834,1425770,1426694,0,500
1500000,2e-05,365,0.0473662556049344,0.0472635828050852,0.0474741862763404,0.0439203092990587,0.0508975805375013,72381.272,67126,77777,1516966.462,1516366,1517483,1528118.926,1527674,1528633,0,500
1600000,2e-05,365,0.0472341949306954,0.0471363061046687,0.0473250115511363,0.0437251394399825,0.0510952890424472,76991.77,71276,83289,1618106.624,1617554,1618604,1630000.598,1629551,1630476,0,500
1700000,2e-05,365,0.0472100807022491,0.0471222180910909,0.0473099435085595,0.0441272512150744,0.0502586993428575,81761.768,76419,87035,1719228.944,1718652,1719892,1731870.772,1731385,1732365,0,500
1800000,2e-05,365,0.0472612236750693,0.0471618354486791,0.0473605583801609,0.0440668447740036,0.0508415512486523,86665.106,80823,93228,1820356.524,1819728,1821126,1833746.772,1833281,1834263,0,500
1900000,2e-05,365,0.0472400067815724,0.0471455811929011,0.0473461652027681,0.0436989696558322,0.0500566006833415,91438.448,84595,96884,1921485.856,1920882,1922077,1935614.422,1935041,1936203,0,500
2e+06,2e-05,365,0.0473291170968516,0.0472330273425422,0.0474229257954779,0.0438841351259567,0.0508399871994471,96432.716,89422,103582,2022623.828,2021846,2023306,2037492.524,2036835,2038026,0,500
2100000,2e-05,365,0.0472841066425955,0.047197584240961,0.0473738349796907,0.0443054451366367,0.0503854899660432,101158.158,94795,107799,2123763.036,2122987,2124570,2139368.976,2138778,2139977,0,500
2200000,2e-05,365,0.0473868103531364,0.0472940789410738,0.0474755509720782,0.044056932229337,0.0503844164860706,106205.234,98740,112921,2224887.52,2224239,2225553,2241240.294,2240640,2241797,0,500
2300000,2e-05,365,0.0472542228120889,0.0471732874232616,0.0473418240110241,0.0438470172982616,0.0501366746971498,110722.218,102734,117478,2326023.726,2325242,2326698,2343118.208,2342519,2343688,0,500
2400000,2e-05,365,0.0472338936620859,0.047141726425593,0.0473341471293055,0.0440049515538629,0.0502331633337368,115486.116,107605,122845,2427145.164,2426295,2427791,2444984.496,2444411,2445535,0,500
2500000,2e-05,365,0.0472931322538937,0.0472089999544022,0.0473792424432753,0.0442811643093392,0.0502265605980886,120449.034,112782,127916,2528278.882,2527281,2529014,2546860.95,2545986,2547509,0,500
10000,2e-04,365,0.0292456794584253,0.0263774918805618,0.0322761634812138,9.79623824451411e-05,0.0991290732948429,297.805031446541,1,1013,9470.80188679245,9380,9575,10181.7421383648,10140,10220,271,318
20000,2e-04,365,0.0278757489267736,0.0260253973170212,0.0297494918733338,4.89907897315305e-05,0.0655407727428936,567.596810933941,1,1335,18941.0432801822,18828,19095,20362.861047836,20305,20424,281,439
30000,2e-04,365,0.0327490635985549,0.0308261519344983,0.0344493213034279,3.26989732522399e-05,0.0647423085744242,1000.29508196721,1,1976,28410.9159836066,28249,28570,30544.3790983607,30472,30621,220,488
40000,2e-04,365,0.0362947506255993,0.0348448609095784,0.0377132375154253,2.45446958912179e-05,0.0557233723814436,1478.14545454545,1,2269,37880.9858585859,37699,38066,40725.9191919192,40645,40817,131,495
50000,2e-04,365,0.0409194472926869,0.0396996267511584,0.0421169346265101,1.96455934933794e-05,0.0572841056224742,2083.09236947791,1,2920,47349.9738955823,47144,47561,50906.9939759036,50813,50997,68,498
60000,2e-04,365,0.0412384855224111,0.0403216075975246,0.0420580991439909,4.90709238419262e-05,0.0592402329690465,2519.20883534137,3,3621,56820.5963855422,56590,57051,61088.6927710843,60985,61193,37,498
70000,2e-04,365,0.0435308619366587,0.0427935266456762,0.0441489642776933,0.0018524755810037,0.0542704251464206,3102.464,132,3864,66290.232,66062,66539,71270.34,71155,71383,17,500
80000,2e-04,365,0.0425684899286073,0.0418362594714833,0.0431367311056249,0.00158286092910255,0.0528770620581304,3467.258,129,4308,75760.738,75522,76016,81451.206,81339,81567,19,500
90000,2e-04,365,0.0430559094351629,0.0424981498671977,0.0435761169928584,0.00189921084514883,0.0543058073252233,3945.344,174,4973,85230.504,84974,85519,91632.69,91512,91746,10,500
1e+05,2e-04,365,0.0433210003968935,0.0429294713585483,0.0436581622733752,0.00287579133336605,0.0513920942794009,4410.694,293,5233,94700.652,94424,95010,101814.558,101689,101944,3,500
150000,2e-04,365,0.0438607570376333,0.043635384221112,0.0440674796435148,0.036745217886381,0.0516074117724088,6698.486,5615,7882,142050.388,141695,142399,152721.608,152569,152878,0,500
2e+05,2e-04,365,0.0445078622695501,0.0443226970323898,0.0447078767942502,0.0375909200296641,0.0509076442506041,9063.092,7654,10365,189395.98,188961,189942,203629.088,203445,203808,0,500
250000,2e-04,365,0.0447135278359669,0.0445342481328542,0.0449026408910214,0.038919708946897,0.0506665723959684,11381.23,9906,12899,236744.97,236218,237174,254536.738,254333,254729,0,500
3e+05,2e-04,365,0.0446311854808452,0.0444700612372755,0.044801585338805,0.0387844273160194,0.0497380999148825,13632.316,11850,15193,284100.428,283635,284513,305443.686,305228,305648,0,500
350000,2e-04,365,0.0449684110014191,0.0447949255072774,0.0451410545014501,0.0392066640667304,0.0511386919497258,16024.562,13974,18220,331454.062,330868,331932,356351.594,356121,356583,0,500
4e+05,2e-04,365,0.0450763542192732,0.044926985957293,0.0452204636687902,0.0390324853382693,0.0501846776490928,18357.718,15900,20435,378799.364,378193,379324,407258.378,406999,407510,0,500
450000,2e-04,365,0.0451532235902862,0.0450044697825555,0.0453033128704701,0.0403712742688246,0.0513808970810377,20687.662,18494,23538,426148.78,425522,426737,458165.652,457896,458417,0,500
5e+05,2e-04,365,0.0451111381518526,0.0449780538981524,0.0452503266688301,0.0404085833133664,0.0516250662791383,22964.856,20575,26288,473494.924,472939,474155,509072.996,508799,509353,0,500
550000,2e-04,365,0.0450566537141307,0.044914718657085,0.0452004645527812,0.0409260578277378,0.05067792009258,25230.854,22926,28377,520844.552,520173,521530,559980.72,559688,560275,0,500
6e+05,2e-04,365,0.0452413928417819,0.045102360111508,0.0453698113488504,0.0411496363805998,0.0507322167171615,27637.284,25140,30995,568186.868,567515,568786,610884.862,610518,611225,0,500
650000,2e-04,365,0.0452636013864081,0.045135089840275,0.0453894546673354,0.0406756207616973,0.049665697125373,29954.916,26926,32870,615535.702,614811,616286,661788.062,661458,662165,0,500
7e+05,2e-04,365,0.0452411592261528,0.045125531439672,0.0453731485653396,0.0412137948066016,0.0505645646741212,32243.078,29372,36036,662873.782,662171,663671,712693.38,712364,713071,0,500
750000,2e-04,365,0.0452609922987147,0.0451370479545945,0.0453830169662102,0.0410531720107607,0.0489495836836467,34561.34,31345,37378,710227.376,709466,711058,763600.89,763296,763930,0,500
8e+05,2e-04,365,0.0452968111542121,0.0451693879359973,0.0454180182247378,0.0415702261159988,0.049529886035583,36894.582,33855,40336,757575.08,756702,758435,814507.334,814120,814856,0,500
850000,2e-04,365,0.0454257040463988,0.04531126044652,0.0455407238954449,0.0416447125161767,0.0505569371977217,39312.282,36041,43768,804927.95,803964,805572,865419.288,865038,865771,0,500
9e+05,2e-04,365,0.045295807145601,0.0451861199879194,0.045427375652588,0.0411775300031108,0.0494385848868165,41505.876,37725,45294,852286.374,851487,852992,916329.384,915919,916707,0,500
950000,2e-04,365,0.0455005677657201,0.0453743828136292,0.0456259905450122,0.0416821326396306,0.0503121374852409,44009.662,40314,48662,899638.844,898776,900490,967233.426,966873,967609,0,500
1e+06,2e-04,365,0.0455325326175361,0.0454233810461213,0.0456380915990945,0.0415854502012072,0.0495163449009271,46358.582,42328,50427,946993.722,946282,947800,1018141.488,1017742,1018670,0,500
1100000,2e-04,365,0.0454044145747087,0.0452849914644656,0.0455135873300292,0.0410697972228994,0.0493038096734566,50851.182,45990,55225,1041693.99,1040789,1042642,1119961.196,1119502,1120457,0,500
1200000,2e-04,365,0.0455707940608271,0.0454744202190164,0.0456714851925736,0.0420387169635295,0.0490263877442624,55677.406,51369,59905,1136405.978,1135614,1137304,1221778.178,1221336,1222239,0,500
1300000,2e-04,365,0.0454192288931223,0.0453207325873724,0.0455115914469647,0.0418329808718831,0.0491074734085555,60116.286,55368,64996,1231106.378,1230146,1231945,1323586.778,1323116,1324038,0,500
1400000,2e-04,365,0.0454148732565671,0.0453053111517266,0.0455164251047207,0.0417194827241511,0.0488764348441658,64734.586,59473,69665,1325808.596,1324669,1326678,1425404.874,1424943,1425780,0,500
1500000,2e-04,365,0.0455509225774112,0.0454537754086189,0.0456434915901236,0.0422326409806438,0.0486226517636736,69566.424,64496,74257,1420522.436,1419325,1421634,1527222.894,1526667,1527713,0,500
1600000,2e-04,365,0.0454950342443861,0.0454056071852255,0.045586672700095,0.0424239671445504,0.0486171564685154,74113.016,69117,79192,1515216.386,1514007,1516363,1629035.398,1628593,1629494,0,500
1700000,2e-04,365,0.0454680895796724,0.0453773127120201,0.0455595899244295,0.0427441194263035,0.0482738260989128,78698.4,73979,83559,1609916.008,1608735,1611043,1730848.742,1730243,1731384,0,500
1800000,2e-04,365,0.0455080539151456,0.0454203811642509,0.0456015072325928,0.0427751291198029,0.0487091664379454,83401.38,78398,89267,1704620.636,1703502,1705712,1832672.984,1832180,1833213,0,500
1900000,2e-04,365,0.0455145951631598,0.0454173202082613,0.045613363304079,0.0427012243040907,0.0492173468095609,88046.988,82591,95224,1799317.448,1798091,1800448,1934478.118,1933959,1934995,0,500
2e+06,2e-04,365,0.0454576269534172,0.0453707402959938,0.0455432936053529,0.0416354234033035,0.0493181746761256,92564.802,84788,100441,1894001.222,1892889,1895035,2036287.646,2035663,2036775,0,500
2100000,2e-04,365,0.0455373666623896,0.0454580700085935,0.0456215764050258,0.0429345256550731,0.0486441075957479,97363.434,91809,103994,1988696.93,1987349,1990463,2138100.024,2137429,2138817,0,500
2200000,2e-04,365,0.0456274183562002,0.0455470442802114,0.0457114021403796,0.042486525287462,0.0490637683902638,102201.654,95175,109905,2083395.634,2081911,2084727,2239917.438,2239409,2240586,0,500
2300000,2e-04,365,0.0454784578158009,0.0453966185537546,0.0455646689860106,0.0425069341686364,0.0486438358211823,106498.414,99537,113910,2178105.006,2176713,2179749,2341733.298,2341117,2342337,0,500
2400000,2e-04,365,0.0455173696880971,0.0454404474955823,0.045604646715672,0.0428138323185939,0.0481142810846244,111223.72,104629,117585,2272802.682,2271544,2274328,2443544.468,2442908,2444240,0,500
2500000,2e-04,365,0.0455630324327184,0.0454833863475204,0.0456498750449118,0.0428586862363407,0.0484080842400379,115974.136,109094,123213,2367495.82,2365863,2368643,2545356.198,2544559,2546006,0,500
