"initpop","b","ts","mean.propinf.boot","lowCI95.propinf.boot","highCI95.propinf.boot","min.propinf","max.propinf","mean.inf","min.inf","max.inf","mean.curpop","min.curpop","max.curpop","mean.alltimepop","min.alltimepop","max.alltimepop","zeroevent","N"
10000,0,1825,0.0342213836477987,0.0301474213836478,0.0384724921383648,1e-04,0.2166,342.213836477987,1,2166,9627.60062893082,9567,9681,10000,10000,10000,318,318
20000,0,1825,0.0341503416856492,0.0308382374715262,0.0375455951025057,5e-05,0.16205,683.006833712984,1,3241,19257.9020501139,19180,19327,20000,20000,20000,439,439
30000,0,1825,0.0745977459016393,0.0690495696721311,0.0804384016393443,3.33333333333333e-05,0.250033333333333,2237.93237704918,1,7501,28883.2151639344,28756,28972,30000,30000,30000,485,488
40000,0,1825,0.101590404040404,0.0956494027777778,0.107620362373737,2.5e-05,0.23485,4063.61616161616,1,9394,38510.2121212121,38394,38607,40000,40000,40000,453,495
50000,0,1825,0.151428473895582,0.144362037148594,0.157712762048193,2e-05,0.24632,7571.42369477912,1,12316,48131.9317269076,48002,48232,50000,50000,50000,361,498
60000,0,1825,0.168158634538153,0.162490535475234,0.173981267570281,3.33333333333333e-05,0.23445,10089.5180722892,2,14067,57756.2791164659,57629,57882,60000,60000,60000,272,498
70000,0,1825,0.196562342857143,0.191883294285714,0.201189095,0.00271428571428571,0.244557142857143,13759.364,190,17119,67378.524,67245,67524,70000,70000,70000,184,500
80000,0,1825,0.206312825,0.203096933125,0.209458236875,0.0023375,0.23965,16505.026,187,19172,77001.572,76859,77153,80000,80000,80000,112,500
90000,0,1825,0.218756133333333,0.215524587222222,0.221721192777778,3.33333333333333e-05,0.2485,19688.052,3,22365,86625.956,86474,86767,90000,90000,90000,66,500
1e+05,0,1825,0.21867772,0.216558481,0.220542183,0.00206,0.23849,21867.772,206,23849,96250.884,96113,96396,1e+05,1e+05,1e+05,46,500
150000,0,1825,0.228922026666667,0.228486331333333,0.229349458,0.184106666666667,0.242553333333333,34338.304,27616,36383,144372.274,144171,144561,150000,150000,150000,2,500
2e+05,0,1825,0.23192662,0.2315617265,0.23228615875,0.219995,0.2472,46385.324,43999,49440,192491,192270,192711,2e+05,2e+05,2e+05,0,500
250000,0,1825,0.233350584,0.2330135778,0.2337078074,0.222596,0.247452,58337.646,55649,61863,240613.736,240363,240837,250000,250000,250000,0,500
3e+05,0,1825,0.23455752,0.2342197565,0.234899918833333,0.22088,0.245253333333333,70367.256,66264,73576,288733.988,288460,288985,3e+05,3e+05,3e+05,0,500
350000,0,1825,0.235462651428571,0.235097953,0.235795450142857,0.224805714285714,0.248597142857143,82411.928,78682,87009,336856.678,336556,337147,350000,350000,350000,0,500
4e+05,0,1825,0.23634218,0.236024796875,0.236635909625,0.223575,0.246985,94536.872,89430,98794,384977.778,384624,385265,4e+05,4e+05,4e+05,0,500
450000,0,1825,0.23703916,0.236766773,0.237324504666667,0.224055555555556,0.246262222222222,106667.622,100825,110818,433099.352,432728,433419,450000,450000,450000,0,500
5e+05,0,1825,0.237498344,0.2372309579,0.2377666496,0.228482,0.246996,118749.172,114241,123498,481218.73,480877,481586,5e+05,5e+05,5e+05,0,500
550000,0,1825,0.237866105454545,0.237597722545455,0.238162188545455,0.224798181818182,0.247627272727273,130826.358,123639,136195,529340.372,528903,529733,550000,550000,550000,0,500
6e+05,0,1825,0.237974236666667,0.237737646916667,0.238218164916667,0.22825,0.24605,142784.542,136950,147630,577463.786,577025,577839,6e+05,6e+05,6e+05,0,500
650000,0,1825,0.23829048,0.238039119,0.238540719769231,0.229238461538462,0.247241538461538,154888.812,149005,160707,625583.802,625120,625963,650000,650000,650000,0,500
7e+05,0,1825,0.238651608571429,0.238424366071429,0.238883416,0.22852,0.246455714285714,167056.126,159964,172519,673704.38,673247,674103,7e+05,7e+05,7e+05,0,500
750000,0,1825,0.238643557333333,0.238423668066667,0.2388580888,0.231672,0.248066666666667,178982.668,173754,186050,721826.028,721382,722240,750000,750000,750000,0,500
8e+05,0,1825,0.2388221425,0.238604344,0.239044180375,0.23171125,0.24677875,191057.714,185369,197423,769945.244,769490,770362,8e+05,8e+05,8e+05,0,500
850000,0,1825,0.238844449411765,0.238632288764706,0.239066062823529,0.231932941176471,0.247487058823529,203017.782,197143,210364,818067.882,817598,818525,850000,850000,850000,0,500
9e+05,0,1825,0.238937235555556,0.238718723111111,0.239156876111111,0.230503333333333,0.247636666666667,215043.512,207453,222873,866189.824,865699,866652,9e+05,9e+05,9e+05,0,500
950000,0,1825,0.239214538947368,0.239002399157895,0.239435766842105,0.232575789473684,0.247430526315789,227253.812,220947,235059,914309.876,913786,914775,950000,950000,950000,0,500
1e+06,0,1825,0.239109442,0.2389020472,0.23931655905,0.232196,0.247165,239109.442,232196,247165,962431.498,961873,962907,1e+06,1e+06,1e+06,0,500
1100000,0,1825,0.239150843636364,0.238956878954545,0.239347163545455,0.233105454545455,0.24641,263065.928,256416,271051,1058673.294,1058129,1059194,1100000,1100000,1100000,0,500
1200000,0,1825,0.239428256666667,0.239232861458333,0.239629539208333,0.232903333333333,0.247705833333333,287313.908,279484,297247,1154915.736,1154360,1155480,1200000,1200000,1200000,0,500
1300000,0,1825,0.239344303076923,0.239161086076923,0.239535777230769,0.232896153846154,0.247804615384615,311147.594,302765,322146,1251157.662,1250539,1251721,1300000,1300000,1300000,0,500
1400000,0,1825,0.239588371428571,0.239404366357143,0.239776411321429,0.233511428571429,0.247406428571429,335423.72,326916,346369,1347399.538,1346786,1347986,1400000,1400000,1400000,0,500
1500000,0,1825,0.239603137333333,0.239417151533333,0.2397808915,0.234642666666667,0.248152,359404.706,351964,372228,1443638.904,1442919,1444264,1500000,1500000,1500000,0,500
1600000,0,1825,0.2396104075,0.2394144419375,0.2397960154375,0.23325625,0.247485,383376.652,373210,395976,1539888.252,1539259,1540613,1600000,1600000,1600000,0,500
1700000,0,1825,0.239865307058824,0.239691554294118,0.240054201647059,0.234098235294118,0.248425882352941,407771.022,397967,422324,1636119.072,1635531,1636883,1700000,1700000,1700000,0,500
1800000,0,1825,0.239733715555556,0.239549496194444,0.239909917944444,0.233877222222222,0.247393333333333,431520.688,420979,445308,1732344.266,1731484,1733215,1800000,1800000,1800000,0,500
1900000,0,1825,0.239737890526316,0.239564712736842,0.239923107315789,0.234427894736842,0.245808421052632,455501.992,445413,467036,1828589.204,1827784,1829450,1900000,1900000,1900000,0,500
2e+06,0,1825,0.239698644,0.2395247566,0.239865431225,0.2349815,0.2461005,479397.288,469963,492201,1924843.302,1924015,1925564,2e+06,2e+06,2e+06,0,500
2100000,0,1825,0.239908735238095,0.239721104833333,0.240092037119048,0.233929047619048,0.24783,503808.344,491251,520443,2021073.496,2020126,2021865,2100000,2100000,2100000,0,500
2200000,0,1825,0.239839944545455,0.239660191681818,0.240017431159091,0.233358636363636,0.246011818181818,527647.878,513389,541226,2117323.194,2116537,2118163,2200000,2200000,2200000,0,500
2300000,0,1825,0.239892649565217,0.239723797086957,0.240064265456522,0.234587391304348,0.246877391304348,551753.094,539551,567818,2213564.462,2212670,2214373,2300000,2300000,2300000,0,500
2400000,0,1825,0.2398628825,0.239694296916667,0.240037891666667,0.23368,0.2457525,575670.918,560832,589806,2309803.496,2308753,2310573,2400000,2400000,2400000,0,500
2500000,0,1825,0.2399592384,0.2397833153,0.24013973654,0.2350032,0.2470976,599898.096,587508,617744,2406044.758,2405178,2407088,2500000,2500000,2500000,0,500
10000,2e-05,1825,0.0317652228029979,0.0280408611587645,0.0355936097653433,9.59324635456639e-05,0.167502410800386,329.201257861635,1,1737,9984.27672955975,9902,10070,10363.144654088,10307,10424,318,318
20000,2e-05,1825,0.0402046474884942,0.0367467938795034,0.0443512747157957,4.80746117975097e-05,0.176243733127651,833.446469248292,1,3656,19972.8359908884,19832,20078,20729.0956719818,20643,20812,439,439
30000,2e-05,1825,0.0744871513593297,0.0689624608513771,0.0799950196779519,3.21047900346732e-05,0.231621899498779,2316.06967213115,1,7209,29956.8504098361,29785,30090,31093.5020491803,30999,31206,477,488
40000,2e-05,1825,0.10682429465587,0.100440659392179,0.113298297408585,2.41190516388896e-05,0.237266901170915,4428.77171717172,1,9848,39939.395959596,39767,40094,41457.0222222222,41351,41567,438,495
50000,2e-05,1825,0.147478381086733,0.140979818842947,0.154040255251865,1.9274879050134e-05,0.234020797561399,7642.48192771084,1,12130,49919.09437751,49688,50121,51822.1666666667,51691,51963,351,498
60000,2e-05,1825,0.176846682543002,0.171913718940149,0.182038741575176,3.21652004696119e-05,0.236809559756509,10997.8293172691,2,14744,59901.3092369478,59661,60095,62187.453815261,62046,62344,226,498
70000,2e-05,1825,0.193377034622202,0.18805930361667,0.197812721088972,0.00246671995149243,0.237524289907802,14029.522,179,17235,69880.976,69661,70092,72551.256,72402,72711,167,500
80000,2e-05,1825,0.200561490612175,0.196712449320965,0.2038416678628,0.001507786207978,0.234014883317679,16629.898,125,19434,79864.154,79617,80073,82916.766,82745,83091,115,500
90000,2e-05,1825,0.214648693904899,0.212160211815033,0.216675655112479,3.2127137793294e-05,0.238600212089077,20022.38,3,22275,89843.756,89587,90103,93279.86,93115,93465,59,500
1e+05,2e-05,1825,0.213811302674153,0.211756267753434,0.215609297719479,0.00418971492561808,0.240215377489578,22160.526,434,24894,99827.266,99561,100095,103644.844,103454,103833,38,500
150000,2e-05,1825,0.225968647806028,0.225534758101544,0.22639105235881,0.182836925056288,0.238751230560363,35131.002,28422,37106,149737.188,149398,150090,155468.482,155245,155703,2,500
2e+05,2e-05,1825,0.225685201494491,0.225313079156053,0.226054727610871,0.214411519178525,0.239364858801222,46782.698,44434,49611,199645.152,199285,200025,207291.664,207017,207592,0,500
250000,2e-05,1825,0.230003666507515,0.229662550258366,0.2303604749221,0.219257836010926,0.243277873619779,59597.424,56829,63035,249556.022,249136,249968,259115.124,258810,259430,0,500
3e+05,2e-05,1825,0.22902522762041,0.228688363722021,0.229350653509459,0.21750039405159,0.241476240250864,71212.592,67615,75081,299466.49,299003,299921,310937.816,310625,311286,0,500
350000,2e-05,1825,0.231850151131227,0.231533937808148,0.232174305046081,0.219983193508837,0.243166257179807,84106.01,79844,88184,349374.768,348829,349851,362760.278,362421,363132,0,500
4e+05,2e-05,1825,0.231391531554746,0.231078827887497,0.231693005143194,0.219743288072828,0.241313430531567,95931.276,91146,100036,399287.026,398753,399801,414584.306,414215,414989,0,500
450000,2e-05,1825,0.233339726958995,0.233055803431255,0.233634900826464,0.221197870090991,0.244482551659093,108831.206,103147,114056,449194.872,448601,449729,466406.696,465992,466823,0,500
5e+05,2e-05,1825,0.232756185439194,0.232476971232281,0.233044089651687,0.222772831301354,0.241765536832192,120621.462,115444,125280,499107.176,498526,499684,518231.018,517805,518669,0,500
550000,2e-05,1825,0.234091636499265,0.233825820870716,0.234371326988812,0.222301784535894,0.244160171148501,133445.064,126664,139236,549015.86,548389,549639,570054.928,569605,570517,0,500
6e+05,2e-05,1825,0.233393880497187,0.233133276480285,0.233638322829638,0.225097769315872,0.242319052159219,145142.492,139982,150713,598927.066,598260,599591,621877.794,621407,622365,0,500
650000,2e-05,1825,0.234635838462617,0.234393488361999,0.23486565635099,0.223693560710021,0.243974357071839,158074.428,150784,164407,648834.98,648120,649518,673701.136,673235,674208,0,500
7e+05,2e-05,1825,0.234276221714911,0.234051619630916,0.234498171779414,0.2251270928788,0.243188377035218,169972.934,163275,176457,698743.744,698003,699469,725523.602,725044,726031,0,500
750000,2e-05,1825,0.235032987084468,0.234819699109188,0.235245493078955,0.228435793360307,0.243962676257438,182702.104,177562,189660,748654.582,747916,749405,777346.79,776845,777887,0,500
8e+05,2e-05,1825,0.23459723980067,0.234380589482229,0.234819811176124,0.226455959824607,0.244402717327728,194521.06,187679,202658,798565.802,797819,799310,829170.288,828643,829726,0,500
850000,2e-05,1825,0.235341776517143,0.235113796371897,0.235574058151511,0.2237931918931,0.24473420374666,207334.642,197190,215545,848472.792,847699,849267,880993.708,880428,881569,0,500
9e+05,2e-05,1825,0.23477398311374,0.234566141804181,0.234974506567186,0.226156212649869,0.246105114214966,219001.016,210980,229589,898384.448,897582,899207,932816.5,932254,933409,0,500
950000,2e-05,1825,0.235437121964058,0.235240429426892,0.235640939533607,0.229638275653294,0.242158760595652,231820.7,226055,238430,948291.904,947420,949163,984639.648,984079,985248,0,500
1e+06,2e-05,1825,0.234987698019404,0.234796083412425,0.23515323519585,0.226502156685726,0.242112231348814,243556.012,234832,250898,998202.776,997346,999073,1036462.77,1035870,1037088,0,500
1100000,2e-05,1825,0.235247555178313,0.235063185388072,0.235433921040709,0.228499145731157,0.242101458556673,268207.966,260391,275970,1098025.746,1097098,1098949,1140109.39,1139459,1140783,0,500
1200000,2e-05,1825,0.235330603499459,0.235153635502329,0.235500740724591,0.229387799079033,0.241536753075589,292693.91,285288,300371,1197843.916,1196902,1198804,1243756.33,1243102,1244444,0,500
1300000,2e-05,1825,0.235581222839039,0.235412639805222,0.235741641566249,0.230313391835517,0.24209556653976,317422.744,310380,326148,1297664.18,1296690,1298608,1347402.56,1346732,1348115,0,500
1400000,2e-05,1825,0.235332896812435,0.235175792126837,0.235498295658737,0.229095139186561,0.242174359030922,341479.732,332434,351302,1397484.456,1396488,1398486,1451049.72,1450354,1451783,0,500
1500000,2e-05,1825,0.235517797613162,0.235359154849276,0.235673024410093,0.229743032143501,0.242091857245312,366157.794,357085,376379,1497296.318,1496250,1498458,1554692.636,1553910,1555564,0,500
1600000,2e-05,1825,0.23572837655701,0.235552019324693,0.235920411150769,0.230333454320508,0.243322237900551,390919.474,382026,403511,1597128.312,1596096,1598429,1658347.168,1657581,1659144,0,500
1700000,2e-05,1825,0.235506530578909,0.235360391313062,0.235673071611261,0.230961577533339,0.24233006071237,414957.462,406964,426885,1696914.91,1695807,1697879,1761978.46,1761050,1762756,0,500
1800000,2e-05,1825,0.235657061408897,0.235500526850178,0.235812848800284,0.23066530762734,0.241755032398982,439648.79,430427,451141,1796738.904,1795687,1797651,1865629.424,1864721,1866486,0,500
1900000,2e-05,1825,0.235721639493147,0.235570110043839,0.235879659747532,0.231469089457396,0.241595053266963,464203.39,455730,475734,1896576,1895298,1897649,1969286.314,1968295,1970207,0,500
2e+06,2e-05,1825,0.235784687342184,0.235641930550568,0.235935642723496,0.231551253484581,0.241980771893063,488763.908,480103,501653,1996387.09,1995079,1997371,2072924.826,2072112,2073604,0,500
2100000,2e-05,1825,0.235783576338548,0.235633537340811,0.235929535543046,0.231413686188494,0.240767499355624,513199.96,503574,524036,2096203.776,2094721,2097400,2176572.268,2175578,2177473,0,500
2200000,2e-05,1825,0.235849570401637,0.235695186768237,0.23599770127306,0.231230527852819,0.243127598365113,537788.174,527173,554399,2196027.68,2194784,2197304,2280216.932,2279432,2281174,0,500
2300000,2e-05,1825,0.235791044403368,0.235642971644401,0.235951139769846,0.232009944817673,0.242224797841178,562096.33,553008,577438,2295841.012,2294540,2297214,2383874.934,2383045,2384684,0,500
2400000,2e-05,1825,0.235868143653565,0.23572415409857,0.236008423075992,0.231603534977832,0.2418546945101,586725.098,575979,601771,2395663.15,2394445,2396940,2487513.092,2486677,2488368,0,500
2500000,2e-05,1825,0.235911894289402,0.23576622614473,0.23607977895783,0.231298500020839,0.242023548136979,611285.382,599349,627091,2495483.156,2494323,2496987,2591159.62,2590199,2592289,0,500
10000,5e-05,1825,0.0305303352268531,0.026866261296298,0.0340410882648474,9.05633037493208e-05,0.154401682055032,333.883647798742,1,1689,10546.9937106918,10419,10663,10936.4119496855,10855,11042,318,318
20000,5e-05,1825,0.0430638163643155,0.0386919453326159,0.0475548466336615,4.54111984015258e-05,0.241574831953907,941.820045558087,1,5283,21096.1047835991,20915,21275,21873.840546697,21727,22032,439,439
30000,5e-05,1825,0.0717851826427734,0.0663688214266256,0.0774280607475844,3.04228780042592e-05,0.223083732714674,2355.39344262295,1,7319,31641.3954918033,31418,31833,32809.6864754098,32637,32985,474,488
40000,5e-05,1825,0.116493587419968,0.10996794018364,0.122929557092263,2.28451328444475e-05,0.238600745841817,5096.02424242424,1,10429,42184.9656565657,41940,42412,43746.2141414141,43555,43944,434,495
50000,5e-05,1825,0.144626325862133,0.138350632829481,0.150969780536083,1.8265507415796e-05,0.226371381140887,7908.35140562249,1,12409,52728.2751004016,52476,52960,54684.375502008,54460,54919,341,498
60000,5e-05,1825,0.177910945940988,0.17216348852307,0.183547215707015,3.04975678189664e-05,0.239476972781859,11674.718875502,2,15714,63270.6927710843,63014,63576,65620.8313253012,65373,65886,224,498
70000,5e-05,1825,0.19015480222833,0.185784949916935,0.19443201857211,0.00181573550350737,0.229640757674722,14557.954,139,17579,73812.964,73529,74077,76557.872,76286,76827,144,500
80000,5e-05,1825,0.204008190973939,0.200534011379403,0.206938615125147,0.00298671427100141,0.232744122189806,17849.786,261,20352,84356.284,84053,84667,87495.538,87219,87780,96,500
90000,5e-05,1825,0.208352369574998,0.205438830066476,0.210805288725785,3.04271978579253e-05,0.232764837933101,20508.374,3,22915,94900.228,94528,95253,98431.654,98117,98738,49,500
1e+05,5e-05,1825,0.214211979176566,0.212162322184274,0.215977621243207,0.00329028543226125,0.232291923818928,23427.922,360,25406,105442.86,105080,105804,109368.362,109051,109688,26,500
150000,5e-05,1825,0.220201162328925,0.219825215516864,0.220585704633806,0.208525317535776,0.234313982320294,36124.98,34214,38461,158163.22,157738,158645,164054.572,163656,164465,0,500
2e+05,5e-05,1825,0.222815025375228,0.222449290059539,0.223186270797578,0.199694431610775,0.235681751664594,48738.362,43655,51537,210878.532,210406,211379,218739.074,218278,219199,1,500
250000,5e-05,1825,0.224396977761321,0.224091225619192,0.224720686341997,0.209096695835406,0.237081755483599,61355.724,57157,64798,263599.916,263070,264162,273425.072,272956,273934,0,500
3e+05,5e-05,1825,0.225609638500925,0.225299161638138,0.225927071401192,0.214664900178172,0.235737817830509,74024.632,70482,77351,316316.464,315686,316946,328109.174,327573,328686,0,500
350000,5e-05,1825,0.226298952003341,0.226000775273692,0.226602793747203,0.217184687450199,0.235405910570275,86625.766,83132,90051,369033.536,368343,369709,382793.45,382206,383400,0,500
4e+05,5e-05,1825,0.227070370031469,0.226770597698513,0.227366363016225,0.21474558148886,0.235685404982392,99338.618,93995,103069,421753.426,421047,422488,437479.394,436868,438122,0,500
450000,5e-05,1825,0.22781654376311,0.227541131634742,0.228111010238046,0.218137598517588,0.237548321010036,112123.314,107361,116879,474472.36,473698,475236,492165.052,491489,492862,0,500
5e+05,5e-05,1825,0.22816878465981,0.227888324740889,0.228475023901346,0.21702162681176,0.239365748054532,124773.772,118662,130912,527191.862,526412,528008,546848.588,546147,547577,0,500
550000,5e-05,1825,0.228239181244014,0.227958924967503,0.228497121860589,0.218279014024339,0.238524118716816,137293.822,131316,143488,579909.312,579085,580765,601534.658,600788,602320,0,500
6e+05,5e-05,1825,0.229131194395243,0.228894021162843,0.229356115430986,0.221304091347671,0.23644427233726,150357.644,145185,155089,632615.278,631771,633452,656207.488,655418,656929,0,500
650000,5e-05,1825,0.229146933688324,0.228924934307358,0.229385635848541,0.220035114304229,0.236012559576396,162901.688,156531,167770,685344.842,684523,686182,710905.14,710192,711731,0,500
7e+05,5e-05,1825,0.229287461660056,0.229028658045145,0.229515278865573,0.221074779537761,0.237765143003465,175538.04,169269,181994,738055.728,736982,738915,765580.716,764620,766414,0,500
750000,5e-05,1825,0.229318113946986,0.22909784425793,0.229535750822788,0.218162309793211,0.236900786495347,188101.664,178928,194311,790772.13,789842,791629,820265.342,819543,821176,0,500
8e+05,5e-05,1825,0.229727577212662,0.229539215811142,0.229925308399442,0.220783228933291,0.236152600056475,201002.438,193150,206570,843500.896,842535,844905,874960.35,874038,876059,0,500
850000,5e-05,1825,0.22959475094461,0.229405028939046,0.22979619778274,0.221613401745875,0.235614537906855,213443.566,206067,219085,896227.02,895203,897392,929653.494,928721,930466,0,500
9e+05,5e-05,1825,0.229969322154585,0.229782059539402,0.230173446394957,0.224315515456954,0.23664357854684,226365.908,220855,232973,948937.54,947976,950187,984330.914,983380,985301,0,500
950000,5e-05,1825,0.229783662064262,0.229583181285865,0.22997489641316,0.223190932868352,0.236555082506567,238749.044,231936,245754,1001655.68,1000589,1002871,1039016.458,1038137,1040012,0,500
1e+06,5e-05,1825,0.229897703023958,0.229714718985443,0.230072544403018,0.22216990748825,0.236220962307151,251438.082,243011,258194,1054368.72,1053527,1055441,1093695.554,1092779,1094898,0,500
1100000,5e-05,1825,0.2300273950016,0.229849499838095,0.230206526474054,0.22327073558929,0.23608373033155,276739.028,268636,284055,1159810.342,1158590,1160912,1203069.794,1202208,1204031,0,500
1200000,5e-05,1825,0.230042108468665,0.229874844869124,0.230207742721139,0.224504858865163,0.237029859546325,301914.11,294743,311160,1265235.448,1264004,1266453,1312430.014,1311452,1313503,0,500
1300000,5e-05,1825,0.230163524774414,0.229995909108787,0.230334304238706,0.22487169136728,0.236156373548877,327245.436,319759,335876,1370668.94,1369465,1371834,1421795.554,1420484,1422925,0,500
1400000,5e-05,1825,0.230391815306208,0.23022639243278,0.230542148190293,0.224345218848291,0.238896314209974,352770.696,343440,365702,1476114.87,1474589,1477555,1531177.096,1529795,1532283,0,500
1500000,5e-05,1825,0.230247776024615,0.230081443003799,0.230397350813065,0.224014631715291,0.236415761700593,377730.356,367690,388076,1581540.476,1579993,1582767,1640538.646,1639245,1641823,0,500
1600000,5e-05,1825,0.23019805670649,0.2300629899628,0.230350799400443,0.225512122168407,0.235583127118111,402821.862,394464,412221,1686965.186,1685263,1688193,1749892.546,1748612,1751046,0,500
1700000,5e-05,1825,0.230353569882401,0.230210990794426,0.230496050117471,0.224072796009474,0.237470007854445,428286.634,416552,441414,1792375.642,1791027,1793781,1859257.894,1858215,1860787,0,500
1800000,5e-05,1825,0.230399515089607,0.230243560009231,0.230551414811875,0.224981016499773,0.238936133353181,453571.224,442946,470314,1897815.752,1896558,1899409,1968629.436,1967351,1969940,0,500
1900000,5e-05,1825,0.230234230511553,0.230088928786971,0.230379444598272,0.225287187025587,0.236645327675012,478426.344,468049,491833,2003258.428,2001599,2004734,2077998.512,2076298,2079348,0,500
2e+06,5e-05,1825,0.230367602783258,0.230223543097169,0.230498989530444,0.22588969842126,0.235650554800424,503899.348,494206,515602,2108696.154,2107045,2110154,2187370.892,2186028,2188601,0,500
2100000,5e-05,1825,0.23034119848241,0.230213191867775,0.230458450769167,0.226252086702318,0.235052257344893,529034.474,519630,539892,2214141.642,2212699,2215721,2296742.84,2295507,2297944,0,500
2200000,5e-05,1825,0.230375477330945,0.230234149121318,0.230516445467256,0.225165029016433,0.235085637695053,554309.822,541836,565516,2319565.352,2317883,2321516,2406114.894,2404792,2407817,0,500
2300000,5e-05,1825,0.23043526398227,0.230298378547356,0.23056973658809,0.226729485738094,0.236286314376932,579656.356,570309,594451,2425000.928,2423293,2426941,2515484.672,2514242,2517398,0,500
2400000,5e-05,1825,0.230273950275226,0.230141582077508,0.230419140046855,0.22593290668971,0.236880590027271,604434.658,593000,621835,2530441.356,2528398,2531904,2624850.328,2623421,2626095,0,500
2500000,5e-05,1825,0.230352701728767,0.230222790570024,0.230486414885504,0.225125130469955,0.236191408149817,629836.366,615570,645898,2635883.506,2633853,2637600,2734225.99,2732549,2735493,0,500
10000,2e-04,1825,0.0221436977791886,0.019243409766288,0.0252292633299971,6.87379708551004e-05,0.134790528233151,316.795597484277,1,1924,13867.2830188679,13631,14098,14314.8176100629,14072,14550,318,318
20000,2e-04,1825,0.0369760221285227,0.0331111319948855,0.0409462614225881,3.45053655843484e-05,0.199100543857203,1058.430523918,1,5711,27736.4396355353,27416,28069,28632.5216400911,28264,28990,439,439
30000,2e-04,1825,0.0646355663347177,0.0588465613390759,0.069852909225089,2.32120888558761e-05,0.210585453779349,2775.82991803279,1,8996,41600.9221311475,41208,42067,42946.5840163934,42532,43404,451,488
40000,2e-04,1825,0.105450741201554,0.0993970097943356,0.11208525513778,1.74565767652963e-05,0.205776927092396,6038.56363636364,1,11834,55465.0767676768,55001,55968,57263.7838383838,56806,57782,370,495
50000,2e-04,1825,0.147844525006065,0.142002295547053,0.153131187604401,1.3953423472449e-05,0.206953665427923,10581.7108433735,1,14869,69321.9578313253,68812,69880,71577.0582329317,71034,72130,208,498
60000,2e-04,1825,0.160306134134433,0.154890800572725,0.165460165703158,2.33024187910705e-05,0.211760734696728,13769.8915662651,2,18193,83187.0060240964,82620,83835,85895.0883534137,85301,86519,133,498
70000,2e-04,1825,0.180744783189005,0.177641333361654,0.183831581253309,0.00137353067054175,0.206193473843579,18112.368,138,20701,97049.302,96423,97714,100211.538,99599,100908,64,500
80000,2e-04,1825,0.182902128941516,0.179588454705043,0.186279086329723,0.000620016941307974,0.209148160424263,20947.7,71,23978,110913.552,110187,111604,114529.028,113868,115260,40,500
90000,2e-04,1825,0.189246990511372,0.186650758865015,0.19160154618779,2.32032917736596e-05,0.207807430177138,24383.3,3,26771,124774.25,124052,125548,128843.786,128141,129624,19,500
1e+05,2e-04,1825,0.193214967502627,0.191869028443547,0.194178913637451,0.00330459569354591,0.207686549936692,27660.666,473,29689,138636.68,137917,139423,143159.972,142417,143953,5,500
150000,2e-04,1825,0.196770635186138,0.196410819920125,0.197141986264394,0.185973566641847,0.207149574917824,42256.394,39962,44504,207961.246,207104,208897,214749.564,213941,215705,0,500
2e+05,2e-04,1825,0.19882414497653,0.198489981707167,0.199150823089878,0.187001199910704,0.209774931266748,56926.122,53611,60201,277259.752,276309,278387,286314.166,285413,287326,0,500
250000,2e-04,1825,0.199847216127497,0.199569133832973,0.200125329383183,0.190588635913238,0.209200275969174,71521.65,68277,74896,346563.154,345540,347547,357882.08,356862,358848,0,500
3e+05,2e-04,1825,0.200785269373041,0.200520175246288,0.201064407885061,0.191731635824763,0.210324354117393,86232.644,82287,90438,415892.88,414547,417162,429477.14,428239,430744,0,500
350000,2e-04,1825,0.201493002970864,0.201229928449354,0.20174923822921,0.19204739423642,0.211062384779295,100955.84,96084,105787,485189.91,483738,486436,501039.146,499506,502449,0,500
4e+05,2e-04,1825,0.201624363401182,0.201371868693647,0.201861074408459,0.192310378178695,0.208343021172226,115452.05,110155,119265,554496.796,552981,556539,572609.564,571342,574425,0,500
450000,2e-04,1825,0.201954823981782,0.201711848595067,0.202206643686606,0.195290662896297,0.210723863084704,130099.504,125692,135864,623822.762,622204,625593,644201.404,642594,645822,0,500
5e+05,2e-04,1825,0.202488720110023,0.20224561843858,0.202728200058509,0.193458271583555,0.211067084408404,144935.55,138502,151173,693128.396,691569,694819,715771.412,714213,717522,0,500
550000,2e-04,1825,0.202847862858295,0.202638170002993,0.203080535276252,0.194833409216869,0.210991527887634,159710.99,153624,166186,762434.534,760887,764012,787343.896,785724,789037,0,500
6e+05,2e-04,1825,0.202883660629729,0.202649928942449,0.203095904329128,0.196056091250217,0.210309465849632,174263.708,168292,180390,831760.434,829853,833671,858934.78,857029,860707,0,500
650000,2e-04,1825,0.203084032394312,0.20286454949203,0.203327327559409,0.195283615894481,0.211028983857771,188970.5,181753,196541,901064.016,898927,903123,930504.326,928496,932308,0,500
7e+05,2e-04,1825,0.203065094571529,0.20284073251039,0.203270741516935,0.195671007755338,0.211851059285239,203490.132,196268,212254,970388.256,968500,972497,1002093.738,1000259,1004408,0,500
750000,2e-04,1825,0.203312883930099,0.20308350614218,0.203531252332346,0.196076257622874,0.210445259561607,218289.522,210471,225877,1039692.6,1037737,1041709,1073663.074,1071929,1075523,0,500
8e+05,2e-04,1825,0.203597576558192,0.203355638104987,0.203829013600743,0.197220921237049,0.210061357184285,233172.854,226095,240849,1109027.774,1106576,1111638,1145263.666,1143116,1147534,0,500
850000,2e-04,1825,0.203990489638364,0.203783244414135,0.204199884740767,0.196263618115731,0.21010803325238,248227.214,238770,255785,1178354.896,1175647,1180283,1216857.132,1214347,1218788,0,500
9e+05,2e-04,1825,0.203997998596723,0.203796915785609,0.204211470777589,0.197601234546818,0.211458030054231,262838.142,254559,272359,1247667.434,1245354,1249993,1288435.814,1286118,1290583,0,500
950000,2e-04,1825,0.204302638608685,0.204093224482422,0.20451359239983,0.197406614515575,0.211753740950145,277851.7,268427,287861,1316967.062,1314756,1319048,1360000.782,1357880,1362194,0,500
1e+06,2e-04,1825,0.204354191243539,0.204146341916994,0.204562501540794,0.197926643793939,0.210417201096283,292548.232,283312,301034,1386274.32,1383692,1388968,1431574.464,1429300,1434469,0,500
1100000,2e-04,1825,0.204383858798309,0.204189506159695,0.204583336040347,0.198321675657312,0.210634908131815,321853.016,312314,331584,1524919.928,1522759,1527635,1574748.442,1572812,1577270,0,500
1200000,2e-04,1825,0.204558647401229,0.204351023872789,0.204762912510336,0.198227738869726,0.210544121825898,351408.66,340671,361575,1663528.19,1660577,1665909,1717887.542,1715262,1720237,0,500
1300000,2e-04,1825,0.204746293149052,0.204545936896687,0.204930720203529,0.19759790314791,0.209521926457085,381040.134,367820,389962,1802142.768,1799342,1804807,1861035.192,1858480,1863469,0,500
1400000,2e-04,1825,0.204929152242079,0.204737268608775,0.205125977827005,0.198847547069227,0.210563823809177,410715.084,398367,421924,1940747.436,1937709,1943353,2004181.148,2001111,2007080,0,500
1500000,2e-04,1825,0.204853686586472,0.204652484846511,0.205053049241942,0.19885540460176,0.210080166844655,439887.222,426990,451073,2079355.038,2075989,2082642,2147324.48,2144487,2150477,0,500
1600000,2e-04,1825,0.205076643243056,0.204885113685416,0.205264137468459,0.198923240132649,0.210666188154734,469723.984,455464,482517,2217977.852,2215167,2220353,2290480.016,2287633,2292952,0,500
1700000,2e-04,1825,0.205265536075476,0.205093276945421,0.205440146874594,0.198503515697914,0.210001586040216,499542.694,482807,511088,2356607.076,2353517,2359694,2433641.092,2430812,2436851,0,500
1800000,2e-04,1825,0.205137070578278,0.204966125582107,0.205319868396959,0.197727422563669,0.210406559227475,528602.286,509854,542066,2495259.884,2491065,2498516,2576825.282,2572927,2580076,0,500
1900000,2e-04,1825,0.205194675354294,0.205026746592558,0.205370028598838,0.198515896774336,0.211076715635188,558130.866,540129,574196,2633913.078,2630689,2637177,2720007.188,2717027,2723145,0,500
2e+06,2e-04,1825,0.205156335634951,0.204990291565578,0.205310862103954,0.200119262500817,0.209697439604922,587393.746,572860,600412,2772524.288,2769062,2775968,2863151.784,2859452,2866375,0,500
2100000,2e-04,1825,0.205314809637296,0.205161592887514,0.20546370839427,0.199192403029852,0.209733506332646,617250.264,599158,630674,2911211.242,2907607,2915618,3006359.982,3002958,3010469,0,500
2200000,2e-04,1825,0.205423159238421,0.205254499967777,0.205592198231412,0.2000022206748,0.210405605530309,646985.544,630331,662364,3049833.572,3045879,3053687,3149525.59,3145591,3153104,0,500
2300000,2e-04,1825,0.205454720801742,0.20530696318675,0.205619571842543,0.198922172745717,0.211128384954381,676501.294,655035,695049,3188472.488,3184862,3191875,3292703.07,3289475,3296282,0,500
2400000,2e-04,1825,0.205497109949428,0.205345233302922,0.205642517609918,0.200671104405436,0.209423683283642,706057.938,689352,720047,3327105.164,3323447,3330943,3435853.672,3432242,3439634,0,500
2500000,2e-04,1825,0.205583155015483,0.205431738432216,0.205744797947842,0.200491655435533,0.210229163180466,735785.6,717627,752534,3465727.22,3460766,3470084,3579016.74,3574226,3583181,0,500
10000,0,365,0.0299138364779874,0.0268387971698113,0.0331527358490566,1e-04,0.0973,299.138364779874,1,973,9923.40251572327,9899,9948,10000,10000,10000,269,318
20000,0,365,0.0251150341685649,0.0230977761958998,0.0270296583143508,5e-05,0.06595,502.300683371298,1,1319,19848.0728929385,19809,19891,20000,20000,20000,319,439
30000,0,365,0.034983674863388,0.0332496738387978,0.036727443647541,3.33333333333333e-05,0.0630666666666667,1049.51024590164,1,1892,29771.4959016393,29719,29822,30000,30000,30000,209,488
40000,0,365,0.0363823737373737,0.0348638042929293,0.0378219368686869,2.5e-05,0.057475,1455.29494949495,1,2299,39695.6787878788,39643,39759,40000,40000,40000,141,495
50000,0,365,0.0421587550200803,0.0409155251004016,0.0434067831325301,2e-05,0.05902,2107.93775100402,1,2951,49618.6325301205,49559,49683,50000,50000,50000,67,498
60000,0,365,0.0417484270414993,0.0407885199129853,0.0427009354082999,3.33333333333333e-05,0.0568833333333333,2504.90562248996,2,3413,59542.5301204819,59476,59609,60000,60000,60000,47,498
70000,0,365,0.0445173428571429,0.0437095485714286,0.0452140278571429,0.00271428571428571,0.0613571428571429,3116.214,190,4295,69465.776,69398,69548,70000,70000,70000,21,500
80000,0,365,0.04434125,0.0438891225,0.044740760625,0.0023375,0.0531875,3547.3,187,4255,79389.568,79320,79475,80000,80000,80000,5,500
90000,0,365,0.0454957777777778,0.0450049588888889,0.0459581688888889,3.33333333333333e-05,0.0555222222222222,4094.62,3,4997,89313.382,89241,89398,90000,90000,90000,7,500
1e+05,0,365,0.04456962,0.044179066,0.0449171375,0.00206,0.05289,4456.962,206,5289,99237.146,99152,99341,1e+05,1e+05,1e+05,3,500
150000,0,365,0.0461683066666667,0.0459446996666667,0.046394587,0.0374466666666667,0.0565133333333333,6925.246,5617,8477,148855.776,148751,148966,150000,150000,150000,0,500
2e+05,0,365,0.04598156,0.0457926005,0.046179322,0.03847,0.05331,9196.312,7694,10662,198473.692,198364,198605,2e+05,2e+05,2e+05,0,500
250000,0,365,0.046913376,0.0467216728,0.0471052444,0.039692,0.0554,11728.344,9923,13850,248091.926,247966,248238,250000,250000,250000,0,500
3e+05,0,365,0.0466889333333333,0.0465042548333333,0.0468865273333333,0.0413866666666667,0.0534833333333333,14006.68,12416,16045,297710.604,297564,297858,3e+05,3e+05,3e+05,0,500
350000,0,365,0.0472481771428571,0.0470531628571429,0.0474294595714286,0.04142,0.0548028571428571,16536.862,14497,19181,347328.996,347174,347491,350000,350000,350000,0,500
4e+05,0,365,0.046892665,0.04672948525,0.047067756625,0.0418575,0.055015,18757.066,16743,22006,396947.776,396793,397134,4e+05,4e+05,4e+05,0,500
450000,0,365,0.0474618355555556,0.0473141714444444,0.0476166823333333,0.0429022222222222,0.0524977777777778,21357.826,19306,23624,446565.93,446400,446760,450000,450000,450000,0,500
5e+05,0,365,0.04721958,0.0470758219,0.047353471,0.041466,0.052858,23609.79,20733,26429,496183.854,496006,496403,5e+05,5e+05,5e+05,0,500
550000,0,365,0.0474235454545455,0.0472750503636364,0.0475708815454546,0.0427,0.0520454545454545,26082.95,23485,28625,545801.82,545611,546028,550000,550000,550000,0,500
6e+05,0,365,0.04726794,0.047120563,0.0474137915,0.0427983333333333,0.051965,28360.764,25679,31179,595420.768,595227,595658,6e+05,6e+05,6e+05,0,500
650000,0,365,0.0474049476923077,0.0472714716153846,0.0475274403846154,0.0433446153846154,0.0515923076923077,30813.216,28174,33535,645038.036,644831,645284,650000,650000,650000,0,500
7e+05,0,365,0.0475026828571429,0.0473659066428571,0.0476364057142857,0.0422,0.0518914285714286,33251.878,29540,36324,694656.472,694435,694911,7e+05,7e+05,7e+05,0,500
750000,0,365,0.0474880346666667,0.0473635321333333,0.0476170594,0.0435253333333333,0.051328,35616.026,32644,38496,744274.84,744049,744526,750000,750000,750000,0,500
8e+05,0,365,0.047451345,0.0473307144375,0.04757884575,0.0435125,0.05171,37961.076,34810,41368,793893.372,793670,794155,8e+05,8e+05,8e+05,0,500
850000,0,365,0.0474644470588235,0.0473402153529412,0.0475856883529412,0.04276,0.0535882352941176,40344.78,36346,45550,843511.902,843279,843769,850000,850000,850000,0,500
9e+05,0,365,0.0475672377777778,0.0474434999444444,0.0476943361111111,0.0431411111111111,0.0522066666666667,42810.514,38827,46986,893130.008,892891,893407,9e+05,9e+05,9e+05,0,500
950000,0,365,0.0475807557894737,0.0474528218947368,0.0477056936315789,0.0433936842105263,0.0517263157894737,45201.718,41224,49140,942747.972,942497,943032,950000,950000,950000,0,500
1e+06,0,365,0.047561056,0.0474399015,0.04767889975,0.043931,0.051354,47561.056,43931,51354,992366.604,992117,992663,1e+06,1e+06,1e+06,0,500
1100000,0,365,0.0475979036363636,0.0474774012272727,0.0477105912272727,0.0434136363636364,0.0517536363636364,52357.694,47755,56929,1091604.618,1091352,1091913,1100000,1100000,1100000,0,500
1200000,0,365,0.0476688916666667,0.047561766,0.0477850740416667,0.0437758333333333,0.0517633333333333,57202.67,52531,62116,1190840.476,1190572,1191153,1200000,1200000,1200000,0,500
1300000,0,365,0.0476070769230769,0.0474993610384615,0.0477238083461538,0.0427684615384615,0.0521446153846154,61889.2,55599,67788,1290076.834,1289795,1290390,1300000,1300000,1300000,0,500
1400000,0,365,0.0475610414285714,0.0474549900357143,0.0476593280357143,0.0442085714285714,0.0510914285714286,66585.458,61892,71528,1389314.168,1389030,1389641,1400000,1400000,1400000,0,500
1500000,0,365,0.0475744386666667,0.0474705585666667,0.0476811854,0.0443473333333333,0.051314,71361.658,66521,76971,1488547.812,1488187,1488927,1500000,1500000,1500000,0,500
1600000,0,365,0.0476521225,0.0475500935625,0.04775832696875,0.044588125,0.051668125,76243.396,71341,82669,1587791.794,1587452,1588128,1600000,1600000,1600000,0,500
1700000,0,365,0.0475794576470588,0.0474765982941176,0.0476712568529412,0.0436223529411765,0.0509870588235294,80885.078,74158,86678,1687022.02,1686607,1687422,1700000,1700000,1700000,0,500
1800000,0,365,0.0476267544444444,0.0475301493888889,0.0477172833055556,0.043405,0.0508322222222222,85728.158,78129,91498,1786257.41,1785938,1786610,1800000,1800000,1800000,0,500
1900000,0,365,0.0476318831578947,0.0475363376578947,0.0477279488684211,0.0447610526315789,0.0518721052631579,90500.578,85046,98557,1885498.094,1885214,1885853,1900000,1900000,1900000,0,500
2e+06,0,365,0.04762665,0.047537053475,0.047711227725,0.0445535,0.0506805,95253.3,89107,101361,1984735.982,1984402,1985109,2e+06,2e+06,2e+06,0,500
2100000,0,365,0.0476352552380952,0.0475431289523809,0.0477170176904762,0.0443271428571429,0.0505142857142857,100034.036,93087,106080,2083974.052,2083524,2084313,2100000,2100000,2100000,0,500
2200000,0,365,0.0477127354545455,0.04762706725,0.0478043711590909,0.0441581818181818,0.0505409090909091,104968.018,97148,111190,2183212.694,2182848,2183683,2200000,2200000,2200000,0,500
2300000,0,365,0.0476833269565217,0.0475966651304348,0.0477656322826087,0.0447617391304348,0.0504804347826087,109671.652,102952,116105,2282449.936,2282053,2282824,2300000,2300000,2300000,0,500
2400000,0,365,0.0477246066666667,0.0476383536666667,0.0478172232708333,0.0448358333333333,0.0505216666666667,114539.056,107606,121252,2381687.902,2381241,2382117,2400000,2400000,2400000,0,500
2500000,0,365,0.047716204,0.04763314068,0.0477980637,0.044498,0.0505496,119290.51,111245,126374,2480925.31,2480492,2481408,2500000,2500000,2500000,0,500
10000,2e-05,365,0.0289479890803393,0.0259521564850824,0.0318446386892703,9.90197049212793e-05,0.0944389275074479,291.619496855346,1,951,9996.2893081761,9960,10031,10072.9622641509,10050,10107,281,318
20000,2e-05,365,0.0275286279428178,0.0254818089347044,0.0298132881220912,4.95785820525533e-05,0.0729796727813585,554.603644646925,1,1472,19993.7744874715,19946,20041,20146.3621867882,20108,20186,302,439
30000,2e-05,365,0.0350822611466519,0.0332712190004069,0.0369598420853696,3.3072064027516e-05,0.0628926658289796,1060.125,1,1902,29989.4610655738,29928,30048,30218.7643442623,30170,30270,200,488
40000,2e-05,365,0.0379245554916181,0.0363392886995285,0.0395268325076172,2.48151273016031e-05,0.0597718253968254,1528.07676767677,1,2410,39986.4161616162,39918,40066,40291.9434343434,40245,40353,135,495
50000,2e-05,365,0.0416966682945759,0.0404893510655798,0.0428648766902423,1.98554523072036e-05,0.057939360244624,2100.03413654618,1,2918,49981.9558232932,49904,50067,50364.6004016064,50306,50423,70,498
60000,2e-05,365,0.043444705728031,0.0425840809297681,0.0442843494761461,3.30895734753979e-05,0.0591370264320826,2625.73493975904,2,3573,59978.734939759,59886,60066,60438.0481927711,60374,60506,33,498
70000,2e-05,365,0.0443668299954366,0.0435929107548044,0.0450583932475735,0.00253828701077708,0.0576222149735502,3128.32,179,4063,69974.52,69873,70070,70510.654,70444,70585,22,500
80000,2e-05,365,0.0445689650437878,0.0440526188566211,0.0450862876194912,0.00155061838661258,0.0560063525149507,3591.544,125,4514,79971.34,79867,80069,80584.038,80507,80659,9,500
90000,2e-05,365,0.0454029968174794,0.0450322051761493,0.0457131244012369,3.30687830687831e-05,0.0604137230660544,4116.058,3,5473,89967.044,89839,90073,90656.26,90574,90744,2,500
1e+05,2e-05,365,0.0450469220941253,0.0447011241521592,0.0453872693066972,0.00430901815943367,0.0539007092198582,4537.588,434,5434,99964.302,99829,100072,100729.944,100646,100815,2,500
150000,2e-05,365,0.0459703506682926,0.0457402959987058,0.0461948935084001,0.0383162046442681,0.0537830808632294,6945.872,5790,8127,149946.146,149798,150075,151094.704,150986,151196,0,500
2e+05,2e-05,365,0.0459155049762251,0.045696454361271,0.0461361942349357,0.0388790985132418,0.0528021841648052,9250.108,7832,10637,199927.056,199746,200067,201459.362,201344,201576,0,500
250000,2e-05,365,0.0466738907008017,0.0464733524320964,0.0468723956432651,0.0396074210294275,0.0538190308286082,11753.612,9972,13554,249909.12,249704,250078,251824.036,251693,251963,0,500
3e+05,2e-05,365,0.0464139598527788,0.0462219444124523,0.0466065053505738,0.041156579626517,0.0524414211128831,14025.786,12439,15850,299890.916,299666,300075,302188.846,302054,302320,0,500
350000,2e-05,365,0.047025430660241,0.0468665231717311,0.0471971441681841,0.0411007862759114,0.0522107497226455,16578.998,14490,18401,349873.466,349632,350071,352553.93,352409,352709,0,500
4e+05,2e-05,365,0.0468114644213025,0.0466516163864005,0.0469756143213787,0.0408041697691735,0.0518869797405279,18861.242,16440,20909,399855.562,399614,400066,402919.082,402764,403077,0,500
450000,2e-05,365,0.0472114387752754,0.0470352341293042,0.0473748604494134,0.0423352092603582,0.053473965664062,21400.176,19190,24239,449837.266,449588,450061,453283.824,453120,453446,0,500
5e+05,2e-05,365,0.0469687937452081,0.0468174595707904,0.0471290386651501,0.0427426288523666,0.0522342431761787,23655.798,21526,26313,499819.57,499571,500077,503649.306,503463,503824,0,500
550000,2e-05,365,0.0470628608551666,0.046921894302129,0.0471983291829897,0.0427193683879923,0.0522811886977346,26073.478,23667,28970,549800.474,549537,550064,554013.862,553823,554200,0,500
6e+05,2e-05,365,0.0469761419677274,0.0468317141184035,0.0471141252167093,0.0422121713112136,0.0511124274845538,28391.39,25507,30890,599782.514,599504,600055,604378.74,604180,604569,0,500
650000,2e-05,365,0.0472829407671863,0.0471446360906653,0.0474159688794378,0.043192134055824,0.0518134635886815,30958.184,28281,33923,649763.43,649469,650041,654743.284,654539,654947,0,500
7e+05,2e-05,365,0.0471875535960068,0.0470493547134668,0.0473297469058138,0.0432578851826639,0.0517735324568495,33272.346,30502,36505,699745.168,699444,700034,705108.31,704900,705318,0,500
750000,2e-05,365,0.0472883008853596,0.0471619784458764,0.0474285850704115,0.0426325549750556,0.0515517814151527,35725.046,32208,38950,749727.76,749408,750003,755473.346,755262,755682,0,500
8e+05,2e-05,365,0.047190224982655,0.0470602731543477,0.0473234846211782,0.0420390274651505,0.0512449837071304,38027.698,33879,41297,799709.834,799392,800004,805838.472,805614,806058,0,500
850000,2e-05,365,0.0473475224536395,0.0472221216407264,0.0474796984984004,0.0425231243576567,0.0532117807147154,40539.114,36410,45557,849691.312,849342,849994,856203.38,855969,856428,0,500
9e+05,2e-05,365,0.0472655757447058,0.0471478339480919,0.0474047064359469,0.0416959922337809,0.0514899230552026,42849.456,37797,46682,899673.124,899331,899983,906568.046,906316,906801,0,500
950000,2e-05,365,0.0473231449020663,0.0472072084689207,0.0474492610310309,0.0423906397788496,0.0522627694513324,45285.082,40560,50015,949654.418,949292,949979,956933.158,956671,957168,0,500
1e+06,2e-05,365,0.0472598361332749,0.0471473052936048,0.0473747835201586,0.0436226052441641,0.0518088268287308,47604.75,43939,52189,999637.21,999279,999961,1007298.15,1007036,1007539,0,500
1100000,2e-05,365,0.0473378065617215,0.0472251539947464,0.0474464681749476,0.0435064331475179,0.0513801639393083,52451.594,48209,56934,1099600.562,1099229,1099943,1108027.474,1107755,1108291,0,500
1200000,2e-05,365,0.0474332093454224,0.0473208219327933,0.0475497454717123,0.0438167419859983,0.0508274925903285,57335.244,52968,61445,1199564.318,1199176,1199923,1208757.554,1208467,1209036,0,500
1300000,2e-05,365,0.0473107147602602,0.0472093757238987,0.047419939440412,0.0431458532371991,0.0506711609274224,61952.794,56496,66355,1299528.396,1299100,1299903,1309487.332,1309184,1309778,0,500
1400000,2e-05,365,0.0473478604794774,0.0472417731542309,0.047457620722981,0.0435789085598009,0.0509417732326638,66770.766,61465,71836,1399492.544,1399043,1399866,1410217.286,1409906,1410516,0,500
1500000,2e-05,365,0.0473515860032113,0.0472510861869053,0.0474529037681838,0.043911772725949,0.0506539375557963,71545.59,66347,76542,1499449.66,1498977,1499842,1510943.934,1510612,1511301,0,500
1600000,2e-05,365,0.0474222256511693,0.0473327997136124,0.0475222186461977,0.0438592137232371,0.0524403858051601,76429.282,70690,84507,1599422.554,1598896,1599865,1611676.492,1611355,1611969,0,500
1700000,2e-05,365,0.0473574413211136,0.0472586898876367,0.0474438085838431,0.0444615752988653,0.0506488417440502,81094.716,76132,86729,1699369.844,1698775,1699830,1712396.494,1712021,1712715,0,500
1800000,2e-05,365,0.0473679273884418,0.0472702310780023,0.0474621200494074,0.0443962655006651,0.050537120280861,85883.986,80497,91638,1799333.454,1798905,1799837,1813125.08,1812850,1813463,0,500
1900000,2e-05,365,0.0474179347008646,0.0473261956184172,0.0475105409788838,0.044495071285437,0.0516221768917908,90751.224,85154,98797,1899307.438,1898840,1899773,1913858.746,1913521,1914168,0,500
2e+06,2e-05,365,0.0474096157983583,0.0473199714218811,0.0475071934792875,0.0445616456035501,0.0503614014064896,95510.642,89773,101454,1999267.21,1998662,1999714,2014583.99,2014211,2014916,0,500
2100000,2e-05,365,0.0474332918771325,0.0473440969308334,0.0475243316955223,0.0440933975019619,0.0508571131408256,100336.526,93269,107575,2099233.426,2098571,2099798,2115318.742,2114973,2115686,0,500
2200000,2e-05,365,0.0474344612615784,0.0473460118591227,0.0475242559960947,0.0445236139815709,0.050532790990882,105117.106,98667,111984,2199200.748,2198721,2199694,2216049.31,2215703,2216418,0,500
2300000,2e-05,365,0.0474556255973922,0.0473638434078634,0.0475409137182234,0.0446450614886061,0.0503340451514567,109944.28,103436,116604,2299163.578,2298660,2299720,2316780.592,2316390,2317097,0,500
2400000,2e-05,365,0.0474203861987043,0.0473397563195367,0.0475052329112039,0.0449235175830754,0.0501665198853824,114638.976,108596,121274,2399123.052,2398428,2399684,2417503.912,2417046,2417928,0,500
2500000,2e-05,365,0.0474904364025284,0.0474034818556287,0.0475768529913661,0.0449889532861393,0.0512234726298655,119592.114,113300,128991,2499088.57,2498569,2499605,2518235.942,2517831,2518614,0,500
10000,5e-05,365,0.0294195744811983,0.0263241635292427,0.0321451738450613,9.79431929480901e-05,0.0985680659081993,299.616352201258,1,1005,10106.4937106918,10063,10148,10183.6163522013,10139,10222,279,318
20000,5e-05,365,0.0298503488290972,0.0276860779529574,0.0321792043415725,4.8985990006858e-05,0.074593106161184,607.936218678816,1,1517,20213.2277904328,20141,20282,20366.7949886105,20308,20428,291,439
30000,5e-05,365,0.0341909797649791,0.0322323095092016,0.036049297768068,3.26925591735321e-05,0.0663330389559415,1044.5512295082,1,2028,30319.7581967213,30246,30399,30550.2950819672,30475,30627,198,488
40000,5e-05,365,0.0411340776394191,0.0395627484509093,0.04262661545187,2.45410817708845e-05,0.0615622621123198,1675.51717171717,1,2507,40426.4727272727,40333,40533,40733.8808080808,40648,40823,110,495
50000,5e-05,365,0.0412753465524295,0.0401075195899752,0.0425062350671917,1.96394202443144e-05,0.0569104093383379,2101.63855421687,1,2896,50532.1305220884,50428,50633,50917.0763052209,50815,51007,72,498
60000,5e-05,365,0.0442512270605073,0.0433178367791294,0.0451904138399061,3.27300101463031e-05,0.0595867214214427,2703.79317269076,2,3642,60638.7510040161,60519,60745,61100.5823293173,60994,61204,41,498
70000,5e-05,365,0.0442191204673362,0.0435065444709302,0.0448346883647201,0.00195120581712008,0.0569252776842814,3152.118,139,4059,70745.176,70620,70875,71284.17,71166,71403,17,500
80000,5e-05,365,0.0462146831626758,0.045756530627849,0.0466521734629993,0.0032059549692302,0.0566753878468512,3764.998,261,4614,80851.098,80720,80973,81467.54,81353,81584,7,500
90000,5e-05,365,0.0448072679556569,0.0443254148854141,0.0452302963359827,3.26993296637419e-05,0.0556246454597024,4106.624,3,5099,90957.7,90818,91080,91650.794,91524,91769,6,500
1e+05,5e-05,365,0.0461779693198314,0.045793322470685,0.0465254930435871,0.00353488737456059,0.054609685491389,4702.476,360,5565,101063.898,100897,101212,101833.994,101700,101968,3,500
150000,5e-05,365,0.0454886163742527,0.0452761640008046,0.0457000591893066,0.0387791154148129,0.0528978961287197,6948.462,5927,8081,151597.038,151406,151771,152751.848,152588,152907,0,500
2e+05,5e-05,365,0.0466033562303785,0.0463823688717274,0.0467916138710289,0.0397787558454828,0.0544577532864552,9491.652,8098,11098,202128.3,201901,202325,203668.984,203483,203847,0,500
250000,5e-05,365,0.0460694749688111,0.0458841787382908,0.0462781351765953,0.0394490799666871,0.0515626288771146,11728.648,10042,13128,252660.958,252414,252895,254586.302,254380,254786,0,500
3e+05,5e-05,365,0.046835826004924,0.0466588156291479,0.047002235568294,0.0402878121757121,0.0524973230687619,14308.488,12307,16032,303192.558,302926,303447,305503.018,305286,305717,0,500
350000,5e-05,365,0.0466750869621663,0.0465008745684705,0.0468440005465019,0.0411695381334531,0.0523996398226042,16635.966,14672,18680,353725.44,353428,353984,356420.686,356181,356656,0,500
4e+05,5e-05,365,0.0468334432101865,0.0466833203862091,0.0469964197414584,0.0416184885956062,0.0529561366470606,19077.03,16953,21572,404257.254,403944,404551,407337.998,407073,407582,0,500
450000,5e-05,365,0.0469300367087548,0.0467790230035268,0.0470858692388925,0.041462334051362,0.0518694330946049,21505.926,18998,23777,454789.538,454470,455091,458255.24,457990,458518,0,500
5e+05,5e-05,365,0.0469883744385712,0.046843239678709,0.0471275545966432,0.0414565782314662,0.0519582542843564,23925.178,21106,26456,505321.334,504977,505649,509172.332,508873,509452,0,500
550000,5e-05,365,0.0469040249942259,0.0467649547266136,0.0470480612589298,0.0426271476927032,0.0516268058759257,26270.464,23877,28917,555852.994,555502,556198,560089.62,559790,560386,0,500
6e+05,5e-05,365,0.0470809671207629,0.046953588359524,0.0472217889348642,0.0424242523427195,0.0513248094732346,28766.5,25923,31363,606378.876,605998,606762,611000.904,610695,611399,0,500
650000,5e-05,365,0.0471076677336648,0.0469682518993718,0.047237482113788,0.041969777530724,0.0519036472098467,31181.628,27785,34368,656915.356,656393,657358,661922.532,661583,662226,0,500
7e+05,5e-05,365,0.0471281852819915,0.0470091129574038,0.0472622667781717,0.0427093549749474,0.0520138535279785,33594.402,30439,37080,707437.854,707046,707928,712830.276,712405,713245,0,500
750000,5e-05,365,0.046984553021407,0.0468566150909627,0.0471161795822421,0.042182356059664,0.0522257236334786,35884.376,32225,39891,757970.374,757566,758377,763748.318,763306,764092,0,500
8e+05,5e-05,365,0.0471597270784425,0.0470357448333011,0.0472803656193746,0.0426199114745443,0.0524894299281579,38419.586,34712,42756,808506.318,808062,809044,814669.686,814298,815090,0,500
850000,5e-05,365,0.0471717098397227,0.047037603554526,0.0473076904489912,0.0431062271739419,0.0515229543477583,40831.252,37309,44601,859039.754,858585,859548,865587.624,865148,865929,0,500
9e+05,5e-05,365,0.0471509373473618,0.0470243983644194,0.0472800474236341,0.0427182220631904,0.0517474291600468,43214.182,39158,47423,909574.452,909137,910040,916507.64,916139,916948,0,500
950000,5e-05,365,0.0471039381676857,0.046995474477284,0.0472113063690143,0.04313674008592,0.0508790950968912,45569.242,41731,49227,960100.766,959671,960595,967419.126,967089,967847,0,500
1e+06,5e-05,365,0.0471820675660433,0.0470587032540669,0.0472954273377728,0.043972121466824,0.0526183967948863,48047.272,44782,53572,1010634.006,1010209,1011234,1018337.58,1018009,1018837,0,500
1100000,5e-05,365,0.047226331014207,0.0471155404802636,0.0473369294234233,0.0432149247015381,0.0511333708296507,52901.844,48404,57275,1111703.06,1111130,1112234,1120176.904,1119751,1120603,0,500
1200000,5e-05,365,0.0472260890361878,0.0471159351261911,0.0473335482441185,0.043748972159745,0.0507862237366249,57710.906,53471,62063,1212768.94,1212302,1213220,1222013.06,1221632,1222378,0,500
1300000,5e-05,365,0.047180813901148,0.0470772072777994,0.0472899186653791,0.0428989758839129,0.0512966775588841,62460.08,56797,67895,1313831.706,1313319,1314395,1323845.298,1323423,1324248,0,500
1400000,5e-05,365,0.0473157050065854,0.0472053223031807,0.0474198669727069,0.0439562983519983,0.0510979012835856,67457.27,62659,72842,1414899.612,1414312,1415639,1425684.33,1425174,1426266,0,500
1500000,5e-05,365,0.0472564164504833,0.0471584842891335,0.0473556384997305,0.0440754179373595,0.0505906420306695,72185.186,67320,77281,1515963.704,1515272,1516584,1527521.484,1527019,1527985,0,500
1600000,5e-05,365,0.047231892686124,0.0471345051031807,0.0473314099569308,0.0438074475606882,0.0503667691778846,76957.426,71376,82052,1617030.884,1616447,1617766,1629352.968,1628850,1629886,0,500
1700000,5e-05,365,0.0472520960059199,0.0471585540545995,0.0473413755153488,0.0442449560449779,0.0499090745242299,81801.742,76607,86397,1718078.318,1717552,1718713,1731177.3,1730732,1731727,0,500
1800000,5e-05,365,0.0473339381568232,0.0472387254913195,0.0474282799930754,0.0438115294072718,0.050533941786025,86764.15,80305,92632,1819149.866,1818515,1819687,1833022.196,1832486,1833545,0,500
1900000,5e-05,365,0.047271288970613,0.0471842441268574,0.0473618417680206,0.0446609800233524,0.0505272775568801,91463.128,86406,97772,1920222.252,1919564,1920952,1934855.796,1934291,1935595,0,500
2e+06,5e-05,365,0.0473020406319771,0.0472126114219842,0.0473900811885752,0.0441047082991284,0.0503053802805698,96338.954,89830,102454,2021274.826,2020503,2022093,2036676.692,2035987,2037405,0,500
2100000,5e-05,365,0.0473529769901605,0.0472655585374849,0.0474384861569333,0.0440059122818256,0.0502545180758106,101265.302,94111,107462,2122348.206,2121641,2123209,2138520.334,2137910,2139258,0,500
2200000,5e-05,365,0.0472290039023419,0.0471399724686748,0.0473183186624311,0.044027287911209,0.0500728941708768,105809.44,98639,112175,2223406.706,2222716,2224154,2240348.662,2239755,2240974,0,500
2300000,5e-05,365,0.0472840355641388,0.0472039089371204,0.0473708671305409,0.0445407531347169,0.050138431423613,110748.028,104325,117440,2324473.01,2323647,2325438,2342186.316,2341548,2342959,0,500
2400000,5e-05,365,0.0472574751690441,0.0471764830673957,0.0473462652087101,0.0449581463521222,0.0509896817798725,115498.176,109872,124630,2425538.84,2424791,2426114,2444019.378,2443287,2444585,0,500
2500000,5e-05,365,0.0473038816533917,0.047210326786159,0.0473918272242223,0.0445190911415485,0.050445790325368,120428.568,113342,128437,2526599.036,2525769,2527306,2545849.988,2545184,2546643,0,500
10000,2e-04,365,0.0259932763949555,0.0231451932034692,0.0288061289696786,9.25411808254673e-05,0.0968162353379259,279.522012578616,1,1040,10675.0974842767,10598,10767,10754.3081761006,10673,10853,282,318
20000,2e-04,365,0.0293355734147451,0.0270379138757727,0.0316493047414919,4.62855820411942e-05,0.0719424460431655,630.95444191344,1,1550,21350.589977221,21227,21481,21508.5421412301,21388,21635,278,439
30000,2e-04,365,0.0321727351053454,0.0305025899364776,0.0338710600264076,3.09166795486165e-05,0.0641653240798116,1037.89959016393,1,2071,32025.0430327869,31884,32172,32261.9200819672,32118,32404,211,488
40000,2e-04,365,0.0390084727908514,0.0374546468192049,0.0405170063621814,2.3227185097438e-05,0.0592551314200799,1678.04242424242,1,2552,42700.7757575758,42532,42897,43016.7292929293,42838,43193,119,495
50000,2e-04,365,0.0404504774680234,0.0393557248946084,0.0415309892318303,1.86008444783393e-05,0.0552179262518176,2175.04819277108,1,2962,53375.734939759,53187,53576,53771.0040160643,53575,53956,59,498
60000,2e-04,365,0.04162696500509,0.0405335089027537,0.0426979705222724,3.09798940487624e-05,0.0557668721181165,2685.90562248996,2,3592,64050.4036144578,63832,64268,64525.2449799197,64317,64738,49,498
70000,2e-04,365,0.043237146619191,0.0426619217231139,0.0437854967061976,0.00182858960089044,0.0532187247138101,3254.866,138,4012,74725.73,74488,74952,75279.776,75048,75505,14,500
80000,2e-04,365,0.043271132627316,0.0425122686856717,0.0439201234711085,0.00082418220230771,0.0542998000093019,3722.824,71,4670,85400.55,85155,85634,86033.982,85793,86271,19,500
90000,2e-04,365,0.0439129479811829,0.0433606351790346,0.0444048554187852,3.09256033069778e-05,0.0519367833901456,4250.23,3,5028,96076.046,95824,96337,96788.236,96531,97029,9,500
1e+05,2e-04,365,0.0440714679032897,0.043760593201786,0.0443464269298991,0.00439930429606481,0.0524205178782437,4739.546,473,5634,106751.04,106485,107033,107542.53,107266,107796,1,500
150000,2e-04,365,0.044568207568468,0.044330366758884,0.0447963068799924,0.0362066935598808,0.0535744192537915,7189.072,5843,8637,160118.564,159748,160432,161305.648,160909,161614,0,500
2e+05,2e-04,365,0.0450214518539752,0.0448161529803897,0.0452106898497891,0.0384064441715965,0.0521286484476669,9683.12,8258,11216,213493.874,213058,213962,215077.804,214642,215549,0,500
250000,2e-04,365,0.0453693682417378,0.0451832868095246,0.045548985584065,0.03989267679117,0.0515601982054373,12197.636,10720,13860,266872.6,266451,267297,268851.908,268440,269212,0,500
3e+05,2e-04,365,0.04549014935743,0.0453219084021714,0.0456519867871299,0.0401517429048724,0.0521154645829584,14676.354,12955,16794,320251.58,319625,320737,322626.828,321989,323133,0,500
350000,2e-04,365,0.0455953177336817,0.0454412815836332,0.0457600872801101,0.0388584742681694,0.0510562163369258,17162.006,14643,19207,373627.624,373143,374119,376398.916,375908,376829,0,500
4e+05,2e-04,365,0.045798332860637,0.04565021543724,0.0459540291417867,0.0410099770332971,0.0511555186397616,19700.952,17642,21987,427000.484,426311,427568,430167.722,429425,430697,0,500
450000,2e-04,365,0.0457006862417884,0.045545586740841,0.0458475913864651,0.0401487910725356,0.0501291882841729,22116.344,19428,24252,480375.67,479780,480866,483938.838,483402,484382,0,500
5e+05,2e-04,365,0.0457759887507973,0.0456197959834168,0.0459380720737155,0.0404987898323611,0.0535629232715636,24613.998,21786,28789,533746.934,533120,534254,537705.71,537136,538163,0,500
550000,2e-04,365,0.0459074210977568,0.0457683888380832,0.0460535343115842,0.040699266189628,0.0514516112665194,27153.072,24082,30422,587119.284,586524,587863,591474.218,590922,592194,0,500
6e+05,2e-04,365,0.0459542491870645,0.0458309304421745,0.0460905992566202,0.0414662074116081,0.0509877264395208,29651.706,26762,32906,640492.814,639791,641347,645244.336,644623,645989,0,500
650000,2e-04,365,0.0459297383033139,0.0457924708442696,0.0460745406226668,0.0402312826689631,0.0501095964105029,32105.54,28124,35023,693866.536,693125,694604,699014.186,698381,699701,0,500
7e+05,2e-04,365,0.0458558178800622,0.0457242005735105,0.0459684750196944,0.0417196919177562,0.0499826020436622,34519.52,31406,37635,747240.904,746348,748096,752784.466,751996,753647,0,500
750000,2e-04,365,0.0458445469590115,0.0457215906022269,0.0459636974670838,0.0421801223988387,0.0499670209231166,36975.982,34024,40302,800612.2,799911,801455,806551.504,805833,807318,0,500
8e+05,2e-04,365,0.0460077939751425,0.0458789266544111,0.04612723336082,0.0415710992509995,0.0497874486634484,39581.732,35760,42842,853991.296,853139,854745,860327.166,859658,861010,0,500
850000,2e-04,365,0.0461023376608794,0.0459714751495507,0.0462292499766973,0.0420385134225875,0.0508651203885852,42142.156,38424,46516,907367.93,906435,908105,914100.178,913287,914760,0,500
9e+05,2e-04,365,0.0461114444621069,0.045997182092337,0.0462238435637026,0.0421426548094359,0.0496619036787361,44629.99,40764,48032,960744.232,959922,961646,967872.386,967022,968745,0,500
950000,2e-04,365,0.0461545964933813,0.0460258033669003,0.0462698881765969,0.0418829872204473,0.050219946014586,47153.072,42789,51294,1014108.574,1013069,1015267,1021632.836,1020736,1022712,0,500
1e+06,2e-04,365,0.0461567876099973,0.0460367412725174,0.0462805624352828,0.0417935483511037,0.0510050073790999,49637.386,44948,54882,1067488.04,1066712,1068417,1075407.988,1074670,1076322,0,500
1100000,2e-04,365,0.0462030176499566,0.0460961830520591,0.0463100689188612,0.0421213209660039,0.04930021573441,54655.574,49839,58319,1174233.386,1173291,1175272,1182944.364,1182021,1183964,0,500
1200000,2e-04,365,0.0461372947751154,0.0460350403099445,0.0462492657180679,0.04279225362206,0.0494895175142154,59539.422,55235,63849,1280980.438,1280095,1281953,1290483.512,1289670,1291554,0,500
1300000,2e-04,365,0.0461049349789453,0.0459997549954777,0.0462057573813492,0.0424793029008127,0.0494458701793852,64455.666,59387,69150,1387726.154,1386323,1388737,1398020.604,1396780,1399020,0,500
1400000,2e-04,365,0.0462439421691593,0.0461470013768608,0.0463472330060291,0.0427800096864912,0.0494813027904508,69623.084,64392,74499,1494474.616,1493307,1495272,1505560.782,1504556,1506334,0,500
1500000,2e-04,365,0.0461066513068179,0.0460137264670984,0.0462018414357744,0.0429202535836106,0.0491262667830157,74374.778,69232,79267,1601225.968,1600293,1602419,1613103.054,1612134,1614233,0,500
1600000,2e-04,365,0.0463023195841009,0.0462074013937035,0.0463925555408432,0.0431821458301361,0.0499147305514478,79669.974,74284,85904,1707976.63,1706824,1709073,1720647.9,1719628,1721814,0,500
1700000,2e-04,365,0.0461754880842502,0.0460840263505205,0.0462728143181495,0.0428156832249735,0.0489625398839095,84417.774,78294,89540,1814730.708,1813507,1815860,1828194.622,1827196,1829290,0,500
1800000,2e-04,365,0.0462129476521179,0.0461199374892211,0.04630465350496,0.0433089556764709,0.0500351985918497,89456.438,83837,96876,1921488.76,1920100,1923183,1935744.176,1934577,1937247,0,500
1900000,2e-04,365,0.0461350398626183,0.0460431525843903,0.046222519965948,0.0425273193828158,0.0489880539861158,94267.296,86909,100092,2028247.024,2026924,2029290,2043289.916,2042116,2044297,0,500
2e+06,2e-04,365,0.0462460597809293,0.0461605837582458,0.046332060355688,0.0435550980498821,0.0488961740200055,99467.122,93678,105181,2134989.334,2133815,2136271,2150823.926,2149722,2152201,0,500
2100000,2e-04,365,0.0462542367681933,0.0461626346040553,0.0463413171630914,0.0435786185275448,0.0496882337288468,104459.864,98401,112225,2241765.028,2240514,2243212,2258384.71,2257329,2259855,0,500
2200000,2e-04,365,0.0462563852694641,0.046173907796755,0.0463429308063042,0.0432770396461475,0.0491433987085036,109439.38,102421,116255,2348512.072,2347394,2349732,2365931.088,2364764,2367224,0,500
2300000,2e-04,365,0.046296779650333,0.0462138627297952,0.0463867874606713,0.0428809217810899,0.0493587373177094,114514.07,106035,122134,2455268.722,2454111,2456550,2473477.366,2472318,2474850,0,500
2400000,2e-04,365,0.0462282886377921,0.0461431575956847,0.0463143972559237,0.0429873385945855,0.0488517515578681,119316.064,110967,126083,2562016.82,2560794,2563183,2581018.79,2579847,2582123,0,500
2500000,2e-04,365,0.0463067003763298,0.0462356159741605,0.0463840854920613,0.0435244181102705,0.0488412498540359,124498.406,117009,131335,2668763.206,2667249,2670148,2688561.2,2687129,2689790,0,500
