"initpop","delta_C","ts","mean.propinf.boot","lowCI95.propinf.boot","highCI95.propinf.boot","min.propinf","max.propinf","mean.inf","min.inf","max.inf","mean.curpop","min.curpop","max.curpop","mean.alltimepop","min.alltimepop","max.alltimepop","zeroevent","N"
10000,15,1825,0.0423418459033227,0.0371750445330228,0.0477315305076098,9.03342366757001e-05,0.215991217637911,463.933962264151,1,2361,10567.5660377358,10443,10690,10957.5660377358,10873,11070,318,318
20000,15,1825,0.0864680536517575,0.0776394907903798,0.0951513995849678,4.53206435531385e-05,0.307288336834414,1894.83599088838,1,6729,21136.3667425968,20956,21315,21916.5102505695,21764,22074,432,439
30000,15,1825,0.147164309077039,0.138084158921095,0.156667246410605,3.03573054855651e-05,0.287698775360994,4838.0881147541,1,9444,31698.3647540984,31478,31884,32873.2725409836,32699,33053,368,488
40000,15,1825,0.211311150978828,0.201749110917431,0.220488108734455,2.2806577416927e-05,0.293027078862048,9261.47878787879,1,12834,42259.6121212121,42033,42474,43830.1434343434,43615,44036,203,495
50000,15,1825,0.233674630096258,0.227105473551592,0.239998499424863,1.82238988209137e-05,0.282104648190747,12803.4076305221,1,15463,52824.4397590361,52576,53073,54790.5341365462,54555,55026,98,498
60000,15,1825,0.257307591023993,0.251125617574439,0.262167285300304,3.04316732855556e-05,0.295768441844564,16917.6224899598,2,19466,63385.859437751,63109,63688,65748.3273092369,65516,66010,47,498
70000,15,1825,0.259234648133585,0.255200515288736,0.262793021768608,0.00181239731921663,0.283918254496133,19885.19,139,21775,73949.168,73661,74224,76706.536,76431,76962,25,500
80000,15,1825,0.270461086211438,0.267556779941904,0.27289921083876,0.00167821629582273,0.292464339874349,23709.806,147,25650,84510.864,84209,84844,87664.59,87394,87954,10,500
90000,15,1825,0.269650284401969,0.266685852876712,0.271865864990995,3.03637578186676e-05,0.289801788662352,26593.702,3,28613,95076.612,94723,95418,98623.01,98300,98941,6,500
1e+05,15,1825,0.274419416259582,0.272589078150131,0.275725337744034,0.00328395241917828,0.290098711544959,30070.838,360,31770,105638.312,105323,106011,109580.526,109261,109898,3,500
150000,15,1825,0.280171061103053,0.279763718884151,0.280571084003348,0.267344050822032,0.295770620657768,46052.148,44014,48617,158455.588,158050,158906,164371.714,163992,164794,0,500
2e+05,15,1825,0.283990468452442,0.28360181773701,0.284365345212722,0.27230209596397,0.297293965639253,62240.116,59736,65116,211267.654,210776,211806,219162.892,218717,219629,0,500
250000,15,1825,0.286323331132425,0.286005102630236,0.286638898270556,0.276528082544388,0.296768564690765,78439.286,75738,81295,264081.528,263502,264651,273953.584,273453,274467,0,500
3e+05,15,1825,0.287895495809241,0.287580683506507,0.288209716647643,0.277984099390963,0.299332604970921,94644.252,91469,98358,316896.886,316265,317532,328745.406,328197,329297,0,500
350000,15,1825,0.288834940708782,0.288507803017431,0.289152369344535,0.275875561491467,0.299678681159458,110778.846,105758,114996,369718.278,369097,370380,383536.894,382953,384170,0,500
4e+05,15,1825,0.290215955151347,0.289908669333326,0.290531228373243,0.280406384080401,0.300705777153259,127209.628,122904,131824,422536.642,421814,423263,438327.664,437675,438999,0,500
450000,15,1825,0.29067600365203,0.290390800883695,0.290927489049621,0.282441942793846,0.299774017259077,143337.918,139221,147776,475353.222,474619,476106,493119.2,492452,493819,0,500
5e+05,15,1825,0.291291910781986,0.29101380994128,0.29155918896241,0.280185184847118,0.300288591596344,159601.778,153479,164564,528167.782,527390,528950,547910.044,547211,548639,0,500
550000,15,1825,0.291872081786082,0.2915994034164,0.292133092346914,0.283586174862935,0.301240308533801,175911.826,170950,181525,580983.558,580177,581815,602701.778,601951,603488,0,500
6e+05,15,1825,0.29231694886238,0.292039341569815,0.292574087495473,0.280998684740711,0.302002610513249,192194.972,184803,198519,633796.232,632937,634703,657488.324,656800,658220,0,500
650000,15,1825,0.292762465939187,0.292504412495836,0.292999196775526,0.284407273257788,0.30073521568011,208528.418,202680,214257,686612.444,685620,687543,712278.606,711557,713128,0,500
7e+05,15,1825,0.293188696365447,0.29293332534019,0.293444092218339,0.285455377550502,0.302305910810659,224897.958,218932,231956,739433.728,738234,740464,767075.784,765983,767976,0,500
750000,15,1825,0.293505136833556,0.293268716731052,0.293752801102735,0.283847129945386,0.301982372155548,241220.702,233309,248228,792244.71,791240,793236,821861.7,820831,822757,0,500
8e+05,15,1825,0.293856988416639,0.293614310085788,0.294101230936845,0.287460786806806,0.302802697744882,257613.584,251948,265432,845069.094,843962,845975,876663.222,875740,877357,0,500
850000,15,1825,0.293893910128459,0.293657763343476,0.294116226683492,0.286560420232494,0.299903538980779,273748.414,266872,279194,897882.626,896774,898889,931453.24,930309,932196,0,500
9e+05,15,1825,0.29422964625684,0.293980744457281,0.29446371917373,0.286477653005467,0.303884317963399,290183.892,282587,299760,950706.574,949587,952221,986249.88,985230,987550,0,500
950000,15,1825,0.294427446738625,0.294216190412322,0.294666398787079,0.284893261341583,0.301324633805701,306506.496,296534,313487,1003506.23,1002320,1004565,1041025.768,1039864,1041962,0,500
1e+06,15,1825,0.294761203851503,0.294542626852292,0.294995133112534,0.286005827712103,0.300566912870218,323007.262,313503,329455,1056330.714,1055192,1057495,1095826.944,1094693,1096829,0,500
1100000,15,1825,0.294774176296464,0.294553113473134,0.294991488843675,0.287407357035226,0.301366420059076,355317.984,346567,363315,1161944.83,1160756,1163079,1205390.744,1204402,1206196,0,500
1200000,15,1825,0.295206055806846,0.29497670944088,0.295425291863612,0.288694085312309,0.302932691174088,388189.388,379715,398275,1267579.916,1266385,1268741,1314977.918,1314029,1315931,0,500
1300000,15,1825,0.295388834176148,0.295177729390038,0.295614659340089,0.287797197225446,0.301621711175212,420795.96,409972,429655,1373201.86,1371804,1374728,1424549.296,1423457,1425693,0,500
1400000,15,1825,0.295627329663985,0.295404696990434,0.295846403918414,0.288272088689876,0.301643018783784,453529.97,442150,462895,1478828.106,1477541,1480095,1534127.566,1532914,1535103,0,500
1500000,15,1825,0.295618662290842,0.295431987313605,0.295804532692229,0.288969391696855,0.302746859107766,485911.996,475018,497800,1584458.728,1583153,1586038,1643712.206,1642466,1645191,0,500
1600000,15,1825,0.295778667156634,0.29561078213863,0.295957156991691,0.289962734109525,0.301966352222963,518582.752,508400,529360,1690081.188,1688632,1691563,1753279.92,1752098,1754661,0,500
1700000,15,1825,0.295898972372129,0.295726833210154,0.296075664623306,0.290102863646613,0.301819925480407,551218.696,540363,562088,1795698.128,1794214,1797123,1862861.234,1861619,1864081,0,500
1800000,15,1825,0.296138781329978,0.295977295516991,0.29630666556993,0.289509010642371,0.301922346703763,584115.332,570864,595553,1901314.25,1899809,1902750,1972437.886,1971052,1973697,0,500
1900000,15,1825,0.296180803990646,0.295997200610015,0.296355192692681,0.290392911391919,0.301713339378756,616658.162,604693,628172,2006964.89,2004930,2008734,2082032.976,2080691,2083761,0,500
2e+06,15,1825,0.296254378061469,0.296100682726528,0.296412829748171,0.288989422930342,0.302303614607371,649277.812,633166,662489,2112606.836,2111024,2113866,2191622.87,2190402,2192834,0,500
2100000,15,1825,0.29629249434907,0.296138731491123,0.296444351798803,0.289458415313585,0.303535004437926,681829.372,666003,698662,2218226.574,2216596,2219816,2301203.84,2299805,2302452,0,500
2200000,15,1825,0.296319222199,0.296165153094141,0.296470501987552,0.290578607541444,0.300959475761387,714362.556,700669,725740,2323872.004,2321843,2325561,2410787.198,2409155,2412185,0,500
2300000,15,1825,0.296380074229619,0.296225145404972,0.296544825554288,0.288700930315593,0.301667846497173,746983.898,727714,760244,2429482.676,2427696,2431434,2520357.972,2518955,2521955,0,500
2400000,15,1825,0.29660982266638,0.296464662493085,0.296752283252141,0.29085448549851,0.301724406724236,780066.476,764979,793502,2535110.486,2533544,2536816,2629941.392,2628557,2631307,0,500
2500000,15,1825,0.296594761153394,0.296445348848878,0.296745790410841,0.289363207133972,0.301909957428726,812529.078,792795,826983,2640745.124,2639225,2642266,2739526.154,2738083,2740951,0,500
10000,30,1825,0.0304726410982963,0.0268144048498459,0.0339769154589374,9.03342366757001e-05,0.15407772304324,333.88679245283,1,1689,10567.8144654088,10435,10690,10957.5849056604,10873,11070,318,318
20000,30,1825,0.0421921120494898,0.0376948178508747,0.0465834331362188,4.53206435531385e-05,0.244278629600983,924.70159453303,1,5369,21138.1047835991,20956,21315,21916.6309794989,21766,22074,439,439
30000,30,1825,0.0726168695580423,0.067031325976951,0.0779657417963788,3.03573054855651e-05,0.228779378316907,2387.40983606557,1,7544,31703.2889344262,31478,31885,32873.4774590164,32699,33053,480,488
40000,30,1825,0.114813175680457,0.107461807672601,0.121657925246923,2.2806577416927e-05,0.243170520363023,5032.17575757576,1,10664,42267.6282828283,42033,42497,43830.5050505051,43615,44036,435,495
50000,30,1825,0.149503825240322,0.143406761479278,0.155389274125153,1.82238988209137e-05,0.230567015955311,8191.43574297189,1,12630,52832.7570281124,52574,53076,54790.8212851406,54556,55024,312,498
60000,30,1825,0.175864620801285,0.170153951540733,0.18129654785191,3.04316732855556e-05,0.235214501878127,11562.6666666667,2,15467,63395.8835341365,63114,63699,65748.7228915663,65516,66011,234,498
70000,30,1825,0.191532487299777,0.187032561146351,0.195822669654654,0.00181239731921663,0.230148503898065,14692.118,139,17683,73959.8,73668,74247,76706.98,76431,76962,127,500
80000,30,1825,0.205238257399847,0.201761086854686,0.208215175337363,0.00167821629582273,0.232670104504176,17992.19,147,20456,84522.254,84216,84859,87665.166,87394,87954,79,500
90000,30,1825,0.209007055672644,0.206222858050128,0.211423194247763,3.03637578186676e-05,0.230047806096038,20612.934,3,22665,95088.362,94722,95423,98623.556,98300,98941,47,500
1e+05,30,1825,0.213035492898345,0.210955268754897,0.214833667630835,0.00328395241917828,0.23152516081938,23344.632,360,25374,105652.25,105299,106041,109581.156,109261,109901,30,500
150000,30,1825,0.220033068225455,0.219642726824789,0.220414905385114,0.20728736556193,0.233116463808375,36167.398,34037,38267,158475.498,158048,158935,164372.67,163994,164796,0,500
2e+05,30,1825,0.222675463672918,0.222299116518769,0.223035293323674,0.209183068261659,0.24080191261817,48802.486,45850,52778,211296.046,210808,211816,219164.276,218718,219633,0,500
250000,30,1825,0.223955177355685,0.223596705748521,0.224320265651632,0.21125110408713,0.234835010317562,61353.738,57879,64299,264119.924,263585,264717,273955.402,273456,274467,0,500
3e+05,30,1825,0.225309815680315,0.224997337365711,0.225623929684315,0.215491788573635,0.237220612582781,74070.078,70869,77945,316943.78,316316,317600,328747.68,328198,329299,0,500
350000,30,1825,0.226684116275101,0.226354424736744,0.226988234537996,0.217128426714758,0.236234629505617,86942.232,83315,90660,369764.218,369082,370417,383539.09,382954,384170,0,500
4e+05,30,1825,0.226872598272978,0.226596674698883,0.227158883012097,0.217187717389569,0.236922767929485,99445.07,95224,103807,422587.942,421890,423308,438330.108,437677,438998,0,500
450000,30,1825,0.227515539969783,0.227203751833897,0.2277970518255,0.218457486419964,0.236281182814219,112192.918,107660,116605,475412.986,474680,476168,493122.126,492454,493820,0,500
5e+05,30,1825,0.228029653233537,0.227746286371865,0.228312454156168,0.217835283207956,0.236897431498724,124940.548,119333,129807,528237.086,527449,529043,547913.532,547212,548643,0,500
550000,30,1825,0.22816320855701,0.227907061222464,0.228401603052149,0.218851295839869,0.235984036730117,137515.14,131859,142271,581058.196,580233,581939,602705.376,601958,603494,0,500
6e+05,30,1825,0.228677452917481,0.228449500612319,0.228915997398376,0.21966649684822,0.236049532083834,150353.434,144445,155301,633876.394,633069,634775,657491.49,656557,658236,0,500
650000,30,1825,0.228831713670082,0.228601609992293,0.229063858986533,0.221397893093373,0.236266982518233,162992.598,157686,168357,686696.616,685600,687650,712281.642,711324,713163,0,500
7e+05,30,1825,0.229046183232411,0.228799472588921,0.229271232938273,0.219992387130078,0.236389370833714,175696.714,168761,181209,739525.866,738346,740628,767080.214,766027,768016,0,500
750000,30,1825,0.229277853664723,0.229076803264065,0.229477404071981,0.220838859618169,0.237676771855706,188435.726,181492,195328,792343.58,791425,793281,821866.318,820964,822735,0,500
8e+05,30,1825,0.229528568413239,0.229330702181102,0.229739006633719,0.222073984371169,0.236698888285716,201220.222,194752,207548,845176.094,843978,846027,876667.48,875928,877365,0,500
850000,30,1825,0.229727112228464,0.229536887930115,0.229904574687065,0.223390032019091,0.237418580070807,213980.87,208187,221031,897996.228,896666,899148,931456.992,930413,932267,0,500
9e+05,30,1825,0.229636650741161,0.229450015190575,0.229822975166781,0.222917376007264,0.236910378793718,226480.596,219982,233587,950828.352,949541,952373,986256.154,985255,987538,0,500
950000,30,1825,0.229801818414952,0.229585644674154,0.229992469049803,0.221213000357364,0.236714711357258,239230.822,230273,246447,1003633.382,1002803,1004686,1041031.246,1040121,1041953,0,500
1e+06,30,1825,0.229687147117977,0.229512654361547,0.229865759916554,0.223910158467641,0.236243724955718,251698.952,245320,258878,1056467.34,1055464,1057687,1095833.638,1094922,1096794,0,500
1100000,30,1825,0.229658823872136,0.229492756924196,0.229819744929897,0.224047166077727,0.235615472070771,276830.26,270038,283919,1162096,1160875,1163146,1205397.886,1204336,1206284,0,500
1200000,30,1825,0.229889749233812,0.229715627393095,0.230074095982138,0.223957263826208,0.235676938734219,302301.922,294472,309844,1267746.268,1266473,1269079,1314986.658,1314145,1316046,0,500
1300000,30,1825,0.229894453234072,0.229730088558733,0.230047974621744,0.223923727147631,0.234971668633586,327497.916,318948,334692,1373380.752,1371987,1374685,1424557.95,1423243,1425700,0,500
1400000,30,1825,0.23006900033615,0.229912117112486,0.230233531680197,0.223923406318171,0.235478173594546,352957.494,343666,361313,1479023.198,1477676,1480363,1534137.664,1532982,1535159,0,500
1500000,30,1825,0.230076608033127,0.229913800461266,0.230239152756335,0.224721383705562,0.238240619509085,378181.856,369466,391578,1584662.74,1583288,1586180,1643721.652,1642353,1645298,0,500
1600000,30,1825,0.230011346073173,0.229855744011373,0.230160922912772,0.224650557010301,0.236465104393636,403276.648,393958,414564,1690297.478,1689020,1691703,1753290.262,1752202,1754503,0,500
1700000,30,1825,0.230115327254298,0.229964054048982,0.230250148896959,0.225644318412426,0.237438166025664,428676.184,420300,442216,1795924.518,1794407,1797547,1862875.246,1861541,1864214,0,500
1800000,30,1825,0.230128719758537,0.229988153786549,0.230258194647771,0.225504768355075,0.235227738763369,453917.044,444828,464018,1901563.212,1899840,1902977,1972448.534,1970899,1973810,0,500
1900000,30,1825,0.230188262102269,0.230048267254325,0.230337848062688,0.224304519530323,0.236435698346722,479261.798,466989,492270,2007226.984,2005455,2008758,2082042.736,2080539,2083382,0,500
2e+06,30,1825,0.230257965330019,0.230121237300709,0.230405830921277,0.22597154832788,0.236165749113245,504641.912,495345,517604,2112882.008,2111242,2114413,2191637.28,2190392,2192911,0,500
2100000,30,1825,0.23011268322986,0.229962773757592,0.230255997835468,0.22403097911474,0.23601078031224,529539.818,515474,543028,2218533.256,2217147,2220080,2301219.632,2299963,2302716,0,500
2200000,30,1825,0.230116118964472,0.22999676527715,0.230245851045018,0.224870720802564,0.235855255243795,554763.494,542090,568589,2324163.37,2322724,2325687,2410798.414,2409380,2412119,0,500
2300000,30,1825,0.230171647846096,0.230036063744524,0.230302309117087,0.225822973025511,0.236255457709741,580117.732,569227,595540,2429798.548,2428234,2431511,2520370.206,2518959,2522021,0,500
2400000,30,1825,0.230123766446295,0.229994548473941,0.230243523326136,0.226000199267881,0.234544189336152,605215.3,594296,616809,2535456.208,2533874,2536904,2629955.694,2628500,2631642,0,500
2500000,30,1825,0.230137880665697,0.230007881578435,0.230253157017452,0.226545523556483,0.234847660639587,630472.298,620737,643267,2641099.194,2639278,2643032,2739541.65,2737988,2741652,0,500
10000,60,1825,0.0248871051003143,0.0221923178351064,0.0277594060547682,9.03342366757001e-05,0.137754635973326,272.663522012579,1,1508,10567.8333333333,10450,10690,10957.5817610063,10873,11070,318,318
20000,60,1825,0.026516221271232,0.0237864448943883,0.0291997352686633,4.53206435531385e-05,0.144554093567251,581.123006833713,1,3164,21138.5079726651,20961,21315,21916.6605922551,21765,22074,439,439
30000,60,1825,0.0384291152865778,0.0354632069343261,0.0415997959374233,3.03573054855651e-05,0.174207869610168,1263.47336065574,1,5729,31705.7602459016,31478,31896,32873.6270491803,32699,33053,488,488
40000,60,1825,0.0614533100208289,0.0574101603057725,0.065535645251602,2.2806577416927e-05,0.185961547243915,2693.36363636364,1,8144,42272.3494949495,42044,42502,43830.7535353535,43616,44037,487,495
50000,60,1825,0.0829225349613126,0.0783606288891467,0.0870457369011884,1.82238988209137e-05,0.183654091954863,4543.63855421687,1,10058,52838.483935743,52576,53082,54791.1325301205,54556,55026,456,498
60000,60,1825,0.100254117504192,0.0955759311841212,0.105036395262629,3.04316732855556e-05,0.181204474109293,6591.39558232932,2,11891,63405.2309236948,63128,63698,65749.0923694779,65517,66011,413,498
70000,60,1825,0.123341175348885,0.118470332101454,0.127822543015281,0.00181239731921663,0.182064792112265,9461.384,139,13960,73969.596,73669,74235,76707.402,76431,76966,297,500
80000,60,1825,0.140829016574934,0.137133254673941,0.144481014077012,0.00167821629582273,0.18763557483731,12346.036,147,16435,84534.018,84219,84863,87665.698,87394,87954,212,500
90000,60,1825,0.142908292120387,0.139319256963349,0.146203446193487,3.03637578186676e-05,0.187889346960688,14094.154,3,18549,95100.796,94747,95433,98624.076,98300,98941,182,500
1e+05,60,1825,0.155425243993548,0.152907107954391,0.158062249308461,0.00328395241917828,0.179770974953237,17031.544,360,19702,105663.8,105303,106050,109581.656,109261,109901,106,500
150000,60,1825,0.167303587693208,0.16647200585386,0.168013504212936,0.033063986175676,0.184615384615385,27500.238,5434,30312,158491.384,158045,158945,164373.5,163995,164797,7,500
2e+05,60,1825,0.169524481079152,0.169176609731906,0.169857554260196,0.153306988162926,0.180633937866418,37153.934,33596,39587,211318.554,210818,211852,219165.31,218719,219633,1,500
250000,60,1825,0.169984952715612,0.169656622963296,0.170317749444394,0.159405897214961,0.184357113094585,46568.552,43660,50439,264149.124,263608,264745,273956.684,273459,274468,0,500
3e+05,60,1825,0.170636887722816,0.170362204365169,0.170940728804554,0.16070577014783,0.180909511743495,56096.746,52909,59402,316978.66,316380,317639,328749.35,328199,329302,0,500
350000,60,1825,0.171187035936045,0.170894755029478,0.171508081318967,0.16154812609804,0.182686057530406,65657.218,61976,69981,369806.476,369149,370485,383540.988,382961,384170,0,500
4e+05,60,1825,0.171966994076531,0.171665650913842,0.172250111875424,0.161333229904359,0.183268676833816,75378.712,70713,80358,422635.374,421922,423354,438332.314,437682,439000,0,500
450000,60,1825,0.172144929872502,0.171852798742004,0.172453523532902,0.162419316571053,0.181391758217266,84888.862,80094,89523,475462.406,474710,476195,493124.378,492455,493821,0,500
5e+05,60,1825,0.172664285738583,0.172408143186399,0.172913612482648,0.162072314494664,0.182783369819044,94605.514,88779,100111,528289.858,527480,529090,547916.054,547217,548641,0,500
550000,60,1825,0.17281343143029,0.17253924926873,0.173096134404229,0.164032430727866,0.182082996032009,104156.09,98832,109764,581119.206,580289,581952,602708.242,601962,603492,0,500
6e+05,60,1825,0.173106351617222,0.172862972746987,0.173347527447876,0.165163150858076,0.181684166968396,113816.804,108588,119425,633943.13,633045,635068,657496.072,656796,658330,0,500
650000,60,1825,0.173272479455006,0.172991986863363,0.173548718619018,0.165078995140813,0.182059507623852,123419.262,117579,129622,686767.798,685866,687706,712284.504,711520,713181,0,500
7e+05,60,1825,0.173509842835785,0.173268365537159,0.173745709197226,0.165215271458704,0.181374824613106,133096.812,126733,139092,739601.796,738496,740651,767084.964,766045,768006,0,500
750000,60,1825,0.173473322325355,0.173241705770811,0.173729534716113,0.164936773405279,0.18377702540653,142572.486,135533,150955,792422.72,791499,793338,821869.716,820953,822700,0,500
8e+05,60,1825,0.173543603822746,0.173336952786047,0.173759125747936,0.16601204444054,0.180433309992952,152140.69,145502,158218,845259.902,843981,846211,876670.788,875847,877531,0,500
850000,60,1825,0.17347409395805,0.173229989540164,0.173712183968282,0.166037634524091,0.181950985990477,161584.45,154591,169515,898086.4,896811,899269,931461.736,930457,932442,0,500
9e+05,60,1825,0.173846897858234,0.173633986419194,0.174082210197491,0.167209013294082,0.181802234083977,171458.288,164944,179289,950918.966,949615,952387,986260.108,985254,987462,0,500
950000,60,1825,0.173925747880733,0.173697751518289,0.174151910051264,0.164978810933577,0.181144837448536,181063.102,171721,188487,1003729.824,1002786,1004772,1041036.656,1040122,1042094,0,500
1e+06,60,1825,0.174088966801548,0.173882149555971,0.174295067771237,0.167222395142571,0.181929876287173,190773.178,183202,199308,1056564.762,1055491,1057612,1095837.448,1094703,1096760,0,500
1100000,60,1825,0.174044560195809,0.173839366041284,0.174269472139458,0.1666767611985,0.182850603557445,209793.726,200891,220339,1162204.518,1161039,1163258,1205402.632,1204419,1206260,0,500
1200000,60,1825,0.174216971282477,0.174012335040451,0.174425999868151,0.166982070652521,0.179949068937907,229093.73,219534,236653,1267863.06,1266337,1269286,1314990.972,1313934,1316143,0,500
1300000,60,1825,0.174306323793405,0.174116043261373,0.174485489795574,0.167556091284013,0.180325774423254,248310.208,238812,256882,1373509.744,1371928,1374748,1424562.648,1423189,1425653,0,500
1400000,60,1825,0.174180179018087,0.173997824194705,0.174383327805627,0.167743499416458,0.181613972801989,267217.406,257418,278691,1479163.29,1477766,1480584,1534143.818,1533143,1535154,0,500
1500000,60,1825,0.174321772696843,0.174148941660472,0.174496931329655,0.167452857446124,0.180907441855372,286537.64,275293,297397,1584823.556,1583562,1586446,1643728.602,1642487,1644937,0,500
1600000,60,1825,0.174197020083233,0.174025954826795,0.17436829609858,0.168771371751237,0.179205935066106,305419.578,295839,314167,1690452.482,1689122,1691938,1753299.304,1751999,1754616,0,500
1700000,60,1825,0.174469208594912,0.174308705201477,0.174635824060523,0.168167966744061,0.18073392476313,325015.59,313399,336697,1796106.626,1794750,1797653,1862882.328,1861560,1864175,0,500
1800000,60,1825,0.174435582625959,0.174276036840389,0.174609125536908,0.169566848118075,0.180529744842829,344066.954,334552,356033,1901751.626,1900513,1903069,1972458.672,1971304,1973569,0,500
1900000,60,1825,0.174460816974533,0.17428757593974,0.17462378600655,0.169001413576579,0.180762112578526,363236.894,351853,376423,2007418.42,2005834,2009031,2082054.198,2080572,2083481,0,500
2e+06,60,1825,0.174610609422386,0.174446024084439,0.174767236747512,0.169439100509718,0.180573888405925,382685.172,371410,395905,2113097.142,2111519,2114597,2191649.1,2190437,2193031,0,500
2100000,60,1825,0.174593358631785,0.174429494846617,0.174755742327623,0.168977178543163,0.181230733804448,401779.436,388793,417127,2218750.47,2217120,2220336,2301229.884,2299875,2302570,0,500
2200000,60,1825,0.17453960344595,0.174379909009135,0.174712668546568,0.168551034252835,0.180532543249538,420781.724,406477,435182,2324406.922,2322712,2325789,2410809.718,2408895,2411985,0,500
2300000,60,1825,0.174609661688417,0.174441071256591,0.174773196436709,0.169285728175028,0.179655882497702,440083.886,426587,452620,2430054.102,2428030,2431999,2520386.804,2518970,2521888,0,500
2400000,60,1825,0.174653464753951,0.174488033714669,0.174807188599759,0.16921858028824,0.180392053965317,459333.342,445109,474375,2535720.31,2533899,2537249,2629970.418,2628563,2631389,0,500
2500000,60,1825,0.174806988742952,0.174641196512292,0.174955543610359,0.170216478853546,0.179624036516451,478893.552,466250,492058,2641379.238,2639784,2643328,2739556.182,2737895,2741226,0,500
10000,120,1825,0.0230873765544646,0.0205184359377603,0.0256209445533086,9.03342366757001e-05,0.113692042464386,252.965408805031,1,1253,10567.9842767296,10450,10690,10957.5880503145,10873,11070,318,318
20000,120,1825,0.0218580421382881,0.0197442652689396,0.023891731992325,4.53206435531385e-05,0.136315957495325,478.970387243736,1,2989,21138.8656036446,20960,21315,21916.6810933941,21767,22074,439,439
30000,120,1825,0.0272575251726124,0.0251587885244124,0.0294614452830522,3.03573054855651e-05,0.124714620559496,896.127049180328,1,4097,31706.625,31478,31901,32873.7008196721,32699,33054,488,488
40000,120,1825,0.0425111247057377,0.039795460502719,0.0452839721267101,2.2806577416927e-05,0.150191239413532,1863.38383838384,1,6597,42274.1111111111,42044,42503,43830.8444444444,43617,44037,492,495
50000,120,1825,0.0570787753089406,0.0539298405933058,0.0602770941750994,1.82238988209137e-05,0.147586458618487,3127.52409638554,1,8087,52842.2610441767,52575,53079,54791.297188755,54556,55026,485,498
60000,120,1825,0.0776871526780252,0.0740145880600206,0.0813913576243657,3.04316732855556e-05,0.150224317542392,5107.96586345382,2,9878,63407.8112449799,63138,63690,65749.2409638554,65517,66012,422,498
70000,120,1825,0.0866158735081099,0.0829594188678107,0.0899056553468758,0.00181239731921663,0.145366974273296,6644.274,139,11137,73974.4,73675,74231,76707.626,76436,76963,383,500
80000,120,1825,0.102325550800851,0.0990384610473423,0.105930828010278,0.00167821629582273,0.152081000159989,8970.54,147,13308,84540.39,84231,84866,87666.024,87397,87954,277,500
90000,120,1825,0.106790570658952,0.103541443732791,0.110066649865775,3.03637578186676e-05,0.144654534394485,10531.936,3,14268,95107.49,94758,95440,98624.374,98300,98941,214,500
1e+05,120,1825,0.115182131407895,0.112386596287048,0.11791053006521,0.00328395241917828,0.145010807409231,12621.554,360,15900,105671.318,105309,106043,109581.998,109261,109901,156,500
150000,120,1825,0.129627820505267,0.128731114304778,0.130405164009752,0.0335737984354549,0.144362377661584,21307.4,5515,23689,158503.51,158043,158957,164374.028,163995,164797,16,500
2e+05,120,1825,0.131419556328892,0.130955614902001,0.131796327155317,0.0557659318198409,0.140505099784336,28802.732,12223,30816,211335.42,210816,211858,219166.038,218719,219633,1,500
250000,120,1825,0.131541162493647,0.131267190788693,0.131809656682515,0.122230002771821,0.140788133086471,36036.69,33514,38553,264168.95,263612,264759,273957.576,273459,274469,0,500
3e+05,120,1825,0.131675717349041,0.131413462987414,0.13193213541848,0.124040469218922,0.141230421856314,43288.48,40753,46411,317004.778,316411,317654,328750.55,328199,329304,0,500
350000,120,1825,0.132208348919559,0.131969407664506,0.132446906186394,0.123654148817527,0.143154749488966,50707.5,47455,54905,369836.38,369164,370533,383542.21,382964,384171,0,500
4e+05,120,1825,0.132073804030192,0.131851707320777,0.13228980808724,0.124853426288822,0.14024622616752,57892.418,54729,61458,422669.2,421971,423385,438333.87,437686,439002,0,500
450000,120,1825,0.132357545805314,0.132134186908259,0.132568627390849,0.124956137771008,0.138960303723289,65268.974,61606,68482,475501.216,474754,476255,493126.08,492458,493822,0,500
5e+05,120,1825,0.132596420084893,0.132391509503333,0.132814519336656,0.126304856924343,0.140506273676834,72652.018,69197,76998,528334.284,527507,529179,547918.204,547219,548643,0,500
550000,120,1825,0.132386553298351,0.132190570032096,0.132584031756957,0.124904645347025,0.139874402966002,79790.704,75319,84283,581164.98,580295,582007,602710.342,601966,603500,0,500
6e+05,120,1825,0.132568660555233,0.132365064198357,0.132752402123121,0.127379570273688,0.139754179406441,87163.618,83688,91900,633990.626,633087,634918,657497.854,656422,658256,0,500
650000,120,1825,0.132639953083298,0.132461299515031,0.132835311644653,0.127200746860588,0.138388069422843,94477.79,90607,98586,686820.212,685934,687825,712287.832,711566,713221,0,500
7e+05,120,1825,0.132587113243608,0.132398537442372,0.132776137218229,0.127134944940379,0.138649076984835,101705.83,97557,106381,739655.714,738528,740758,767086.776,766047,768076,0,500
750000,120,1825,0.132635222755886,0.132470410693249,0.132811936828613,0.126647531684706,0.138721851636843,109009.144,104045,113984,792478.486,791556,793463,821872.118,820994,822767,0,500
8e+05,120,1825,0.132663270739867,0.132490525628406,0.13284441229757,0.126691380591012,0.139018976730181,116302.452,111036,121886,845320.506,843985,846422,876673.724,875845,877646,0,500
850000,120,1825,0.132832962107762,0.132657557796857,0.132985309155804,0.126478604231941,0.137498456997182,123729.266,117873,128097,898150.216,896908,899404,931465.176,930473,932504,0,500
9e+05,120,1825,0.132835024285512,0.132655545781817,0.133003617048512,0.127159731704177,0.138671188130954,131010.376,125446,136827,950986.688,949850,952394,986263.56,985333,987427,0,500
950000,120,1825,0.132868391982063,0.132712666967475,0.133028401959698,0.127953686200378,0.138007877927676,138321.116,133209,143632,1003799.404,1002824,1004806,1041038.44,1040185,1042145,0,500
1e+06,120,1825,0.132779172080688,0.132612419930453,0.132935815214523,0.12728631755138,0.138446861042376,145504.948,139468,151793,1056642.768,1055544,1057837,1095841.702,1094859,1096860,0,500
1100000,120,1825,0.132624813212075,0.13246772631895,0.132770526354428,0.127327727245966,0.138441814922995,159866.752,153551,166839,1162285.22,1161129,1163347,1205406.006,1204529,1206249,0,500
1200000,120,1825,0.132847284086674,0.13269216721182,0.133014771379432,0.127267707360408,0.139333870277119,174693.554,167327,183203,1267952.35,1266603,1269298,1314995.332,1313907,1316049,0,500
1300000,120,1825,0.132795559054004,0.132662130095727,0.132928531101761,0.127486977695201,0.137498753898018,189175.888,181627,195859,1373602.542,1372124,1374686,1424564.704,1423395,1425506,0,500
1400000,120,1825,0.132871685990347,0.132744026188429,0.133005849241335,0.128656961062179,0.13838945231679,203844.898,197328,212298,1479265.438,1477827,1480965,1534148.278,1533073,1535326,0,500
1500000,120,1825,0.132884997909079,0.132752514589794,0.133024626164329,0.127942060665662,0.137467977802809,218427.126,210239,226021,1584928.754,1583583,1586343,1643730.704,1642192,1644981,0,500
1600000,120,1825,0.132766528678515,0.132629326909718,0.132904761961985,0.128451784524689,0.137790912027541,232780.256,225214,241432,1690578.692,1689159,1692300,1753305.166,1752150,1754544,0,500
1700000,120,1825,0.132849690231621,0.132709916627418,0.13298261065769,0.127811255596211,0.137456352728481,247483.72,238124,255995,1796231.414,1794825,1797526,1862885.396,1861683,1864130,0,500
1800000,120,1825,0.132854746323216,0.132705131077328,0.132995855240137,0.127906758659004,0.137060437192274,262051.358,252331,270301,1901888.038,1900078,1903329,1972465.23,1971281,1973810,0,500
1900000,120,1825,0.132909711487274,0.132795360787668,0.133033116050056,0.129046449037459,0.136617937786624,276726.004,268700,284438,2007575.546,2006040,2008966,2082060.028,2080723,2083454,0,500
2e+06,120,1825,0.132982565921388,0.13285516435214,0.133100972853556,0.128512442726205,0.138174426271397,291452.01,281488,302821,2113245.894,2111748,2115231,2191655.816,2190174,2193193,0,500
2100000,120,1825,0.13289063186853,0.132767423279148,0.133004672460249,0.127723654250604,0.137619746244866,305813,293933,316679,2218918.172,2217107,2220400,2301238.45,2299825,2302549,0,500
2200000,120,1825,0.132843619556537,0.132725032935979,0.132963582108264,0.1291463748517,0.13797705727384,320261.516,311328,332573,2324586.94,2322995,2326128,2410816.044,2409555,2411985,0,500
2300000,120,1825,0.133015537805188,0.132899757701295,0.133133174897289,0.12862957657782,0.136949142051839,335251.936,324358,345171,2430253.032,2428460,2432159,2520396.484,2518936,2521804,0,500
2400000,120,1825,0.132827915615077,0.132708427394452,0.132947210078619,0.129257790040794,0.136572979712211,349334.554,339918,359099,2535926.872,2533798,2537759,2629978.684,2628308,2631400,0,500
2500000,120,1825,0.132857039413845,0.132738842195678,0.132989804771725,0.129739179308067,0.136311258232218,363969.718,355456,373451,2641587.766,2639934,2643211,2739559.448,2738073,2741402,0,500
10000,15,365,0.0360525002725493,0.0322060151657104,0.0397213282567832,9.7904836498923e-05,0.107107795012763,367.320754716981,1,1091,10110.4465408805,10065,10153,10187.8113207547,10147,10228,248,318
20000,15,365,0.0378528888951054,0.0348005123203743,0.0409311678942784,4.89715964740451e-05,0.0942534381139489,771.216400911162,1,1919,20220.9886104784,20151,20291,20374.8177676538,20315,20436,242,439
30000,15,365,0.0440163861114859,0.0417065511444793,0.0461094287358508,3.26786706316787e-05,0.0807691049998365,1345.30327868852,1,2470,30331.0245901639,30261,30411,30562.2008196721,30487,30639,149,488
40000,15,365,0.0517215695260141,0.0497647894109756,0.0535641392588691,2.45314493180257e-05,0.0783861954017354,2107.70505050505,1,3198,40441.1515151515,40348,40547,40749.5353535354,40672,40843,90,495
50000,15,365,0.0538255851987834,0.0525295675203349,0.0551559879372469,1.96278558530266e-05,0.0716642444715032,2741.77911646586,1,3649,50551.2168674699,50439,50658,50937.2208835341,50835,51032,41,498
60000,15,365,0.0576154652726939,0.0564224810156102,0.0587411589120094,3.27171601504989e-05,0.0742304482301537,3521.74497991968,2,4536,60661.1485943775,60547,60771,61124.8012048193,61017,61224,26,498
70000,15,365,0.0565612181853748,0.0557560167580053,0.0573430129470496,0.0019506307975133,0.066925600830085,4033.492,139,4773,70771.07,70650,70901,71312.034,71196,71429,14,500
80000,15,365,0.0592503892913337,0.0585605831113446,0.0598666223177484,0.00180474389824682,0.0728008833271991,4828.888,147,5934,80881.032,80754,81007,81499.462,81381,81622,7,500
90000,15,365,0.0573601801988221,0.0567349397722212,0.0578996337037041,3.26840109818277e-05,0.0710290156909355,5259.216,3,6514,90992.072,90849,91124,91687.498,91566,91805,6,500
1e+05,15,365,0.0592549629094987,0.058857604544693,0.0596202356480563,0.00353374233128834,0.0700158033707314,6036.526,360,7133,101101.378,100920,101244,101874.064,101746,102000,2,500
150000,15,365,0.058601503761199,0.0583669123973924,0.0588557221780193,0.0516704398235995,0.0688055384695921,8955,7897,10515,151653.1,151463,151812,152811.756,152655,152968,0,500
2e+05,15,365,0.0599417689748201,0.0597128883262346,0.0601677130916217,0.0528395231387639,0.0702672195911957,12213.076,10766,14318,202202.352,201975,202410,203749.094,203571,203931,0,500
250000,15,365,0.0593855176478439,0.0591904664766027,0.0595753291201832,0.0523533290421841,0.06588961584681,15124.68,13339,16778,252753.844,252509,252976,254686.378,254490,254888,0,500
3e+05,15,365,0.060242533422066,0.0600516921988171,0.060441323012352,0.053531866153972,0.0672425357873211,18411.566,16358,20551,303304.934,303037,303554,305623.954,305396,305848,0,500
350000,15,365,0.0600382588630512,0.0598638761198445,0.0602248205292684,0.0540780116975469,0.0667081891968477,21407.316,19278,23777,353856.224,353571,354126,356561.376,356311,356792,0,500
4e+05,15,365,0.0604262030465421,0.0602526165842137,0.0606050375591561,0.0540952390300401,0.0669904103205553,24623.614,22045,27314,404407.336,404104,404698,407498.936,407243,407760,0,500
450000,15,365,0.0605429241793497,0.0603789987401543,0.0607014773426697,0.0560354132821614,0.0657361175641688,27755.054,25697,30136,454958.606,454628,455272,458435.962,458157,458703,0,500
5e+05,15,365,0.0605294175542072,0.0603743708338012,0.0607088598380363,0.0536314209361642,0.0676602916909481,30832.09,27314,34483,505509.512,505176,505824,509373.572,509091,509649,0,500
550000,15,365,0.0606367283043085,0.0604927874176886,0.0607796980057511,0.0559158513907578,0.0655142190543003,33975.392,31332,36701,556060.242,555714,556390,560310.65,560005,560595,0,500
6e+05,15,365,0.0606768641002819,0.0605143547478788,0.0608318959074402,0.0557746764581265,0.066146382964799,37088.212,34094,40429,606604.542,606232,607004,611241.294,610895,611522,0,500
650000,15,365,0.0609026979523052,0.0607509913059889,0.0610432374788457,0.0555763591724321,0.0660290029280786,40328.336,36807,43725,657153.504,656754,657582,662176.718,661848,662529,0,500
7e+05,15,365,0.0608394859547225,0.0606987160290116,0.0609871819888833,0.0555173845006198,0.0653849660870724,43385.362,39593,46610,707702.762,707314,708113,713112.148,712776,713429,0,500
750000,15,365,0.0610074115808129,0.0608665485193406,0.0611386378410776,0.0569324684435649,0.0660768050119922,46612.594,43498,50499,758251.772,757689,758732,764047.706,763574,764428,0,500
8e+05,15,365,0.0610303009875145,0.0608966420227026,0.0611761832074441,0.0565732573492959,0.0649385535710562,49739.002,46102,52942,808806.35,808424,809229,814989.02,814630,815366,0,500
850000,15,365,0.0610132543919657,0.0608781546313317,0.0611500462409649,0.0570727482678984,0.0649673303772628,52833.218,49425,56248,859361.226,858879,859787,865930.032,865558,866292,0,500
9e+05,15,365,0.0609906593504139,0.060861324324794,0.0611305462888621,0.056315048428804,0.0650870859735416,55920.47,51636,59679,909914.498,909491,910373,916869.606,916503,917237,0,500
950000,15,365,0.0610534419314251,0.0609266497786898,0.0611823712632849,0.0564200947773291,0.0658445271819609,59087.478,54612,63719,960457.29,960002,960970,967799.456,967391,968180,0,500
1e+06,15,365,0.0611622930083962,0.0610412713166706,0.0612797158064959,0.0575832428013586,0.0653011024045592,62308.738,58676,66527,1011015.924,1010488,1011435,1018744.35,1018202,1019102,0,500
1100000,15,365,0.0611025522434341,0.0609735352490439,0.0612368515544727,0.0564930320442994,0.0656208221701422,68472.536,63324,73528,1112115.44,1111637,1112718,1120616.554,1120238,1121166,0,500
1200000,15,365,0.0611839270650239,0.0610634979190992,0.0613015552346304,0.0573708222221677,0.0645776535544915,74797.056,70157,78925,1213221.026,1212746,1213832,1222495.238,1222074,1223014,0,500
1300000,15,365,0.0611374796574006,0.0610336976193405,0.0612439765841875,0.0572013769415162,0.0644411584659361,80968.356,75740,85373,1314318.204,1313681,1314881,1324365.398,1323933,1324830,0,500
1400000,15,365,0.0611796112448407,0.0610585570454556,0.0612930756514182,0.0570739544202178,0.0649812761655158,87257.03,81389,92680,1415423.528,1414924,1416001,1426243.714,1425720,1426687,0,500
1500000,15,365,0.0612181245457221,0.0611126374702205,0.0613280712975353,0.0567572377943605,0.0658286017941892,93548.382,86738,100589,1516520.036,1515880,1517024,1528115.768,1527612,1528536,0,500
1600000,15,365,0.0610907875753337,0.0609857082356781,0.0611993597668204,0.057779181900719,0.0651752542528877,99577.754,94187,106221,1617635.118,1617062,1618175,1629996.402,1629465,1630486,0,500
1700000,15,365,0.061184803305021,0.0610794847668991,0.0612947899005516,0.0573774988004372,0.0653375903504532,105963.888,99371,113147,1718723.49,1718116,1719386,1731866.038,1731377,1732436,0,500
1800000,15,365,0.0611269309212001,0.0610341093077591,0.0612290928260608,0.0568086086702854,0.0639309797591163,112091.02,104185,117228,1819828.052,1819082,1820672,1833742.212,1833228,1834291,0,500
1900000,15,365,0.0612372067940511,0.0611334356836168,0.0613460076145082,0.0575241858240022,0.0649513944206643,118531.388,111346,125732,1920927.306,1920247,1921745,1935610.586,1935048,1936333,0,500
2e+06,15,365,0.0612405708740517,0.0611481833594188,0.0613384705088316,0.0580827081508095,0.0649028986823279,124776.872,118338,132227,2022031.538,2021385,2022739,2037487.086,2036903,2038179,0,500
2100000,15,365,0.0612526549343889,0.0611548819700568,0.0613479573687243,0.0579005100359731,0.0643205290237664,131041.728,123887,137613,2123131.696,2122388,2123782,2139364.188,2138810,2139993,0,500
2200000,15,365,0.0612242640010516,0.0611252370002119,0.0613227775816601,0.0574936443872957,0.0645970781124367,137217.948,128862,144772,2224233.934,2223456,2224851,2241234.874,2240655,2241797,0,500
2300000,15,365,0.0612660451830782,0.0611724034631838,0.0613662640741043,0.0581673157115824,0.065733114166041,143553.202,136267,154000,2325337.784,2324507,2326018,2343111.99,2342452,2343693,0,500
2400000,15,365,0.0612821696177848,0.0611886289545876,0.0613709103089499,0.0583552988088544,0.0650260572904589,149833.498,142686,159001,2426430.728,2425728,2427173,2444977.122,2444222,2445554,0,500
2500000,15,365,0.0612870942143471,0.0611902350492911,0.0613771276204981,0.0578573246126588,0.0639738465301386,156089.282,147339,162949,2527533.878,2526624,2528311,2546853.746,2546093,2547471,0,500
10000,30,365,0.0294082551072292,0.026314363947273,0.0321323978152453,9.7904836498923e-05,0.0985487350460875,299.619496855346,1,1005,10110.6698113208,10065,10153,10187.8113207547,10147,10228,279,318
20000,30,365,0.0290866769336788,0.0267627474359385,0.031408480270665,4.89715964740451e-05,0.0797215140223573,592.603644646925,1,1626,20221.291571754,20151,20291,20374.8200455581,20315,20436,291,439
30000,30,365,0.0342590378652637,0.0324091083880458,0.0359718457523147,3.26786706316787e-05,0.0652138346258303,1047.06147540984,1,1993,30331.6495901639,30259,30413,30562.2110655738,30487,30639,200,488
40000,30,365,0.0401521353423876,0.0385652960058877,0.0416444763880062,2.45314493180257e-05,0.0626304801670146,1636.2303030303,1,2550,40442.1797979798,40346,40544,40749.5414141414,40672,40843,126,495
50000,30,365,0.042103276546621,0.0409578049293128,0.0432407720387236,1.96278558530266e-05,0.0564726666012366,2144.66666666667,1,2877,50552.3333333333,50441,50656,50937.2309236948,50835,51032,62,498
60000,30,365,0.0449747429879787,0.0440635825325469,0.0458261596041632,3.27171601504989e-05,0.0598026218883488,2749.07630522088,2,3654,60662.6385542169,60552,60772,61124.8112449799,61017,61224,33,498
70000,30,365,0.0442015839464974,0.0435220135814001,0.0448563533012482,0.0019506307975133,0.055359246171967,3152.108,139,3948,70772.8,70652,70904,71312.04,71196,71429,19,500
80000,30,365,0.0459110704880222,0.0453700495692459,0.0464081142630232,0.00180474389824682,0.0557293391724629,3741.752,147,4543,80882.854,80753,81001,81499.484,81381,81622,9,500
90000,30,365,0.0447660237350261,0.0442399314821867,0.0452087772826456,3.26840109818277e-05,0.0563053242052937,4104.482,3,5165,90994.262,90844,91126,91687.512,91566,91805,6,500
1e+05,30,365,0.0461043881932269,0.0457258651928884,0.0464368083862516,0.00353374233128834,0.0557884711681018,4696.828,360,5682,101103.85,100925,101241,101874.078,101746,102000,3,500
150000,30,365,0.0455260535628991,0.0453006173634822,0.0457598102542484,0.038350108235725,0.052920998193197,6956.914,5864,8084,151657.052,151460,151824,152811.788,152655,152968,0,500
2e+05,30,365,0.0464671497680314,0.0462665323377531,0.0466703416505011,0.039246406137193,0.0546262427887566,9467.632,7991,11126,202208.078,201978,202416,203749.14,203571,203931,0,500
250000,30,365,0.0461291605847835,0.0459377677130338,0.0463255279066632,0.0391201212759106,0.0522691042162383,11748.468,9961,13312,252760.588,252513,252982,254686.416,254490,254888,0,500
3e+05,30,365,0.0466968660685956,0.0465190623474376,0.0468830625677324,0.0405696231512432,0.0533509642450348,14271.684,12404,16300,303313.096,303038,303567,305624.008,305397,305848,0,500
350000,30,365,0.0468173385695876,0.0466566714688294,0.0469936883170889,0.0407429951501109,0.0525293685138101,16693.258,14525,18718,353865.428,353567,354125,356561.454,356311,356792,0,500
4e+05,30,365,0.046761655410715,0.0466022011432285,0.0469150264194852,0.0412229963361154,0.0519154722835198,19055.308,16798,21150,404417.696,404114,404703,407499.002,407243,407760,0,500
450000,30,365,0.0468643005002217,0.0467140324805016,0.0470200415079434,0.0417919173498192,0.0522310106224063,21484.276,19158,23951,454970.082,454640,455291,458436.056,458157,458703,0,500
5e+05,30,365,0.046880687890578,0.0467197904506147,0.0470298858928853,0.0414453544562543,0.0532873630019988,23879.788,21107,27140,505521.71,505184,505845,509373.648,509091,509650,0,500
550000,30,365,0.0469183881825609,0.0467769130429228,0.0470649123150597,0.0427740937934088,0.0512750968902339,26288.882,23957,28736,556073.344,555727,556408,560310.722,560005,560596,0,500
6e+05,30,365,0.047045781751098,0.0469033826955725,0.0471861492170542,0.0420845585768684,0.0517063386238365,28756.318,25718,31604,606618.716,606247,607016,611241.288,610890,611530,0,500
650000,30,365,0.0470284068248962,0.0468969792467289,0.0471542313998225,0.0418998083518714,0.0520028141456109,31141.106,27744,34445,657168.614,656740,657605,662176.818,661840,662540,0,500
7e+05,30,365,0.0470234073443818,0.0468958124755071,0.0471559247954321,0.0433715611125602,0.051541288006283,33532.974,30928,36751,707718.906,707346,708125,713112.498,712785,713440,0,500
750000,30,365,0.047143149359668,0.0470150448743304,0.047271717522527,0.0422813917117636,0.0510517861841545,36019.598,32307,38998,758268.438,757771,758763,764047.806,763644,764448,0,500
8e+05,30,365,0.0471145631862316,0.0469889219892103,0.0472411997405532,0.0426776148045262,0.0509417713692671,38397.842,34782,41526,808824.43,808410,809260,814988.974,814636,815349,0,500
850000,30,365,0.0471839807983752,0.0470776878879026,0.047303537014514,0.0437300646937498,0.0506897005791591,40858.01,37867,43884,859380.42,858882,859784,865930.092,865561,866272,0,500
9e+05,30,365,0.0471612127834712,0.0470400566629382,0.0472815267778449,0.0420524198958671,0.0520755293104106,43240.684,38550,47753,909935.062,909498,910415,916869.588,916476,917247,0,500
950000,30,365,0.047126612493905,0.047007746798798,0.0472518494519899,0.0436838184622792,0.0526779072650632,45609.1,42281,50988,960479.234,960042,961004,967799.162,967379,968173,0,500
1e+06,30,365,0.0471715329561886,0.0470637291731668,0.0472792774371332,0.0430341025333928,0.051457676296822,48055.756,43836,52424,1011039.082,1010502,1011441,1018744.49,1018171,1019102,0,500
1100000,30,365,0.0470825666057154,0.0469813617268759,0.0471865272480402,0.0424709804537472,0.0509405388811697,52761.536,47594,57083,1112141.428,1111606,1112668,1120616.872,1120227,1121095,0,500
1200000,30,365,0.047224091632309,0.047120987780346,0.0473284715128311,0.0431716533603632,0.0508232891807849,57731.232,52771,62124,1213249.128,1212764,1213802,1222495.392,1222074,1222958,0,500
1300000,30,365,0.0471786427156105,0.0470613016127523,0.0472839883522018,0.0436204234046811,0.0506609609131219,62481.736,57765,67101,1314349.092,1313732,1314859,1324365.02,1323949,1324794,0,500
1400000,30,365,0.0473130041314283,0.0472070070217729,0.0474189186960953,0.0429850151895344,0.0523896962163231,67479.882,61310,74724,1415456.97,1414991,1416019,1426243.668,1425721,1426703,0,500
1500000,30,365,0.047264113485171,0.0471575298409207,0.0473604977328297,0.0440818564887255,0.0504467563538609,72225.05,67361,77089,1516556.358,1516000,1517122,1528116.244,1527618,1528584,0,500
1600000,30,365,0.0471833395361443,0.047089076508722,0.0472801622586076,0.0438214530222834,0.0503921955959741,76908.69,71433,82142,1617672.38,1616894,1618298,1629996.612,1629376,1630523,0,500
1700000,30,365,0.0472518929500893,0.0471509258676374,0.0473541433190834,0.0443158732733672,0.0507600439012027,81833.992,76764,87920,1718765.174,1718132,1719430,1731866.636,1731385,1732446,0,500
1800000,30,365,0.0471862344012683,0.0470809707805941,0.0472793409938189,0.043919471607405,0.0501014220903856,86527.424,80539,91882,1819868.752,1819220,1820520,1833742.672,1833264,1834224,0,500
1900000,30,365,0.0473177793595259,0.0472201405715556,0.0474105624564097,0.0444406101608057,0.0504110070318111,91588.826,86026,97570,1920973.172,1920131,1921827,1935611.228,1935068,1936423,0,500
2e+06,30,365,0.047251041139214,0.0471617794292413,0.0473362892983698,0.0444671926005461,0.0508434738787826,96273.406,90614,103616,2022081.896,2021395,2022832,2037487.464,2036850,2038194,0,500
2100000,30,365,0.0473137904483343,0.0472290444411981,0.0474056173311394,0.0447946132604432,0.0506905054795494,101221.464,95837,108457,2123189.322,2122485,2123874,2139365.022,2138712,2139962,0,500
2200000,30,365,0.0472955188163399,0.0472074358492717,0.0473879595543247,0.0443992892972485,0.0505381179523144,106000.356,99506,113282,2224286.542,2223508,2224977,2241234.526,2240649,2241775,0,500
2300000,30,365,0.0472850671023291,0.0472002636467231,0.0473731935142081,0.0444816147723742,0.0500801555649644,110794.238,104219,117335,2325394.64,2324608,2326055,2343112.136,2342506,2343736,0,500
2400000,30,365,0.0473102649738699,0.047219057349654,0.0474075758196225,0.0442352971970842,0.0514145347743208,115672.536,108158,125689,2426494.372,2425704,2427232,2444977.554,2444311,2445657,0,500
2500000,30,365,0.0472802221646029,0.0471954429978908,0.047363076032324,0.0440020601737172,0.049590473075357,120415.836,112089,126293,2527599.818,2526531,2528289,2546853.874,2546184,2547426,0,500
10000,60,365,0.0253834345880838,0.0229425920564797,0.0278639670434035,9.7904836498923e-05,0.0882526564344746,258.606918238994,1,897,10110.7012578616,10065,10153,10187.8113207547,10147,10228,292,318
20000,60,365,0.0224909470099517,0.0206373466834051,0.0243445883459727,4.89715964740451e-05,0.0661335426580974,458.220956719818,1,1348,20221.5717539863,20151,20291,20374.8223234624,20315,20436,339,439
30000,60,365,0.0261649855378865,0.024689039232754,0.0275720473537062,3.26786706316787e-05,0.052972760607648,799.702868852459,1,1618,30332.1454918033,30261,30413,30562.2110655738,30487,30639,282,488
40000,60,365,0.031676534025506,0.0303700820151004,0.0329192995250107,2.45314493180257e-05,0.0530940867473428,1290.84242424242,1,2163,40442.7757575758,40349,40545,40749.5373737374,40672,40843,167,495
50000,60,365,0.0332226961627225,0.0321810685644497,0.0342007754186798,1.96278558530266e-05,0.0549275874249382,1692.30722891566,1,2799,50553.0983935743,50443,50659,50937.2369477912,50835,51032,110,498
60000,60,365,0.0357936800569544,0.0349992748677224,0.0365641216441038,3.27171601504989e-05,0.0473360186003864,2187.89156626506,2,2891,60663.686746988,60553,60780,61124.8152610442,61017,61224,68,498
70000,60,365,0.0356728665916067,0.0350649096270091,0.0362851010460177,0.0019506307975133,0.046774442310119,2543.908,139,3336,70774.128,70648,70905,71312.05,71196,71429,43,500
80000,60,365,0.0371206107640443,0.0366327897660807,0.0375769200815069,0.00180474389824682,0.0478773671743639,3025.326,147,3901,80884.358,80751,81002,81499.484,81381,81622,15,500
90000,60,365,0.0360712283474637,0.0356088141143566,0.0364999005644672,3.26840109818277e-05,0.0467082724158247,3307.286,3,4281,90995.868,90844,91124,91687.532,91566,91805,15,500
1e+05,60,365,0.036958523358436,0.0366261736663936,0.0372537394657063,0.00353374233128834,0.044476735623607,3765.112,360,4530,101105.598,100924,101247,101874.09,101746,102000,8,500
150000,60,365,0.0366491070049011,0.0364592739688213,0.0368459465570563,0.0303791835185403,0.0457079663390438,5600.412,4642,6985,151659.536,151474,151824,152811.79,152655,152968,0,500
2e+05,60,365,0.0371646288881921,0.0369913429123139,0.037326440753865,0.0319328061106775,0.0439777216183723,7572.258,6505,8962,202212.078,201984,202419,203749.17,203571,203931,0,500
250000,60,365,0.0368775374661027,0.036721020591267,0.0370326963585546,0.0327212898463085,0.042511322081299,9392.202,8333,10823,252765.65,252523,252988,254686.454,254490,254888,0,500
3e+05,60,365,0.037112256785713,0.0369668140617667,0.037260736640038,0.0321254134265908,0.043301533275515,11342.386,9820,13231,303318.788,303041,303573,305624.038,305397,305848,0,500
350000,60,365,0.0371369485191629,0.0369801194306179,0.0372838964543076,0.0326300700458089,0.0422552998029938,13241.606,11632,15057,353872.074,353578,354145,356561.512,356311,356792,0,500
4e+05,60,365,0.0372849321059828,0.0371447807076249,0.0374143806375933,0.0330338875778256,0.0426735584451284,15193.57,13466,17387,404425.286,404122,404708,407499.042,407243,407760,0,500
450000,60,365,0.0372777272883115,0.0371414259768544,0.037419706023359,0.0325836399203564,0.0419265804832815,17089.46,14941,19216,454977.934,454659,455289,458436.088,458157,458703,0,500
5e+05,60,365,0.0373323646948281,0.0372152097227236,0.0374467242194406,0.0328604021943586,0.0412103011031288,19016.124,16736,20995,505530.96,505185,505855,509373.714,509091,509650,0,500
550000,60,365,0.037374563830922,0.0372540105818592,0.037505051327319,0.0335384571453048,0.0414020297702009,20941.374,18792,23200,556083.148,555721,556416,560310.802,560005,560595,0,500
6e+05,60,365,0.0373473362350303,0.0372185276181538,0.0374723013667965,0.0330139595154419,0.0420112254596435,22828.232,20178,25681,606629.55,606263,607022,611241.31,610904,611529,0,500
650000,60,365,0.0373866294920589,0.0372623370152453,0.037489987545674,0.0336622389745634,0.0421658634714044,24756.558,22291,27920,657180.718,656698,657600,662176.95,661785,662507,0,500
7e+05,60,365,0.037357440369838,0.0372500133712722,0.0374722551212263,0.034209522634345,0.0405181725090827,26640.066,24397,28885,707731.32,707336,708138,713112.686,712716,713432,0,500
750000,60,365,0.0373686004425906,0.0372558584274281,0.0374834192471426,0.0328256783711762,0.0411655166006028,28551.4,25080,31457,758281.69,757762,758764,764047.882,763618,764436,0,500
8e+05,60,365,0.0372736134845926,0.0371638150382308,0.0373821225801566,0.0337056452998375,0.0417397129022246,30377.594,27467,34023,808838.4,808437,809280,814989.1,814626,815364,0,500
850000,60,365,0.0373151169692148,0.0372099145270034,0.0374069805233596,0.0337569361985243,0.0417943054161937,32312.292,29225,36196,859394.808,858918,859817,865930.226,865570,866280,0,500
9e+05,60,365,0.0373548625276868,0.0372479025117034,0.037468641600864,0.033963379261915,0.0409069597548875,34249.54,31147,37517,909949.528,909516,910435,916869.76,916478,917263,0,500
950000,60,365,0.0374527657333943,0.037361806186765,0.0375422004274398,0.0344380756341857,0.0402444921085585,36246.798,33327,38952,960494.76,960036,961120,967800.084,967377,968249,0,500
1e+06,60,365,0.0374165393691792,0.0373237782923729,0.037507950489339,0.0348281224840847,0.0408610426123423,38117.89,35473,41624,1011055.642,1010527,1011482,1018744.58,1018202,1019102,0,500
1100000,60,365,0.037348329491738,0.0372574470332672,0.0374439518175051,0.033953281213321,0.0407869152056568,41853.182,38040,45707,1112159.646,1111628,1112691,1120617,1120228,1121117,0,500
1200000,60,365,0.0373865715753172,0.0372870754913064,0.0374709774642322,0.0345870515906412,0.041435424855203,45704.924,42289,50665,1213268.854,1212789,1213879,1222495.528,1222089,1223019,0,500
1300000,60,365,0.0373975001155764,0.0373003042303201,0.0374873359527301,0.0348726334647729,0.0406654957919488,49527.958,46191,53856,1314370.464,1313792,1314893,1324365.024,1323924,1324797,0,500
1400000,60,365,0.0374179403217888,0.0373286047224346,0.0375099177922741,0.0346419432857794,0.0407945478257211,53367.106,49415,58182,1415480.374,1415019,1416062,1426243.74,1425721,1426704,0,500
1500000,60,365,0.037379076553942,0.0372993363058415,0.0374662455471696,0.034846182936899,0.0400609889768314,57119.572,53258,61219,1516583.738,1515951,1517282,1528116.236,1527612,1528591,0,500
1600000,60,365,0.0373248468090892,0.0372387758924854,0.0374180683366973,0.034230754132789,0.0407400910024376,60839.386,55809,66418,1617699.854,1617002,1618354,1629997.152,1629389,1630501,0,500
1700000,60,365,0.0373885666322571,0.037300297162244,0.0374731446670946,0.0346482849110519,0.0408705137629619,64752.022,59996,70776,1718794.934,1717984,1719471,1731866.78,1731385,1732475,0,500
1800000,60,365,0.0373392488763701,0.037262905086402,0.0374199235339309,0.034962338559741,0.0404511479129228,68470.582,64106,74169,1819902.11,1819102,1820601,1833742.992,1833268,1834261,0,500
1900000,60,365,0.0374205152259768,0.0373410636679613,0.0375031334409566,0.0346236188059375,0.0403059316096954,72431.566,67019,78016,1921002.662,1920181,1921864,1935610.74,1935041,1936358,0,500
2e+06,60,365,0.0374583866189351,0.0373768349508247,0.0375356673059192,0.0348804905248443,0.0399340518779459,76321.006,71063,81360,2022118.452,2021438,2023075,2037488.006,2036834,2038307,0,500
2100000,60,365,0.0374097357470236,0.0373296954492069,0.0374871543889776,0.0350357926941015,0.0397012670487851,80033.05,74941,84933,2123225.518,2122541,2124001,2139364.544,2138837,2139950,0,500
2200000,60,365,0.0373940524185307,0.0373169256848108,0.0374719783896379,0.035039323523834,0.0405114188500036,83808.85,78524,90798,2224330.566,2223588,2225111,2241234.836,2240664,2241773,0,500
2300000,60,365,0.0374578983858662,0.0373823024673665,0.0375322232829457,0.034684303655063,0.0400434161492539,87768.066,81269,93818,2325437.836,2324664,2326045,2343112.11,2342536,2343694,0,500
2400000,60,365,0.0373785151901949,0.0373022375133745,0.0374526944089972,0.0349125774599041,0.040000883473162,91389.64,85366,97798,2426535.234,2425693,2427273,2444977.884,2444214,2445549,0,500
2500000,60,365,0.0374311508249591,0.0373567026588441,0.037505409955611,0.0348906325698775,0.040074767705408,95331.712,88870,102074,2527644.534,2526873,2528349,2546854.782,2546218,2547438,0,500
10000,120,365,0.023778496994084,0.0215533050727192,0.0259281560496659,9.7904836498923e-05,0.0913909885147737,242.264150943396,1,931,10110.7358490566,10065,10153,10187.8113207547,10147,10228,299,318
20000,120,365,0.0200237079617553,0.0184973158703336,0.021589380920396,4.89715964740451e-05,0.0601883645639164,407.956719817768,1,1227,20221.6469248292,20151,20291,20374.8200455581,20315,20436,363,439
30000,120,365,0.0215441930668935,0.0203688511545536,0.0226920535546087,3.26786706316787e-05,0.0475832051575744,658.47131147541,1,1454,30332.3647540984,30261,30413,30562.2233606557,30487,30639,329,488
40000,120,365,0.0252185303599176,0.0241538213663865,0.0263345857104805,2.45314493180257e-05,0.0444608023555392,1027.68484848485,1,1812,40443.2585858586,40350,40547,40749.5414141414,40672,40843,223,495
50000,120,365,0.0266849610624794,0.0258928411651705,0.0274423630653766,1.96278558530266e-05,0.0393657521880765,1359.29518072289,1,2006,50553.8975903614,50444,50660,50937.2449799197,50835,51032,142,498
60000,120,365,0.0279638089154045,0.0273138832009778,0.0285743254546068,3.27171601504989e-05,0.0379053103425711,1709.29718875502,2,2317,60664.5983935743,60553,60780,61124.8172690763,61017,61224,80,498
70000,120,365,0.0278439639042347,0.027355957376976,0.0283059005569979,0.0019506307975133,0.0378393546124167,1985.606,139,2697,70775.148,70653,70904,71312.054,71196,71429,53,500
80000,120,365,0.0285196198180405,0.0281212335767821,0.0289170980606754,0.00180474389824682,0.0382459368291935,2324.338,147,3118,80885.622,80755,81002,81499.486,81381,81622,34,500
90000,120,365,0.0276872431263246,0.0273276012460272,0.0280346662062735,3.26840109818277e-05,0.035050040337527,2538.58,3,3215,90997.28,90850,91129,91687.536,91566,91805,31,500
1e+05,120,365,0.0283076087442136,0.0280465923055262,0.028540507164679,0.00353374233128834,0.0370428550390261,2883.814,360,3773,101107.14,100925,101249,101874.096,101746,102000,9,500
150000,120,365,0.0278262564111193,0.0276633864093188,0.0279832844600741,0.0223034471935973,0.0336165786839885,4252.176,3411,5139,151662.138,151471,151828,152811.8,152655,152968,0,500
2e+05,120,365,0.0279213968670264,0.0277889591050053,0.0280599509694233,0.0238572101790763,0.0337835517375029,5688.962,4860,6886,202215.712,201989,202422,203749.194,203571,203931,0,500
250000,120,365,0.0275293200547951,0.027402873909432,0.0276607551093035,0.0238157889569203,0.0327658989613398,7011.346,6064,8344,252770.418,252519,252989,254686.47,254490,254888,0,500
3e+05,120,365,0.0276956921030867,0.0275828196326933,0.0278111455926941,0.0235989358882486,0.031771371743369,8464.462,7212,9712,303324.5,303040,303584,305624.064,305397,305848,0,500
350000,120,365,0.0275910991815622,0.0274726837424755,0.0276984858637922,0.023848847936605,0.0317921669846257,9837.93,8505,11332,353878.242,353582,354148,356561.524,356311,356792,0,500
4e+05,120,365,0.0275835521045404,0.0274824209648513,0.0276812350727062,0.0247479916647645,0.0317258198269813,11240.27,10083,12931,404432.566,404130,404722,407499.084,407243,407760,0,500
450000,120,365,0.0276993612970833,0.0275984367325177,0.0278015784982738,0.0244008315391545,0.0304591895730565,12698.386,11186,13963,454986.036,454658,455296,458436.12,458157,458703,0,500
5e+05,120,365,0.0277265224080395,0.0276257479155101,0.0278300094308326,0.024747791952895,0.0309091979743258,14123.166,12608,15747,505539.902,505197,505866,509373.766,509091,509650,0,500
550000,120,365,0.0275830268507536,0.0274891689349122,0.0276748649101416,0.0244206258276137,0.0307335061077913,15455.074,13684,17219,556093.204,555743,556433,560310.862,560005,560596,0,500
6e+05,120,365,0.0276046510402146,0.0275115044767451,0.0276918850865626,0.0239801128552912,0.0307116423497384,16873.106,14653,18772,606639.84,606269,607060,611241.222,610924,611514,0,500
650000,120,365,0.0276073288417028,0.0275104122823229,0.0276927408887233,0.0242721305385804,0.0305981893919027,18280.93,16074,20259,657192.11,656726,657605,662176.936,661790,662483,0,500
7e+05,120,365,0.0276060596078992,0.0275227897534063,0.02769078665563,0.0250269257522382,0.0307662967419137,19686.232,17846,21940,707743.844,707356,708180,713112.818,712732,713422,0,500
750000,120,365,0.0275420335649593,0.0274568496503557,0.0276292923192135,0.0247901007097841,0.03100328850515,21043.43,18943,23692,758294.908,757782,758771,764047.868,763621,764434,0,500
8e+05,120,365,0.0275145091392393,0.0274371052909839,0.0275954981133796,0.0246682250731653,0.0302230129758582,22424.026,20103,24631,808852.14,808450,809290,814989.222,814616,815360,0,500
850000,120,365,0.0275213098232195,0.0274490421189884,0.027597550762729,0.0254098654004449,0.030835763157135,23831.526,22010,26703,859409.948,858936,859849,865930.27,865577,866270,0,500
9e+05,120,365,0.0276093595968377,0.0275355525688063,0.0276926647095779,0.0250004362697194,0.0307227535963181,25314.186,22922,28170,909965.302,909537,910451,916869.808,916477,917262,0,500
950000,120,365,0.0275889555758885,0.0275152430650977,0.0276712341685862,0.0252452302281514,0.0302246053392842,26700.586,24434,29255,960511.336,960069,961116,967799.958,967396,968220,0,500
1e+06,120,365,0.0275727815158316,0.0275047712491323,0.0276441825234924,0.0254370224361743,0.0297903377488254,28089.626,25913,30347,1011072.654,1010547,1011498,1018744.5,1018206,1019102,0,500
1100000,120,365,0.0274319256117468,0.0273622553851596,0.0275010886392425,0.025071183887769,0.0293698755314098,30740.684,28097,32912,1112178.466,1111660,1112713,1120617.082,1120252,1121104,0,500
1200000,120,365,0.0275127809557948,0.0274414298901275,0.0275870641469274,0.0249741973368053,0.0296959071695094,33634.254,30537,36299,1213289.418,1212829,1213872,1222495.496,1222089,1222993,0,500
1300000,120,365,0.0274039204369968,0.0273400002045097,0.0274687587514795,0.0252815882050465,0.029958572351104,36292.796,33480,39665,1314392.902,1313847,1314912,1324365.084,1323904,1324800,0,500
1400000,120,365,0.0274642209442147,0.0273987542578329,0.0275285778471185,0.025286198992703,0.0294517441318388,39170.69,36063,42012,1415504.574,1415017,1416051,1426243.936,1425728,1426669,0,500
1500000,120,365,0.0274437332911676,0.0273862547655016,0.0275046884178187,0.0252907632965933,0.0296233133322906,41937.21,38652,45267,1516609.652,1516006,1517180,1528116.154,1527614,1528710,0,500
1600000,120,365,0.0273712289728931,0.0273155389929477,0.027435926267827,0.0253315991607259,0.0295852614306692,44615.018,41290,48213,1617727.762,1617068,1618305,1629997.268,1629353,1630563,0,500
1700000,120,365,0.0274202601136851,0.0273577616420257,0.0274862989929031,0.0251576938732502,0.0300206531284842,47488.24,43573,51994,1718825.73,1718297,1719428,1731866.806,1731385,1732444,0,500
1800000,120,365,0.027411991015105,0.0273508797421701,0.0274682346160808,0.0255191285741479,0.029480919876678,50266.536,46787,54065,1819934.98,1819368,1820503,1833742.554,1833261,1834243,0,500
1900000,120,365,0.0274544507489826,0.0274008267456078,0.0275063171918712,0.0256771906983473,0.029589399744902,53141.124,49700,57277,1921035.294,1920098,1921916,1935610.396,1934994,1936339,0,500
2e+06,120,365,0.0274373610052107,0.0273787747897169,0.0274906541434013,0.0257003783812703,0.0293748932402159,55903.288,52361,59845,2022153.46,2021457,2023048,2037487.85,2036923,2038304,0,500
2100000,120,365,0.0274228962385474,0.0273683183188578,0.0274785892811642,0.0259547108290925,0.0293519669501695,58667.58,55530,62786,2123262.094,2122532,2123918,2139365.004,2138836,2139936,0,500
2200000,120,365,0.0274186057028024,0.0273625837566332,0.0274735968984543,0.0257219934712265,0.0290141756170464,61451.532,57647,65036,2224370.334,2223469,2225060,2241234.732,2240652,2241834,0,500
2300000,120,365,0.0274531498402994,0.0274027093543707,0.0275067121523092,0.0250608382577255,0.0290297389679055,64325.826,58720,68028,2325479.582,2324807,2326179,2343112.67,2342527,2343685,0,500
2400000,120,365,0.0273953477272756,0.0273411744575896,0.0274501567539924,0.0256343042640279,0.0292041084868944,66981.018,62684,71398,2426579.938,2425611,2427231,2444978.032,2444293,2445566,0,500
2500000,120,365,0.027424881351194,0.0273713583301201,0.0274774204458537,0.0256848945254381,0.0291488722513151,69847.178,65410,74226,2527689.44,2526914,2528326,2546854.438,2546192,2547444,0,500
