"initpop","beta","ts","mean.propinf.boot","lowCI95.propinf.boot","highCI95.propinf.boot","min.propinf","max.propinf","mean.inf","min.inf","max.inf","mean.curpop","min.curpop","max.curpop","mean.alltimepop","min.alltimepop","max.alltimepop","zeroevent","N"
10000,0.325,1825,0.00584639383393682,0.00513779077799952,0.00663907619802343,9.03342366757001e-05,0.0479128856624319,64.0880503144654,1,528,10568.6949685535,10449,10690,10957.6320754717,10873,11070,318,318
20000,0.325,1825,0.00781891780331364,0.00678167477885534,0.00912288970610014,4.53988287102193e-05,0.0911120222313334,171.446469248292,1,2000,21139.437357631,20955,21316,21916.7198177677,21767,22074,439,439
30000,0.325,1825,0.00970768939476613,0.00841035450186552,0.0110915731811414,3.02773404384159e-05,0.102903656906816,319.168032786885,1,3388,31707.5983606557,31487,31899,32873.7745901639,32699,33054,488,488
40000,0.325,1825,0.0157879386799965,0.013754588173493,0.0177879649742279,2.2806577416927e-05,0.111167036537098,691.931313131313,1,4859,42276.6424242424,42043,42520,43830.9878787879,43617,44037,495,495
50000,0.325,1825,0.0217261619727704,0.0191696291215159,0.0244227650215592,1.82705132187163e-05,0.160724391624222,1190.42771084337,1,8804,52845.718875502,52579,53086,54791.5602409639,54558,55026,495,498
60000,0.325,1825,0.0378958879599323,0.0339497674262938,0.0420982312162068,3.04316732855556e-05,0.164792295266831,2491.77108433735,2,10814,63413.3273092369,63130,63694,65749.5040160643,65517,66013,489,498
70000,0.325,1825,0.0518184643021607,0.0473192139284586,0.0562584832845968,1.30106687483737e-05,0.167118114337804,3974.86,1,12833,73980.25,73669,74270,76707.97,76434,76965,467,500
80000,0.325,1825,0.0690374186338924,0.0635569796727597,0.0741392991578309,2.27995576885808e-05,0.176745568216886,6052.13,2,15464,84545.054,84216,84861,87666.224,87398,87954,431,500
90000,0.325,1825,0.0863684931805786,0.0805666229171147,0.0921198426439536,0.000212709924437332,0.17887496581136,8518.124,21,17658,95111.096,94765,95483,98624.584,98300,98941,368,500
1e+05,0.325,1825,0.100594914474891,0.094556255516067,0.106347011517267,0.000146250948345993,0.182218936531406,11023.328,16,19965,105675.08,105329,106087,109582.15,109263,109901,332,500
150000,0.325,1825,0.154131276599622,0.148758229072067,0.158679663307652,0.0013140204768191,0.197314407691887,25335.558,216,32445,158496.198,158062,158948,164373.744,163995,164797,123,500
2e+05,0.325,1825,0.180113968860335,0.177294150225744,0.182717723066932,0.00163768406839042,0.205266520627966,39474.676,359,44978,211315.362,210817,211834,219165.344,218719,219633,33,500
250000,0.325,1825,0.188918523095123,0.186544048144363,0.190744160156341,0.00177817049259339,0.207790690883607,51755.714,487,56928,264139.528,263558,264731,273956.508,273456,274468,11,500
3e+05,0.325,1825,0.195487459203658,0.194283358970607,0.19627364353852,0.00269937978173673,0.213574789936403,64266.288,887,70255,316964.03,316349,317623,328748.928,328198,329301,2,500
350000,0.325,1825,0.197660568058091,0.196179098064479,0.198834804290819,0.00242210292764196,0.216250801411527,75810.682,929,82975,369788.128,369126,370456,383540.55,382961,384170,3,500
4e+05,0.325,1825,0.201094902534373,0.200598799212731,0.201604465154532,0.184361084750712,0.227578531583677,88146.282,80818,99790,422610.76,421889,423333,438331.702,437681,438999,0,500
450000,0.325,1825,0.204084779091909,0.203562243675613,0.204602980415762,0.190003264521545,0.226727676905353,100639.046,93706,111784,475434.684,474722,476207,493123.7,492455,493821,0,500
5e+05,0.325,1825,0.205537445748998,0.205023990426,0.206066547652956,0.189927619353297,0.228540954774328,112617.062,104147,125136,528258.316,527456,529067,547915.312,547217,548640,0,500
550000,0.325,1825,0.206937218949759,0.206464584884481,0.207436319851626,0.189326301395324,0.22788493943001,124722.63,114085,137269,581085.272,580235,581900,602707.474,601959,603492,0,500
6e+05,0.325,1825,0.208305005835244,0.20784181801804,0.208749250313149,0.194426914075509,0.227485469958064,136959.554,127853,149556,633904.768,633094,634862,657495.172,656808,658214,0,500
650000,0.325,1825,0.210104916692552,0.209598158877123,0.21064873321157,0.194735556266954,0.227677312254517,149654.406,138693,162249,686726.474,685814,687673,712284.282,711559,713142,0,500
7e+05,0.325,1825,0.210795962699262,0.21032931191881,0.211361547870061,0.193317739828367,0.228365572667581,161697.856,148272,175150,739556.356,738444,740628,767082.408,766051,768046,0,500
750000,0.325,1825,0.212485347407478,0.21199562587256,0.212999695502631,0.199081230965487,0.234984583361703,174635.216,163552,193272,792374.824,791502,793339,821869.092,820966,822738,0,500
8e+05,0.325,1825,0.21403416805316,0.213476248023997,0.214565237479288,0.198166707545932,0.234889571055848,187637.41,173706,205985,845207.838,844006,846150,876670.972,875908,877492,0,500
850000,0.325,1825,0.214205592037978,0.213682445927098,0.214711321413513,0.199773690804525,0.231806835689017,199524.254,186083,215913,898030.066,896905,899214,931461.31,930457,932434,0,500
9e+05,0.325,1825,0.215174991471415,0.214657994323702,0.215691138982339,0.201222424224603,0.235593347485032,212218.07,198453,232402,950857.14,949549,952314,986258.646,985249,987443,0,500
950000,0.325,1825,0.216285627784826,0.215790038412793,0.216826153261762,0.198658431052019,0.234398565941888,225160.658,206837,244000,1003664.502,1002692,1004685,1041033.722,1040010,1041973,0,500
1e+06,0.325,1825,0.216953763447612,0.216433545772071,0.217491689989472,0.201910973273739,0.236065857885615,237745.738,221355,258799,1056498.018,1055424,1057626,1095835.986,1094737,1096695,0,500
1100000,0.325,1825,0.218151058203286,0.21765703469834,0.218680970754753,0.204627615118269,0.238801299535667,262959.982,246794,287693,1162130.68,1160962,1163170,1205403.44,1204520,1206274,0,500
1200000,0.325,1825,0.219101459975871,0.218577715896097,0.21964505685177,0.204762763023109,0.239570039911618,288115.766,269253,315192,1267778.458,1266335,1269093,1314988.948,1313908,1316055,0,500
1300000,0.325,1825,0.220381739448222,0.219884770796951,0.220939693559289,0.20252752190519,0.234889236174004,313946.998,288464,334572,1373408.538,1371809,1374694,1424560.258,1423299,1425735,0,500
1400000,0.325,1825,0.221170511750377,0.22058898795185,0.221746612814181,0.205102900281215,0.240938467875653,339307.07,314859,369669,1479054.632,1477586,1480409,1534142.368,1533096,1535246,0,500
1500000,0.325,1825,0.221724204824631,0.221214868731187,0.222218801882546,0.209182972233,0.239387351405883,364454.104,343908,393430,1584703.83,1583041,1586321,1643726.81,1642102,1644905,0,500
1600000,0.325,1825,0.222752602004989,0.222181324586408,0.223276944370298,0.208711739176072,0.240204276788662,390551.218,365798,421246,1690317.578,1689158,1691768,1753295.368,1752017,1754682,0,500
1700000,0.325,1825,0.222617535231312,0.22210482263454,0.223118565298791,0.208484088711244,0.239736772591878,414709.234,388488,446527,1795964.642,1794495,1797626,1862878.088,1861392,1864138,0,500
1800000,0.325,1825,0.223782614634788,0.223301225808085,0.224268949489178,0.20808484050599,0.240843964790682,441401.344,410634,474939,1901603.822,1899861,1902942,1972455.992,1971145,1973667,0,500
1900000,0.325,1825,0.224413231572836,0.223907502309513,0.224905650386512,0.210850970843479,0.240907291842789,467239.388,439021,501542,2007248.36,2005604,2008920,2082049.886,2080771,2083442,0,500
2e+06,0.325,1825,0.224798946729405,0.224299971556998,0.225263254975659,0.211773690888262,0.242665833346639,492679.02,464184,531932,2112916.31,2111215,2114519,2191643.762,2190265,2192949,0,500
2100000,0.325,1825,0.225328737589358,0.224799446097677,0.225818755476653,0.213672037964122,0.242373016110932,518532.136,491685,557877,2218549.046,2217066,2219945,2301224.614,2299700,2302555,0,500
2200000,0.325,1825,0.225627034104173,0.22515050690751,0.226110963467388,0.211820886110085,0.242758306026795,543942.424,510554,585266,2324186.238,2322429,2325719,2410803.698,2409393,2412295,0,500
2300000,0.325,1825,0.22607395913752,0.225573028827117,0.226572738619003,0.212483320190463,0.243012751052338,569792.46,535673,612475,2429823.34,2427382,2431693,2520380.26,2518879,2522123,0,500
2400000,0.325,1825,0.226309033547658,0.225879063962026,0.226775473082253,0.213437128553623,0.243182924417809,595184.78,561323,639503,2535468.382,2533623,2536973,2629965.196,2628644,2631293,0,500
2500000,0.325,1825,0.226706883884959,0.226186859340701,0.227225365912154,0.212189012227781,0.243318370531137,621074.754,581257,666832,2641119.5,2639010,2642812,2739550.004,2737793,2741005,0,500
10000,0.375,1825,0.0118213925814873,0.0101939349069705,0.0135372948585243,9.065361254646e-05,0.0948898436785812,129.544025157233,1,1038,10568.4025157233,10450,10692,10957.6132075472,10873,11070,318,318
20000,0.375,1825,0.0192553719680057,0.0168688866575365,0.0219485084934948,4.53802868034126e-05,0.199789598865663,422.082004555809,1,4368,21139.1503416857,20959,21315,21916.7038724374,21767,22074,439,439
30000,0.375,1825,0.0254139552613889,0.0225187473118428,0.0284810168683493,3.03573054855651e-05,0.172916730235255,835.30737704918,1,5667,31706.737704918,31479,31887,32873.6967213115,32699,33053,488,488
40000,0.375,1825,0.0511929555552384,0.0467954313009497,0.0557532943279903,2.28107392960606e-05,0.200583848381873,2243.96767676768,1,8795,42273.2565656566,42045,42520,43830.8202020202,43617,44036,487,495
50000,0.375,1825,0.0667453922407318,0.0613171047467107,0.0719806425814508,1.82705132187163e-05,0.195534284466443,3656.86746987952,1,10745,52842.0522088353,52573,53087,54791.2630522088,54558,55026,464,498
60000,0.375,1825,0.101553132758195,0.0962332639257495,0.107518068980357,3.04316732855556e-05,0.201461298424538,6677.10040160643,2,13235,63405.0742971888,63142,63716,65749.1305220884,65517,66011,405,498
70000,0.375,1825,0.120774735179192,0.114787286735103,0.126722893653873,1.30257519115291e-05,0.197326726217644,9264.296,1,15132,73970.254,73661,74242,76707.484,76433,76963,321,500
80000,0.375,1825,0.146291257289892,0.141384206458594,0.151202033678375,0.000751819745520407,0.207455429497569,12824.856,66,18176,84533.144,84230,84860,87665.662,87394,87954,241,500
90000,0.375,1825,0.151724462920914,0.146738064205634,0.156828898364118,0.00136909893007454,0.199268460727892,14963.848,135,19667,95099.946,94745,95463,98624.04,98300,98941,198,500
1e+05,0.375,1825,0.168117935362082,0.16382310721254,0.172430220604426,0.000154901728521053,0.205869465997262,18422.878,17,22553,105660.708,105291,106048,109581.508,109261,109901,139,500
150000,0.375,1825,0.191389742155157,0.189427066227393,0.192935270559961,0.00146490310972793,0.208904755243905,31459.166,241,34350,158485.458,158062,158948,164373.228,163994,164798,22,500
2e+05,0.375,1825,0.198644065874288,0.198136492948296,0.199107465414156,0.142684346258302,0.211014368354008,43535.78,31260,46217,211308.046,210819,211830,219165.012,218719,219633,5,500
250000,0.375,1825,0.201394981351202,0.201054758491822,0.201729173859192,0.190327197318749,0.213443745137217,55173.388,52131,58433,264132.356,263588,264720,273956.054,273456,274467,0,500
3e+05,0.375,1825,0.203335529276087,0.202991196788149,0.20366854503042,0.191298529478855,0.214759775143575,66846.208,62898,70639,316958.826,316363,317564,328748.5,328197,329300,0,500
350000,0.375,1825,0.204468261041297,0.204149431213119,0.204814783914762,0.190934019343611,0.217920728625543,78421.792,73181,83648,369782.514,369111,370487,383539.994,382955,384170,0,500
4e+05,0.375,1825,0.205754481436522,0.205451113674348,0.206062132700408,0.196036865728518,0.216724527130509,90188.572,85911,94952,422605.776,421888,423333,438331.164,437682,439000,0,500
450000,0.375,1825,0.206686709036969,0.206358787406058,0.206991803410538,0.194842337134442,0.219477366263491,101921.95,96060,108203,475432.614,474699,476198,493123.182,492454,493821,0,500
5e+05,0.375,1825,0.207553714429389,0.207278450357201,0.20781560944977,0.19590119038925,0.216591736791785,113721.718,107299,118707,528256.396,527479,529073,547914.786,547216,548641,0,500
550000,0.375,1825,0.208162172328281,0.207901178662999,0.208436355449339,0.198486593025918,0.216059665831522,125460.736,119637,130217,581083.024,580238,581902,602706.868,601961,603492,0,500
6e+05,0.375,1825,0.208747131843525,0.208477033294048,0.208996977480995,0.198246363438745,0.218435850155132,137250.07,130413,143693,633904.624,633073,634820,657494.344,656706,658184,0,500
650000,0.375,1825,0.209139670997994,0.208904163962945,0.209390751922399,0.200017979017924,0.216593477074044,148966.814,142401,154330,686727.652,685840,687619,712283.756,711567,713150,0,500
7e+05,0.375,1825,0.209429069669876,0.209179277198494,0.209670722280035,0.201749581383703,0.217578978500858,160649.128,154704,166996,739559.192,738416,740620,767081.704,766030,768028,0,500
750000,0.375,1825,0.209843197351661,0.20959384665829,0.210073752287563,0.200746145160034,0.21730009406193,172463.398,164978,178577,792376.712,791504,793377,821868.104,820997,822791,0,500
8e+05,0.375,1825,0.210251973058241,0.210010353951359,0.210484736606596,0.200808015403364,0.217554661559712,184321.796,176151,190733,845212.144,843929,846198,876670.912,875764,877432,0,500
850000,0.375,1825,0.210224438869756,0.210008582825004,0.210459145804549,0.201889706979485,0.217722553870847,195815.492,188075,202927,898033.578,896794,899310,931459.28,930492,932569,0,500
9e+05,0.375,1825,0.210472031081476,0.210260827052964,0.210701198109367,0.20208049372457,0.21713694056944,207579.486,199410,214117,950864.752,949826,952251,986257.286,985394,987441,0,500
950000,0.375,1825,0.210559618793235,0.210336093272075,0.210781951065316,0.204081867918094,0.216863870941096,219199.612,212438,225785,1003674.016,1002754,1004768,1041033.512,1040180,1042147,0,500
1e+06,0.375,1825,0.210887523845586,0.210702963624448,0.211079594894621,0.200625384139791,0.217892813597436,231098.058,220007,238753,1056509.142,1055474,1057770,1095835.596,1094765,1096814,0,500
1100000,0.375,1825,0.211291125054478,0.21108801744325,0.211495292454439,0.203015879338272,0.218458128070644,254690.388,244652,263322,1162140.586,1161059,1163213,1205400.304,1204537,1206269,0,500
1200000,0.375,1825,0.211301274602521,0.211116585974387,0.21149621907967,0.204786285530045,0.219654612456313,277858.656,269304,288792,1267792.804,1266333,1269145,1314987.982,1314020,1316093,0,500
1300000,0.375,1825,0.211634183375472,0.21145501141767,0.211811252480728,0.206448587897386,0.219214973216981,301485.834,294124,312252,1373432.68,1371980,1374680,1424561.094,1423246,1425576,0,500
1400000,0.375,1825,0.211701805071331,0.211518192176248,0.21186677846223,0.206545008090515,0.218373202498956,324779.99,316946,335107,1479075.862,1477811,1480424,1534139.004,1533234,1535034,0,500
1500000,0.375,1825,0.211794755716444,0.21162065115618,0.211980666235555,0.206328547829182,0.218471379811877,348132.55,339102,359151,1584731.768,1583506,1586091,1643726.108,1642358,1644841,0,500
1600000,0.375,1825,0.211956061305447,0.211782477501718,0.212135401317612,0.206026575313077,0.218837187422488,371621.504,361083,383789,1690351.644,1688837,1691869,1753294.716,1751769,1754684,0,500
1700000,0.375,1825,0.212070538238334,0.211889994543958,0.212250653830384,0.205428464223657,0.219889176447847,395060.922,382697,409526,1795994.288,1794701,1797506,1862875.482,1861695,1864101,0,500
1800000,0.375,1825,0.212134161749994,0.211953061210945,0.212302771501033,0.207403047186212,0.219701597250068,418425.064,409077,433406,1901648.192,1899954,1903172,1972455.102,1971080,1973790,0,500
1900000,0.375,1825,0.212100966697042,0.211921833164107,0.212289461294012,0.207374351901122,0.219556689547712,441604.304,431804,457101,2007284.54,2005678,2009146,2082047.87,2080740,2083686,0,500
2e+06,0.375,1825,0.212256063369204,0.212083841427369,0.212434257886243,0.207138084302372,0.220529376321879,465189.992,454143,483495,2112963.832,2111412,2114388,2191645.464,2190331,2193089,0,500
2100000,0.375,1825,0.212454938922242,0.212279737674053,0.212635506709366,0.206042266395386,0.218882745886059,488905.706,474040,503786,2218596.234,2216977,2220095,2301220.816,2299909,2302549,0,500
2200000,0.375,1825,0.212598627981688,0.212406343346395,0.212781427752931,0.207374677036887,0.219914377360979,512533.626,499875,530172,2324241.62,2322637,2325886,2410803.834,2409522,2412191,0,500
2300000,0.375,1825,0.212670735984946,0.212489760887128,0.212869397620956,0.208164610921192,0.219282314591984,536010.496,524712,552632,2429885.378,2428118,2432165,2520377.262,2518993,2522237,0,500
2400000,0.375,1825,0.21263892542358,0.212455913571238,0.212822692504529,0.207451138594417,0.220076778306536,559232.232,545605,578954,2535538.946,2533783,2536980,2629961.728,2628303,2631374,0,500
2500000,0.375,1825,0.212739454097272,0.212558162727671,0.212929927276826,0.208000356132503,0.219953896948912,582809.42,570036,602567,2641186.904,2639203,2643262,2739545.518,2737840,2741174,0,500
10000,0.425,1825,0.0295278115017597,0.0258191733750561,0.0335596526464049,9.03342366757001e-05,0.154748808214155,323.449685534591,1,1688,10568.0377358491,10449,10690,10957.5786163522,10873,11070,318,318
20000,0.425,1825,0.0421528893585516,0.0376463108538096,0.0466962141291883,4.53802868034126e-05,0.238814801329025,923.902050113895,1,5247,21138.3667425968,20966,21315,21916.6218678815,21767,22074,439,439
30000,0.425,1825,0.0658718593063939,0.060635017810524,0.0714341749366691,3.03260045489007e-05,0.225123886541209,2165.3237704918,1,7405,31703.7827868852,31473,31899,32873.518442623,32699,33053,483,488
40000,0.425,1825,0.106363555026499,0.100043573265425,0.112733391219976,2.2766596849103e-05,0.23274049012436,4661.68282828283,1,10181,42268.5797979798,42043,42498,43830.5272727273,43617,44037,441,495
50000,0.425,1825,0.139182944881553,0.133361749526705,0.14464286169431,1.82238988209137e-05,0.226878639093216,7626.4718875502,1,12430,52833.7168674699,52569,53074,54790.8935742972,54555,55025,351,498
60000,0.425,1825,0.169493382412441,0.163707792403415,0.174815526919298,3.04316732855556e-05,0.230110959112327,11144.3795180723,2,15139,63397.6646586345,63122,63711,65748.718875502,65517,66011,244,498
70000,0.425,1825,0.183031077445321,0.17819000539829,0.187656859340396,5.20426749934947e-05,0.229482030013214,14039.538,4,17540,73960.444,73664,74275,76707.02,76433,76966,166,500
80000,0.425,1825,0.197012199049791,0.192986913895824,0.200826390214274,4.57043613386807e-05,0.228629996583533,17271.31,4,20076,84524.082,84201,84861,87665.274,87397,87954,114,500
90000,0.425,1825,0.204874358393079,0.201985951196064,0.207398694581195,0.00222924773022049,0.227551154714536,20205.496,220,22475,95089.146,94736,95450,98623.592,98300,98941,57,500
1e+05,0.425,1825,0.2102552352731,0.207652301068062,0.212320622035525,0.00225560476690562,0.229044114294053,23040.058,247,25114,105652.516,105317,106037,109581.178,109261,109901,30,500
150000,0.425,1825,0.217549083935667,0.217137047225487,0.217966780918655,0.174135739009301,0.22991595412141,35759.136,28626,37806,158476.436,158048,158943,164372.756,163994,164796,3,500
2e+05,0.425,1825,0.22035559207129,0.220023808177499,0.220717743291939,0.207508124837617,0.23177287388159,48294.106,45525,50876,211296.882,210789,211820,219164.354,218717,219633,0,500
250000,0.425,1825,0.222117976543624,0.221765855775876,0.222507150704622,0.209782144538649,0.237738106528733,60850.426,57478,65174,264120.476,263589,264723,273955.452,273456,274467,0,500
3e+05,0.425,1825,0.223264568695294,0.222947788736669,0.223582945484161,0.209993701831945,0.234927646008439,73397.732,69018,77228,316945.804,316322,317570,328747.824,328198,329299,0,500
350000,0.425,1825,0.224100050183657,0.223812658552148,0.224384691960997,0.214464497087703,0.233209689569871,85951.108,82257,89466,369767.606,369082,370447,383539.18,382953,384170,0,500
4e+05,0.425,1825,0.22482425415674,0.22453680210273,0.225100769876829,0.214432185470645,0.235161035774071,98547.248,94009,103112,422589.414,421876,423323,438330.23,437677,438998,0,500
450000,0.425,1825,0.225119129405833,0.224850143496411,0.225373820413343,0.216228380507129,0.234723681488303,111011.294,106654,115723,475414.966,474709,476194,493122.174,492454,493820,0,500
5e+05,0.425,1825,0.225445348210877,0.225192491347129,0.225675200432713,0.215782115257554,0.233264805334229,123524.534,118224,127814,528240.166,527457,529029,547913.654,547217,548641,0,500
550000,0.425,1825,0.225716295799405,0.225480975324767,0.2259347771994,0.218198835688729,0.235208150861268,136040.432,131484,141791,581061.988,580220,581949,602705.604,601957,603494,0,500
6e+05,0.425,1825,0.226173885265153,0.225922489909548,0.226406818638721,0.217426489602823,0.235499794010651,148707.692,142934,154912,633879.696,633062,634847,657492.58,656601,658208,0,500
650000,0.425,1825,0.226227249262957,0.225979628270324,0.226467579852847,0.216783138262709,0.23479604232938,161137.404,154453,167183,686699.574,685675,687671,712281.304,711458,713169,0,500
7e+05,0.425,1825,0.226467384396908,0.226248656585774,0.226693651000797,0.218594153360586,0.234104803322721,173718.584,167745,179634,739529.986,738376,740652,767079.97,766002,768061,0,500
750000,0.425,1825,0.226821299085588,0.226593134392869,0.227049286092318,0.219987197523232,0.235474810022442,186416.842,180767,193484,792345.47,791428,793380,821866.764,820952,822726,0,500
8e+05,0.425,1825,0.226699211297879,0.226475516294544,0.226921486379232,0.220549483754369,0.234734526903236,198740.096,193423,205765,845180.242,843984,846014,876668.884,875917,877487,0,500
850000,0.425,1825,0.227018871578422,0.226806917954065,0.227231932380466,0.220736198954116,0.235868793964617,211458.314,205565,219729,898000.436,896838,899092,931457.224,930476,932305,0,500
9e+05,0.425,1825,0.22713474336302,0.226910428255368,0.227382852234898,0.220232790844087,0.23683676945287,224012.718,217233,233612,950829.426,949681,952296,986255.076,985327,987451,0,500
950000,0.425,1825,0.227240723825668,0.227027179605086,0.227454548028191,0.220013242347451,0.236389526616026,236564.918,228946,246190,1003639.482,1002787,1004712,1041032.174,1040138,1041969,0,500
1e+06,0.425,1825,0.22746945249785,0.227219747519559,0.227712859477497,0.221142285848769,0.234756551161999,249268.238,242429,257192,1056468.624,1055275,1057579,1095832.144,1094808,1096731,0,500
1100000,0.425,1825,0.227744132573441,0.22752651668809,0.227963120747296,0.219361587230749,0.235158290548367,274522.144,264445,283469,1162099.108,1160929,1163164,1205397.402,1204421,1206272,0,500
1200000,0.425,1825,0.227584455578193,0.227363891936812,0.227821140472388,0.221203898906977,0.235677809169275,299270.04,290959,309901,1267747.686,1266602,1269096,1314984.886,1314059,1316066,0,500
1300000,0.425,1825,0.227746425390622,0.227527594522337,0.227969383684176,0.220970205191983,0.235860501230682,324437.748,314841,335963,1373383.39,1371936,1374689,1424557.162,1423405,1425680,0,500
1400000,0.425,1825,0.227877784005126,0.227671932041933,0.228088574852601,0.222452753714605,0.234428289004701,349595.602,341380,359771,1479022.998,1477659,1480491,1534136.392,1533112,1535184,0,500
1500000,0.425,1825,0.228113096980053,0.227893484097623,0.228324605667569,0.222331037268275,0.235119266702479,374954.7,365482,386478,1584670.712,1583448,1586215,1643722.936,1642624,1644911,0,500
1600000,0.425,1825,0.228242898687119,0.228011680754559,0.228457257872206,0.221137375715929,0.235291903253129,400176.008,387685,412522,1690296.338,1689028,1691841,1753290.09,1752123,1754484,0,500
1700000,0.425,1825,0.22825075295991,0.228056627740785,0.22847808667326,0.221156978488386,0.23504046368147,425202.536,412086,437800,1795932.002,1794387,1797867,1862874.656,1861382,1864104,0,500
1800000,0.425,1825,0.228181149143001,0.227949879152172,0.228385771284007,0.222022590130933,0.235211304021167,450075.61,438067,463963,1901566.432,1899843,1903286,1972448.544,1971034,1973867,0,500
1900000,0.425,1825,0.228489479410896,0.228279286252347,0.228703228993603,0.221419480026705,0.236356835303422,475725.242,461002,492228,2007227.284,2005492,2008952,2082044.332,2080539,2083850,0,500
2e+06,0.425,1825,0.228357750756524,0.228167476261321,0.228532311207485,0.222536308959138,0.235351580331221,500477.208,487697,515580,2112889.328,2111271,2114514,2191636.656,2190126,2193035,0,500
2100000,0.425,1825,0.228492304327782,0.228289688156789,0.228695939793673,0.222684683541774,0.235651749386918,525810.97,512460,542061,2218532.952,2216710,2220246,2301219.862,2299612,2302631,0,500
2200000,0.425,1825,0.228855203482771,0.228647165484906,0.229045199976251,0.222594300196824,0.235193787257206,551723.926,536627,566881,2324165.512,2322556,2325652,2410799.232,2409401,2412082,0,500
2300000,0.425,1825,0.228601031523902,0.228410148724132,0.228803397937143,0.222917147079007,0.235483003088039,576160.038,561648,593428,2429802.938,2427806,2431451,2520373.816,2519042,2521681,0,500
2400000,0.425,1825,0.22865269072797,0.228471661295384,0.22884758075515,0.223137054945857,0.234460899286554,601346.92,586848,616480,2535459.706,2533254,2537055,2629957.552,2628207,2631357,0,500
2500000,0.425,1825,0.228734255594286,0.228530644078855,0.228944006186469,0.223367452984639,0.234278588208845,626626.702,611910,641932,2641096.53,2639528,2642943,2739540.23,2738046,2741079,0,500
10000,0.475,1825,0.0520905062349648,0.0465292550600946,0.0577358097131907,9.07441016333938e-05,0.239390344072283,570.707547169811,1,2623,10567.7672955975,10450,10682,10957.5974842767,10873,11068,318,318
20000,0.475,1825,0.0840913556855226,0.0767299920320623,0.0911062305604115,4.54959053685168e-05,0.280953683442743,1843.06833712984,1,6163,21136.6674259681,20968,21297,21916.4692482916,21767,22074,439,439
30000,0.475,1825,0.122696001164722,0.115169021627548,0.130051651198743,3.02773404384159e-05,0.261390960280018,4033.09426229508,1,8588,31700.2295081967,31463,31888,32873.3217213115,32699,33053,442,488
40000,0.475,1825,0.181205485198149,0.174564564961255,0.188499890940423,2.28086581666401e-05,0.269144169755964,7941.71515151515,1,11834,42261.8525252525,42029,42497,43830.2282828283,43615,44036,331,495
50000,0.475,1825,0.197679243295965,0.192368047555137,0.203146472077502,0.00012777453271028,0.260603178667447,10830.7771084337,7,14252,52827.6465863454,52579,53083,54790.6064257028,54555,55025,218,498
60000,0.475,1825,0.225320552689914,0.220661925589513,0.229335251505096,0.00247912515779708,0.266291022614787,14814.4558232932,163,17486,63389.9196787149,63128,63700,65748.5180722892,65516,66012,111,498
70000,0.475,1825,0.23206568592439,0.229442790398228,0.234180117285602,0.00374146112530636,0.256697648988518,17801.164,287,19719,73953.042,73660,74243,76706.658,76431,76962,52,500
80000,0.475,1825,0.237146402240868,0.234486452498498,0.23952217763531,0.00172329182977072,0.262079831932773,20789.344,151,22954,84516.758,84210,84843,87664.854,87394,87954,36,500
90000,0.475,1825,0.239160474753723,0.237788907622056,0.24027940296266,0.00552811222574984,0.256872373816635,23586.798,545,25370,95082.342,94728,95418,98623.252,98300,98941,13,500
1e+05,0.475,1825,0.241655271965163,0.240846731218377,0.242398675278961,0.133723740980945,0.260789413643623,26480.726,14660,28576,105646.06,105306,106009,109580.882,109260,109897,13,500
150000,0.475,1825,0.243638157940508,0.243207953871898,0.244054302533909,0.228188817397862,0.260656785464285,40047.324,37522,42822,158466.744,158045,158909,164372.29,163994,164795,0,500
2e+05,0.475,1825,0.245828696552014,0.24544827839491,0.246205672166913,0.232867215791442,0.258322528806998,53876.774,51058,56584,211285.07,210795,211808,219163.728,218717,219633,0,500
250000,0.475,1825,0.246275326602755,0.245941844083645,0.246621673857515,0.234314326589005,0.259692894068168,67468.278,64204,71133,264108.366,263558,264672,273954.72,273456,274467,0,500
3e+05,0.475,1825,0.247462032731053,0.247109239784216,0.247788436615909,0.236519063919306,0.257069924942421,81352.322,77713,84494,316927.858,316304,317551,328746.82,328198,329300,0,500
350000,0.475,1825,0.24797101310899,0.247693225899324,0.248268029084771,0.238267006776107,0.259416972036222,95106.29,91353,99606,369749.488,369081,370408,383538.218,382952,384170,0,500
4e+05,0.475,1825,0.248243363037788,0.247982144868182,0.248530725763479,0.238058312655087,0.261458706653914,108812.256,104380,114538,422569.482,421849,423292,438329.058,437678,438999,0,500
450000,0.475,1825,0.248489130215183,0.248218391661887,0.248779615835707,0.239576024755547,0.262817887253689,122535.194,118145,129616,475391.878,474669,476148,493120.854,492453,493819,0,500
5e+05,0.475,1825,0.248590992559069,0.248343414494924,0.248835007831797,0.240621583091012,0.257459581767089,136205.966,131819,141093,528211.4,527417,529048,547912.004,547211,548637,0,500
550000,0.475,1825,0.24878994435195,0.248538798267827,0.249037038155984,0.240535164111353,0.257899795646999,149946.654,144978,155356,581033.14,580215,581833,602703.898,601953,603490,0,500
6e+05,0.475,1825,0.24904782425773,0.248791148146411,0.249306493005862,0.24138293176664,0.25842050495646,163746.772,158591,169866,633847.602,633018,634724,657491.392,656741,658207,0,500
650000,0.475,1825,0.249074575006044,0.248821482304611,0.249318148229822,0.242365243385084,0.257614760325866,177411.068,172534,183440,686666.1,685664,687587,712281.044,711506,713093,0,500
7e+05,0.475,1825,0.248985935434365,0.248758062980019,0.249218666583772,0.241492376971597,0.259901170825836,190991.81,185229,199339,739492.344,738354,740525,767078.906,766026,767951,0,500
750000,0.475,1825,0.249185476872904,0.248978419655542,0.249402708262673,0.242052154070895,0.257628405869774,204796.774,199001,211676,792308.558,791407,793306,821864.78,820975,822666,0,500
8e+05,0.475,1825,0.249141516658987,0.248919581279332,0.24937618421863,0.24190710887497,0.257447905732879,218413.88,212034,225650,845139.488,843959,846011,876665.956,875828,877376,0,500
850000,0.475,1825,0.249488875439079,0.249250810763979,0.249718144702902,0.241906147690069,0.259082476617454,232387.78,225435,241326,897958.806,896959,899063,931455.472,930493,932320,0,500
9e+05,0.475,1825,0.249112701186459,0.248902845630515,0.249331562329997,0.242404660726803,0.256312449125852,245688.268,238955,252853,950785.056,949524,952164,986253.414,985303,987368,0,500
950000,0.475,1825,0.249256653788178,0.249041930902911,0.249489846385252,0.242705799624195,0.260079631806208,259483.28,252648,270623,1003591.348,1002687,1004857,1041028.776,1040073,1042129,0,500
1e+06,0.475,1825,0.24945717481967,0.249255780355509,0.249681777794898,0.243961786798363,0.256721777839415,273362.768,267358,281374,1056421.34,1055384,1057618,1095830.402,1094846,1096850,0,500
1100000,0.475,1825,0.249439308419123,0.249212195360726,0.249662090696479,0.243121898468806,0.257986409111451,300673.534,292904,311120,1162049.03,1160813,1163123,1205397.204,1204311,1206232,0,500
1200000,0.475,1825,0.249318086095871,0.249116548063002,0.249521168131224,0.243792235828905,0.256590833194507,327849.26,320680,337312,1267693.986,1266373,1268962,1314984.23,1313981,1315943,0,500
1300000,0.475,1825,0.249366906332674,0.249170192001438,0.24956378112003,0.242714329544202,0.25802878591659,355236.94,345707,367602,1373322.85,1371804,1374559,1424555.38,1423232,1425726,0,500
1400000,0.475,1825,0.249426962535388,0.249216521225353,0.249641850199542,0.242327863702634,0.259428882120393,382654.76,371816,397939,1478962.286,1477558,1480177,1534135.604,1533186,1535040,0,500
1500000,0.475,1825,0.249479715307372,0.249267879132583,0.249697653900232,0.243700868600256,0.258528592316038,410074.222,400513,424892,1584599.934,1583332,1586106,1643718,1642423,1644927,0,500
1600000,0.475,1825,0.249530929130696,0.249335201737418,0.249726890017844,0.244373404816563,0.257766382071837,437499.692,428466,451990,1690236.046,1688812,1691749,1753288.442,1752101,1754353,0,500
1700000,0.475,1825,0.249539380662544,0.249334646380197,0.249745460549537,0.243782958384881,0.256054583177881,464859.156,454203,476990,1795853.484,1794456,1797475,1862869.136,1861570,1864089,0,500
1800000,0.475,1825,0.249674449370484,0.249493561565239,0.249853481395437,0.244225243875981,0.255681040556775,492469.334,481789,504405,1901494.398,1899836,1902854,1972446.064,1971226,1973561,0,500
1900000,0.475,1825,0.249650779453057,0.249476492077031,0.249839732690105,0.243819765035346,0.256026119026598,519783.688,507761,533009,2007156.146,2005471,2009192,2082043.03,2080751,2083571,0,500
2e+06,0.475,1825,0.249569713422232,0.249383674540589,0.249758966900236,0.243430701233229,0.257003231172557,546965.104,533474,563293,2112805.218,2111200,2114356,2191632.836,2190332,2192876,0,500
2100000,0.475,1825,0.249671502195613,0.249484397122226,0.249856688892686,0.244167599891228,0.256811691934421,574547.664,562087,591048,2218437.164,2216713,2220270,2301214.27,2299677,2302567,0,500
2200000,0.475,1825,0.249628949843642,0.24945693931167,0.249801709104567,0.242713215592259,0.256707701791057,601803.872,585167,618845,2324074.806,2322359,2325584,2410793.67,2409493,2412039,0,500
2300000,0.475,1825,0.249744245034916,0.249583897919939,0.249908062624,0.244831197216269,0.256560371685299,629447.162,616992,646693,2429705.604,2427660,2431317,2520367.024,2518946,2521805,0,500
2400000,0.475,1825,0.249676684749737,0.249512736490554,0.249828734734282,0.244242393585118,0.256220437243713,656636.9,642177,674076,2535340.268,2533662,2537052,2629949.154,2628585,2631595,0,500
2500000,0.475,1825,0.249677515358962,0.249508475586626,0.249851543685444,0.244528570990624,0.255642453204003,684001.384,670021,700004,2640997.262,2638944,2643025,2739539.528,2738127,2741327,0,500
10000,0.325,365,0.00627315046313761,0.00539695297616114,0.00711855909784663,9.7904836498923e-05,0.0463725490196078,63.9150943396226,1,473,10110.9874213836,10068,10156,10187.8081761006,10147,10228,317,318
20000,0.325,365,0.00761608243906306,0.00669482623608042,0.00854083957653198,4.89931899465974e-05,0.0461190136339026,155.173120728929,1,937,20222.1503416857,20147,20291,20374.8291571754,20315,20436,423,439
30000,0.325,365,0.00884969425354348,0.00791075605512007,0.0097810925853519,3.26626600470342e-05,0.0474521875818706,270.487704918033,1,1449,30333.1229508197,30262,30412,30562.2213114754,30487,30639,443,488
40000,0.325,365,0.0115739900058216,0.0105276130650083,0.0127555478075609,2.45290423861852e-05,0.0428009828009828,471.632323232323,1,1742,40444.2565656566,40348,40551,40749.5515151515,40672,40843,396,495
50000,0.325,365,0.0133180189238938,0.0122073395984461,0.0144223742220108,1.96297823057142e-05,0.0384660651235779,678.383534136546,1,1961,50555.1526104418,50443,50665,50937.2550200803,50835,51032,360,498
60000,0.325,365,0.016903164583851,0.0156788642129151,0.0181167821438991,3.27171601504989e-05,0.0408206672011256,1033.18273092369,2,2495,60666.062248996,60548,60776,61124.8353413655,61017,61224,291,498
70000,0.325,365,0.0196032358089982,0.0183642022065695,0.0208559420096838,1.40032487537109e-05,0.0412576708654562,1397.95,1,2938,70776.342,70651,70899,71312.072,71196,71429,228,500
80000,0.325,365,0.0223662924833569,0.0210871719954193,0.0235792043732078,2.45474071801166e-05,0.0418424408908074,1822.838,2,3412,80886.634,80763,81003,81499.504,81381,81622,194,500
90000,0.325,365,0.0233384843780817,0.0221895409019416,0.0244037898757051,0.000228955201098985,0.0386637291684844,2139.83,21,3545,90998.342,90848,91134,91687.542,91566,91805,155,500
1e+05,0.325,365,0.0256529238076039,0.0245581686957755,0.0267764345245149,0.000157192541213919,0.0389021409429573,2613.344,16,3963,101107.918,100944,101263,101874.11,101746,102000,129,500
150000,0.325,365,0.0298416547368026,0.0290554271658387,0.0305528730353505,0.00141386239715133,0.0396006568488266,4560.192,216,6053,151661.818,151472,151840,152811.816,152655,152968,49,500
2e+05,0.325,365,0.033028572933527,0.0325699742062338,0.0334133230245828,0.00176110748642377,0.0392839090556649,6729.55,359,8005,202214.562,201982,202421,203749.198,203571,203931,12,500
250000,0.325,365,0.0334226828544837,0.0330218336278789,0.033720320609592,0.00191239127446938,0.0401629756400091,8512.308,487,10232,252767.386,252533,252976,254686.47,254490,254888,6,500
3e+05,0.325,365,0.0342079688365214,0.0340210917577276,0.0343998773746377,0.00290330394024496,0.040013744804791,10454.788,887,12227,303320.342,303057,303580,305624.046,305397,305848,1,500
350000,0.325,365,0.0340801328464053,0.0338379630618003,0.0342971976748203,0.00260570056601763,0.0387485632586695,12151.682,929,13822,353874.578,353576,354143,356561.542,356311,356792,2,500
4e+05,0.325,365,0.0343638889037128,0.0342218723546142,0.0344971879057257,0.0295315882217237,0.0403625069307125,14003.266,12033,16452,404428.312,404126,404718,407499.102,407243,407760,0,500
450000,0.325,365,0.0346300796089894,0.0344920806196283,0.0347639271658351,0.0299643603400817,0.0387292985223437,15875.678,13738,17752,454981.418,454661,455287,458436.142,458157,458703,0,500
5e+05,0.325,365,0.034725316063417,0.0345938506283355,0.0348628527522429,0.0287181198829835,0.0389485157653898,17688.164,14627,19832,505534.598,505190,505878,509373.75,509091,509650,0,500
550000,0.325,365,0.0347858073543589,0.0346678266787393,0.0349076586904837,0.0305459751647708,0.0401921542944736,19490.874,17111,22523,556088.036,555724,556427,560310.888,560005,560596,0,500
6e+05,0.325,365,0.0348447900179872,0.0347131085261022,0.0349797036644287,0.0304025259093846,0.0398952055388553,21298.564,18584,24380,606634.368,606296,607038,611241.354,610909,611563,0,500
650000,0.325,365,0.0350224082335561,0.0349013637712693,0.0351433576102834,0.0313606314095451,0.0387592801783244,23191.03,20773,25665,657186.596,656728,657632,662177.106,661803,662478,0,500
7e+05,0.325,365,0.0349837481292421,0.0348611408540381,0.035103856564236,0.0317215248095671,0.0392341665719964,24947.35,22621,27974,707737.774,707334,708160,713112.71,712739,713439,0,500
750000,0.325,365,0.0351110734488245,0.0350060591065022,0.035227179490733,0.0318562222068043,0.0388401995738376,26826.532,24335,29675,758288.16,757730,758760,764047.596,763585,764426,0,500
8e+05,0.325,365,0.0352957511775966,0.0351790762925956,0.03541312050736,0.0317755403805211,0.0404647898039774,28765.636,25895,32975,808845.37,808409,809279,814988.946,814591,815362,0,500
850000,0.325,365,0.035305853976028,0.0351959802173796,0.0354118887619177,0.0316371418243384,0.0391603029634668,30572.406,27394,33912,859401.984,858960,859842,865930.162,865594,866268,0,500
9e+05,0.325,365,0.0353376088778925,0.0352258593863135,0.0354527828851776,0.0318962912380103,0.0393988737881443,32399.976,29240,36124,909958.004,909538,910459,916869.748,916484,917248,0,500
950000,0.325,365,0.035238579797656,0.0351285197546368,0.0353455597437275,0.0306464864641412,0.0391780595426316,34103.908,29654,37913,960504.064,960040,961042,967800.258,967374,968224,0,500
1e+06,0.325,365,0.0355902431326575,0.035475139296752,0.035690122918474,0.0318685093935884,0.0395387715955397,36257.376,32467,40277,1011064.472,1010529,1011508,1018744.678,1018223,1019102,0,500
1100000,0.325,365,0.0356155363297211,0.0355192880926058,0.0357037088238709,0.0328745488371263,0.0392743584527926,39911.384,36843,44022,1112168.944,1111673,1112691,1120617.12,1120239,1121122,0,500
1200000,0.325,365,0.0356343412458506,0.0355323563274825,0.0357312027559685,0.0327315560863484,0.0394415366331062,43562.826,40014,48220,1213278.538,1212807,1213877,1222495.644,1222091,1222988,0,500
1300000,0.325,365,0.0355725525096458,0.0354820833240568,0.0356740969747992,0.0324251796323087,0.0391230977737677,47111.042,42943,51816,1314379.768,1313796,1314924,1324365.002,1323843,1324804,0,500
1400000,0.325,365,0.0357290210112921,0.0356338752986072,0.0358238305963288,0.0330484889695831,0.0388563240027398,50958.292,47144,55424,1415490.082,1415005,1416070,1426243.728,1425760,1426655,0,500
1500000,0.325,365,0.0357518937295733,0.0356665446967548,0.0358448319718632,0.0328324330480303,0.0395813575706644,54633.056,50163,60476,1516593.29,1516090,1517246,1528116.58,1527624,1528612,0,500
1600000,0.325,365,0.0357497643737857,0.0356589952091498,0.0358492510821061,0.0327650909786951,0.0388622859193772,58272.046,53407,63343,1617709.202,1617010,1618234,1629997.646,1629467,1630624,0,500
1700000,0.325,365,0.0357841224450975,0.0357001567632014,0.0358694126003028,0.0331577491738999,0.0383753187597014,61973.332,57427,66455,1718805.26,1718123,1719405,1731866.634,1731364,1732394,0,500
1800000,0.325,365,0.035822043174912,0.0357429800769048,0.0359008563504507,0.0333902414952651,0.0387260879713961,65688.432,61236,71008,1819912.59,1819280,1820604,1833743.266,1833250,1834209,0,500
1900000,0.325,365,0.0358294310453127,0.0357355537938331,0.0359151886516914,0.0330212367580258,0.0391664225513947,69351.83,63913,75809,1921014.14,1920183,1921673,1935610.824,1935058,1936160,0,500
2e+06,0.325,365,0.0358721908190741,0.0357870947536919,0.0359634664814025,0.0330879032416407,0.0392119045656023,73089.148,67408,79901,2022123.72,2021475,2022960,2037487.892,2036956,2038308,0,500
2100000,0.325,365,0.0359054342394158,0.0358230209788852,0.0359871677517542,0.0332307091075339,0.0386931932121437,76814.846,71087,82776,2123228.994,2122517,2123994,2139365.192,2138784,2139968,0,500
2200000,0.325,365,0.0360050719810472,0.0359279605130148,0.0360860696592421,0.0328877974081696,0.0392174182654452,80695.836,73708,87908,2224332.406,2223697,2225081,2241234.548,2240577,2241782,0,500
2300000,0.325,365,0.0359627586231557,0.0358840317241557,0.0360441670082345,0.033444397829697,0.039162556425569,84264.802,78363,91763,2325440.64,2324439,2326307,2343112.56,2342390,2343751,0,500
2400000,0.325,365,0.0359948254807615,0.0359098799929246,0.0360812349732731,0.033738677904849,0.0396354307693944,88006.594,82491,96903,2426539.628,2425875,2427202,2444978.828,2444353,2445456,0,500
2500000,0.325,365,0.036035517418988,0.0359534412606885,0.036114991843762,0.0334852026558218,0.0389219158610616,91777.236,85277,99124,2527648.146,2526786,2528407,2546855.098,2546181,2547473,0,500
10000,0.375,365,0.0123108430464787,0.0107383934780392,0.0139963296301367,9.79719800137161e-05,0.0735250809855698,125.40251572327,1,749,10110.8679245283,10067,10157,10187.8144654088,10147,10228,311,318
20000,0.375,365,0.015935246268546,0.0142865897808853,0.0174504127063689,4.89931899465974e-05,0.0609552765790506,324.681093394077,1,1243,20221.7813211845,20151,20291,20374.8200455581,20315,20436,374,439
30000,0.375,365,0.0173939420768271,0.0160009027041242,0.0187812052267415,3.26957658983162e-05,0.0530325322870688,531.563524590164,1,1622,30332.6639344262,30262,30412,30562.2192622951,30487,30639,366,488
40000,0.375,365,0.0255367918380796,0.0239690369468985,0.0269799641654159,2.45332548269179e-05,0.0525475359897804,1040.60202020202,1,2139,40443.1333333333,40343,40547,40749.5454545455,40672,40843,241,495
50000,0.375,365,0.0263994618691986,0.0250443275773324,0.02791247542735,1.96297823057142e-05,0.0479294704392389,1344.65662650602,1,2441,50553.843373494,50443,50659,50937.2489959839,50835,51032,200,498
60000,0.375,365,0.0325673127306781,0.0313506154218706,0.0337346010427518,3.27171601504989e-05,0.0487752998347432,1990.6546184739,2,2982,60664.0441767068,60548,60779,61124.8092369478,61017,61224,109,498
70000,0.375,365,0.0322777248774272,0.0311463415555281,0.0333652015504222,1.4024065296048e-05,0.0474134910512817,2301.812,1,3383,70774.684,70649,70897,71312.062,71196,71429,88,500
80000,0.375,365,0.0359463177644223,0.0350756669683554,0.0366994509141075,0.000809508039886669,0.0466211327880713,2929.616,66,3802,80884.622,80755,81002,81499.492,81381,81622,43,500
90000,0.375,365,0.0347948028377476,0.0339187067838298,0.0356030595738442,0.00147260946397016,0.0450908139458823,3190.248,135,4136,90996.026,90845,91124,91687.524,91566,91805,44,500
1e+05,0.375,365,0.0370097668163324,0.036280222991665,0.0376505328675853,0.000166899016277563,0.0456593217843647,3770.348,17,4652,101105.354,100924,101251,101874.092,101746,102000,23,500
150000,0.375,365,0.0376593807540081,0.0373059216429269,0.0379741953448685,0.00157635854634887,0.0440692385720363,5754.784,241,6734,151659.75,151473,151818,152811.802,152655,152968,4,500
2e+05,0.375,365,0.03861727577073,0.0384478040852076,0.0387911613690837,0.0313677394034537,0.0439007631714559,7868.224,6394,8945,202212.044,201988,202416,203749.18,203571,203931,0,500
250000,0.375,365,0.0384192213048064,0.0382718904561316,0.0385737933361793,0.033289491764983,0.0444948957347275,9784.85,8479,11328,252764.396,252521,252997,254686.438,254490,254888,0,500
3e+05,0.375,365,0.0389658849839522,0.0388238252746442,0.0391130324384486,0.0342666287198511,0.0451821915342703,11908.91,10475,13807,303317.692,303043,303571,305624.03,305397,305848,0,500
350000,0.375,365,0.0388256497053597,0.038682908629711,0.0389688910162996,0.0341119752300448,0.0436142226510133,13843.72,12163,15551,353871.08,353574,354152,356561.494,356311,356792,0,500
4e+05,0.375,365,0.038925732461044,0.038797143809082,0.039058045035442,0.0340465517960494,0.0447151678168592,15862.204,13877,18220,404424.744,404118,404719,407499.056,407243,407760,0,500
450000,0.375,365,0.0391850304986571,0.039053593429753,0.0393080158068499,0.0347670563601466,0.0446191363221931,17963.83,15940,20456,454976.936,454662,455286,458436.098,458157,458703,0,500
5e+05,0.375,365,0.0391617204256715,0.0390415941202437,0.0392871671622386,0.0353484481671939,0.043902592289309,19947.94,18003,22357,505529.876,505176,505854,509373.72,509091,509650,0,500
550000,0.375,365,0.0392443234043993,0.0391262856970109,0.0393595336100814,0.0353632053503398,0.0435943807005736,21989.002,19818,24419,556082.676,555719,556412,560310.83,560005,560595,0,500
6e+05,0.375,365,0.0392638353465033,0.03914206016853,0.0393833599025855,0.0353738046350302,0.0441137012120102,23999.674,21621,26963,606628.936,606259,607060,611241.478,610890,611534,0,500
650000,0.375,365,0.0394314501482635,0.0393166129263999,0.0395491085378382,0.0359891155312068,0.0436887850142542,26110.598,23833,28918,657180.072,656721,657614,662177.112,661800,662486,0,500
7e+05,0.375,365,0.0394059796551889,0.0393021994757693,0.0395172425094753,0.0361698458915872,0.0431105564280906,28100.898,25801,30743,707731.04,707319,708150,713112.71,712723,713427,0,500
750000,0.375,365,0.0393538168355798,0.039233405770278,0.0394576352029413,0.0339758424260194,0.043124920649256,30068.2,25957,32948,758280.942,757791,758751,764047.922,763632,764417,0,500
8e+05,0.375,365,0.0394936565204634,0.039387397325169,0.0396022095154028,0.0364762078878818,0.0443407191574441,32186.912,29728,36127,808837.962,808431,809269,814989.29,814635,815358,0,500
850000,0.375,365,0.0394616858891613,0.0393608314969617,0.0395768151822856,0.0355681373245415,0.0438379322130973,34171.064,30795,37964,859394.21,858900,859842,865930.096,865557,866310,0,500
9e+05,0.375,365,0.0394594024747246,0.0393661341818352,0.0395549435595311,0.0363241896567522,0.0428926086795276,36179.136,33301,39323,909949.122,909518,910422,916869.662,916476,917231,0,500
950000,0.375,365,0.0394657139193875,0.0393714916418157,0.0395610873642253,0.0365810559731491,0.0429205218007769,38194.894,35400,41532,960494.562,960005,961120,967799.564,967347,968241,0,500
1e+06,0.375,365,0.0395977850039692,0.0394914679738594,0.0397072548629772,0.0363268731504066,0.0428897738505287,40340.028,37010,43694,1011055.038,1010510,1011461,1018744.502,1018206,1019102,0,500
1100000,0.375,365,0.0395607273062175,0.0394524808633355,0.0396677255120657,0.0362822556034044,0.0426631591440241,44332.432,40660,47810,1112158.534,1111633,1112684,1120617.072,1120231,1121114,0,500
1200000,0.375,365,0.0395154720913053,0.0394199308432814,0.0396156468396632,0.0362054526540306,0.0426084580419466,48307.476,44270,52081,1213267.48,1212776,1213852,1222495.458,1222089,1222979,0,500
1300000,0.375,365,0.0396715934842855,0.0395760409763594,0.0397660413579846,0.0365477427304686,0.0431804674857068,52539.676,48405,57181,1314369.098,1313742,1314893,1324365.24,1323924,1324810,0,500
1400000,0.375,365,0.0396393472907866,0.0395504855141489,0.0397349115823683,0.0369992230471697,0.0427619908994664,56535.354,52764,60991,1415477.63,1414980,1416115,1426243.472,1425773,1426694,0,500
1500000,0.375,365,0.0396498413225777,0.0395673551383103,0.0397374197061038,0.037144760765331,0.0425023784005894,60589.572,56754,64958,1516581.44,1515982,1517158,1528116.422,1527627,1528586,0,500
1600000,0.375,365,0.0396251747136608,0.0395466819400261,0.0397042241898126,0.0369880907023301,0.0422040592955069,64588.93,60287,68790,1617696.314,1616919,1618439,1629997.392,1629420,1630608,0,500
1700000,0.375,365,0.0396330328402682,0.0395529986854065,0.0397219874487675,0.0368853026894956,0.0424247043342751,68639.124,63888,73477,1718790.434,1718107,1719507,1731866.862,1731377,1732384,0,500
1800000,0.375,365,0.0396479208547639,0.0395653746561783,0.0397329557181794,0.037244683148597,0.0424478808780575,72704.092,68292,77836,1819895.564,1819230,1820601,1833742.942,1833243,1834288,0,500
1900000,0.375,365,0.0396701456492823,0.0396017333409335,0.0397495188440351,0.0370287898944758,0.0428343201409474,76785.974,71672,82929,1920997.406,1920316,1921722,1935611.036,1935111,1936253,0,500
2e+06,0.375,365,0.0397652902522391,0.0396888860774773,0.0398457744372237,0.0370236059347298,0.0420035346909648,81021.312,75448,85583,2022111.25,2021418,2022971,2037487.984,2036885,2038260,0,500
2100000,0.375,365,0.0397441310516629,0.0396667410659575,0.0398213238076599,0.0368441645681398,0.0423916387462608,85027.172,78817,90668,2123213.96,2122538,2123999,2139364.322,2138818,2139887,0,500
2200000,0.375,365,0.0397775246211852,0.039694084959896,0.0398596539315264,0.0375388696301004,0.0426345709566907,89150.744,84118,95539,2224314.704,2223690,2225128,2241234.15,2240666,2241792,0,500
2300000,0.375,365,0.0397279841113174,0.0396494968650051,0.0398158782756148,0.0373879987864891,0.0424547088727878,93087.146,87623,99453,2325424.442,2324669,2326114,2343112.694,2342533,2343638,0,500
2400000,0.375,365,0.0397929038948639,0.0397221686642135,0.0398640342525849,0.0374211513558572,0.0426457422761491,97292.788,91490,104274,2426523.396,2425733,2427329,2444978.14,2444309,2445591,0,500
2500000,0.375,365,0.0398499237823245,0.0397726303001407,0.0399249582910738,0.0375032834072206,0.0430247605765637,101491.954,95517,109582,2527629.426,2526718,2528446,2546854.716,2546193,2547409,0,500
10000,0.425,365,0.0275280125851732,0.0246177750145094,0.0305425672252613,9.7904836498923e-05,0.102879040974747,280.424528301887,1,1047,10110.6100628931,10065,10154,10187.8081761006,10147,10228,274,318
20000,0.425,365,0.0283414070676939,0.0262093288034661,0.0304615805969526,4.89931899465974e-05,0.0739594083247334,577.446469248292,1,1505,20221.2551252847,20154,20290,20374.8154897494,20315,20436,298,439
30000,0.425,365,0.0329360521024029,0.0310542443650846,0.0346568412259671,3.26914904050476e-05,0.0643421998562185,1006.60655737705,1,1969,30331.7172131148,30262,30409,30562.2028688525,30487,30639,220,488
40000,0.425,365,0.0389834258797479,0.0372808065250483,0.0404872394569626,2.45314493180257e-05,0.0612950699043414,1588.55757575758,1,2499,40442.1636363636,40350,40545,40749.5333333333,40672,40843,128,495
50000,0.425,365,0.041371795518745,0.0403071868822832,0.0424809342657969,1.96278558530266e-05,0.0559789440603394,2107.36746987952,1,2850,50552.3835341365,50448,50663,50937.2248995984,50835,51032,61,498
60000,0.425,365,0.0434829601876795,0.0424813226560692,0.0444278097402151,3.27171601504989e-05,0.0561031827767152,2657.9156626506,2,3432,60662.656626506,60550,60769,61124.8152610442,61017,61224,42,498
70000,0.425,365,0.0430068877107484,0.0422252624442279,0.0436613149079441,5.60129950148434e-05,0.0548832643903807,3066.902,4,3914,70773.042,70649,70903,71312.048,71196,71429,23,500
80000,0.425,365,0.0448759353185937,0.0442461502966819,0.0454829224313501,4.91207387759112e-05,0.0589310467498375,3657.384,4,4804,80882.948,80758,81001,81499.468,81381,81622,15,500
90000,0.425,365,0.044274987164555,0.0438229643614936,0.0446631750390059,0.00239740208791927,0.0540219358496326,4059.464,220,4955,90994.456,90845,91121,91687.522,91566,91805,6,500
1e+05,0.425,365,0.0453009953943885,0.0448377649232905,0.0457295122197078,0.00242511119183906,0.0537348570307519,4615.004,247,5478,101103.966,100929,101244,101874.07,101746,102000,6,500
150000,0.425,365,0.0450085269354835,0.0448019928774627,0.0452157132668634,0.0384580160661486,0.0516534608080676,6877.832,5879,7888,151656.936,151465,151821,152811.784,152655,152968,0,500
2e+05,0.425,365,0.0460639742367108,0.0458478670064054,0.0462696781923748,0.0382818557449774,0.0525478879253228,9385.5,7801,10707,202208.286,201979,202409,203749.134,203571,203931,0,500
250000,0.425,365,0.0456808062973066,0.0454979559917301,0.0458677417165005,0.0399685935813132,0.0524900167663354,11634.282,10181,13368,252760.928,252511,252989,254686.422,254490,254888,0,500
3e+05,0.425,365,0.0462420087800928,0.0460828773449796,0.0464064440958117,0.0395387743209133,0.052575781372703,14132.66,12077,16068,303313.552,303034,303577,305623.998,305397,305848,0,500
350000,0.425,365,0.0462186441248767,0.0460638425022209,0.0463902294895934,0.0410302586586553,0.0514551484585042,16479.788,14627,18354,353865.85,353570,354132,356561.444,356311,356792,0,500
4e+05,0.425,365,0.0463582050083388,0.0461999146202904,0.0465241429494229,0.0405582431384863,0.0517709232943393,18890.912,16533,21101,404418.196,404104,404710,407499.026,407243,407760,0,500
450000,0.425,365,0.0464052159519398,0.0462683965523332,0.0465636540645377,0.040789301452943,0.0519398648442306,21273.814,18697,23811,454970.61,454640,455282,458436.062,458157,458703,0,500
5e+05,0.425,365,0.0465011388571564,0.0463512311402334,0.0466700016695292,0.0411228896741264,0.0514066586555453,23686.458,20948,26181,505522.54,505174,505864,509373.65,509091,509650,0,500
550000,0.425,365,0.0465060407822939,0.0463661203305207,0.0466460486463086,0.0424977868524759,0.0514317233697311,26057.838,23811,28812,556074.036,555716,556406,560310.74,560005,560595,0,500
6e+05,0.425,365,0.0466117045463234,0.0464536571765548,0.0467508504112755,0.0409041452260772,0.0509103941713826,28491.002,25000,31109,606619.512,606251,607052,611241.398,610890,611530,0,500
650000,0.425,365,0.046667861478737,0.0465313249732547,0.0468000860575543,0.0419428982189294,0.0506166014114462,30902.38,27774,33509,657169.634,656745,657604,662176.844,661836,662533,0,500
7e+05,0.425,365,0.0466738189379239,0.0465408558874981,0.0467959600292962,0.0421283481548165,0.0507418193749395,33283.694,30044,36188,707719.984,707330,708154,713112.474,712740,713456,0,500
750000,0.425,365,0.0468487442228931,0.0467266587788351,0.0469787356522019,0.0420275532576328,0.052565042139978,35794.676,32108,40166,758269.382,757778,758699,764047.784,763634,764414,0,500
8e+05,0.425,365,0.0466432892287222,0.0465220820504531,0.0467790299994412,0.0423603185706046,0.0505420345159727,38013.758,34519,41191,808825.69,808422,809257,814989.07,814636,815349,0,500
850000,0.425,365,0.046776706047122,0.046649018510706,0.0469033304343412,0.0425291630196052,0.0500205030465795,40505.348,36830,43304,859381.434,858894,859832,865930.024,865565,866317,0,500
9e+05,0.425,365,0.0467657832461615,0.0466458445025015,0.0468894606502915,0.0423711807918477,0.0507085209033028,42878.108,38852,46488,909936.058,909513,910417,916869.624,916476,917240,0,500
950000,0.425,365,0.0468034428112657,0.0466898306099818,0.0469226455047995,0.0432938760245711,0.0508947575062509,45296.346,41907,49259,960480.664,960013,961028,967799.294,967361,968194,0,500
1e+06,0.425,365,0.0469049645208936,0.0467920118063593,0.0470107073157444,0.0423464569093654,0.0507102078951682,47784.152,43133,51670,1011040.188,1010507,1011456,1018744.442,1018176,1019102,0,500
1100000,0.425,365,0.0468162697848008,0.0467105362841491,0.0469243970512444,0.0425396706393089,0.0512027926849074,52463.102,47662,57380,1112142.524,1111638,1112667,1120617.002,1120230,1121096,0,500
1200000,0.425,365,0.0468231033688902,0.0467138863976644,0.0469280898994614,0.0436062446105791,0.0508545697704379,57241.028,53300,62172,1213250.792,1212780,1213809,1222495.502,1222089,1222951,0,500
1300000,0.425,365,0.0467204883199654,0.0466266528700896,0.0468215495428461,0.0433204464110425,0.0503697963986294,61874.976,57371,66695,1314350.262,1313726,1314935,1324364.902,1323912,1324800,0,500
1400000,0.425,365,0.0468061584702207,0.0466964526039923,0.0469150067070111,0.0430411642918891,0.04992688121387,66756.988,61390,71218,1415458.858,1414978,1416017,1426243.716,1425734,1426676,0,500
1500000,0.425,365,0.046872141441054,0.0467677864420919,0.0469679857458038,0.0431752404895314,0.0505091820300398,71626.086,65982,77180,1516558.224,1515881,1517095,1528116.254,1527519,1528571,0,500
1600000,0.425,365,0.0468719076443359,0.046777579472907,0.0469710866386719,0.0435116335146829,0.050223138964591,76401.046,70916,81860,1617673.836,1617054,1618381,1629996.606,1629442,1630584,0,500
1700000,0.425,365,0.0468395626374299,0.0467464548399074,0.0469403881790972,0.0437003880334883,0.0500580357916255,81119.856,75692,86685,1718767.226,1718213,1719471,1731866.348,1731385,1732443,0,500
1800000,0.425,365,0.0468708682122034,0.046770669546071,0.0469688064049617,0.0440494202631369,0.0501497577480274,85949.112,80761,91956,1819870.362,1819200,1820578,1833742.514,1833243,1834243,0,500
1900000,0.425,365,0.0468832337198634,0.0467916771050982,0.0469807400186592,0.04381895541346,0.0499042310400969,90747.662,84831,96584,1920975.584,1920092,1921900,1935610.56,1935020,1936352,0,500
2e+06,0.425,365,0.0468653637253655,0.0467756027167922,0.0469429312760744,0.0443228932244412,0.0493994879046052,95487.6,90302,100652,2022083.086,2021398,2022813,2037487.664,2036787,2038208,0,500
2100000,0.425,365,0.0469514927590915,0.0468566863531764,0.047040133964918,0.0437402227861023,0.0499653875079987,100446.37,93584,106896,2123189.77,2122556,2123881,2139364.73,2138786,2139912,0,500
2200000,0.425,365,0.0470295406050687,0.0469450556159696,0.0471158002543983,0.0444805412135357,0.0500224908430139,105404.248,99676,112096,2224288.754,2223477,2225008,2241234.752,2240668,2241885,0,500
2300000,0.425,365,0.0468991693402356,0.0468116264073688,0.0469857838240419,0.0440530345388629,0.0499924461435642,109890.044,103213,117141,2325397.898,2324652,2326068,2343112.874,2342494,2343657,0,500
2400000,0.425,365,0.0468994868914509,0.0468202857802431,0.0469853421472426,0.0441545111413721,0.0503851361578015,114668.21,107975,123171,2426495.284,2425630,2427279,2444978.052,2444200,2445463,0,500
2500000,0.425,365,0.0468330279066743,0.0467572919210767,0.0469171684065048,0.0437912898026335,0.0495646325965517,119276.91,111527,126249,2527599.806,2526823,2528345,2546854.51,2546207,2547541,0,500
10000,0.475,365,0.045364486838812,0.0415783749210986,0.0491061124544019,9.78760888714887e-05,0.117531639360345,462.157232704403,1,1198,10110.4182389937,10061,10154,10187.8113207547,10147,10228,236,318
20000,0.475,365,0.0462512797950227,0.0437191690558698,0.0491023637872648,4.90027931592101e-05,0.0977056574173939,942.325740318907,1,1993,20220.6446469248,20152,20291,20374.8132118451,20315,20436,194,439
30000,0.475,365,0.0465386375586686,0.0447607057957615,0.0484279976963157,3.26626600470342e-05,0.0744450991946572,1422.30327868852,1,2274,30330.8852459016,30256,30410,30562.1967213115,30487,30639,127,488
40000,0.475,365,0.052616655990354,0.0510044738307735,0.0540198218483715,2.45338567222767e-05,0.0742820707751919,2144.08686868687,1,3029,40441.0646464646,40344,40540,40749.5414141414,40672,40843,56,495
50000,0.475,365,0.0519837966916452,0.0510565609595663,0.0529331794100549,0.000137443549970548,0.0682451800369105,2647.91164658635,7,3476,50551.265060241,50444,50657,50937.2208835341,50835,51032,26,498
60000,0.475,365,0.0541544070149385,0.0533888860909122,0.0548666639231682,0.00266640493366704,0.0661474779535675,3310.18273092369,163,4043,60661.7369477912,60545,60768,61124.8212851406,61017,61224,13,498
70000,0.475,365,0.0529026652082218,0.0524582444869155,0.0533021571895111,0.00402530189764232,0.0652106871513079,3772.61,287,4652,70771.64,70640,70901,71312.032,71196,71429,2,500
80000,0.475,365,0.0539727478347555,0.0534613608102969,0.054385169057859,0.00185403467413192,0.0661490530860563,4398.756,151,5393,80881.862,80752,81004,81499.464,81381,81622,5,500
90000,0.475,365,0.0523318067336274,0.0519850791012308,0.0526744660104014,0.00594588697359808,0.0646205843872656,4798.174,545,5927,90993.162,90843,91118,91687.498,91566,91805,1,500
1e+05,0.475,365,0.0535470578584751,0.0532674756454867,0.0538117970945602,0.0442543003208682,0.0624374644405642,5455.048,4510,6365,101102.262,100920,101247,101874.064,101746,102000,0,500
150000,0.475,365,0.0521262305215879,0.0519071786007724,0.0523441945937775,0.0454426504069296,0.059449483645502,7965.494,6946,9084,151654.728,151463,151824,152811.762,152655,152968,0,500
2e+05,0.475,365,0.0523248135133305,0.0521305138589189,0.0525281267552269,0.0461795161211169,0.0584803642572567,10661.134,9410,11919,202205.684,201974,202408,203749.114,203571,203931,0,500
250000,0.475,365,0.0515575290400847,0.0513860180453348,0.0517277569198007,0.0455573175901647,0.0571797599745606,13130.994,11606,14565,252758.344,252505,252983,254686.388,254490,254888,0,500
3e+05,0.475,365,0.0519794522249165,0.0518155567813504,0.0521408249325308,0.0468664618324482,0.0581521294523798,15886.162,14323,17771,303309.75,303039,303568,305623.962,305397,305848,0,500
350000,0.475,365,0.0517193003487875,0.0515604592489583,0.0518815434110452,0.0468312140771348,0.0575958505642392,18441.102,16695,20543,353862.008,353561,354131,356561.4,356311,356792,0,500
4e+05,0.475,365,0.0518383913252272,0.0516882865079099,0.0519923672988945,0.0466209963845042,0.0569083742778468,21124.086,18994,23188,404412.99,404111,404712,407498.964,407243,407760,0,500
450000,0.475,365,0.0516364218599996,0.0514942687081273,0.0517806737134363,0.0474421425314838,0.0572655519036538,23672,21748,26257,454964.674,454655,455284,458435.99,458157,458703,0,500
5e+05,0.475,365,0.0517090913391393,0.0515687828904056,0.0518590251176369,0.0472077143356238,0.0580545513779149,26339.244,24052,29581,505516.108,505180,505857,509373.586,509091,509650,0,500
550000,0.475,365,0.0516046034596536,0.0514487469637872,0.0517437069049337,0.0475712042258548,0.0570571106703349,28914.596,26657,31959,556067.446,555729,556421,560310.656,560005,560595,0,500
6e+05,0.475,365,0.0515974408700435,0.0514660086354675,0.0517290940649645,0.0467221523243277,0.0561050382638455,31538.486,28557,34296,606612.316,606245,607013,611241.222,610902,611528,0,500
650000,0.475,365,0.0516241106352576,0.051484044025024,0.0517611821026449,0.0470671576638764,0.0571687867695913,34184.288,31161,37859,657161.692,656706,657573,662176.726,661794,662510,0,500
7e+05,0.475,365,0.0515422181940573,0.0513946968954475,0.0516754016089525,0.0473828119522694,0.0577946394760095,36755.396,33792,41207,707711.528,707310,708117,713112.26,712785,713426,0,500
750000,0.475,365,0.0516927238690017,0.0515580922707691,0.0518252310188369,0.047632384158136,0.0557854592664719,39495.702,36396,42625,758260.984,757752,758737,764047.594,763627,764445,0,500
8e+05,0.475,365,0.0516426434192232,0.0515202940898519,0.0517663395097468,0.0480915993070177,0.0565151351563574,42088.144,39196,46063,808816.312,808440,809263,814988.428,814604,815376,0,500
850000,0.475,365,0.0515580612734559,0.0514410774150566,0.0516798095608462,0.0470376294106439,0.0559995103666015,44645.684,40732,48493,859372.942,858901,859767,865930.058,865572,866272,0,500
9e+05,0.475,365,0.0516013906517678,0.0514837099482214,0.0517266147471954,0.0472695387776424,0.0565163772207302,47311.746,43343,51831,909926.458,909463,910412,916869.406,916512,917218,0,500
950000,0.475,365,0.0516490809484114,0.0515339796728201,0.0517614848847934,0.0478505928241159,0.0555088935103254,49985.96,46311,53730,960471.228,960024,960948,967799.612,967388,968172,0,500
1e+06,0.475,365,0.0515366467504731,0.0514231588471167,0.0516497273097486,0.0482962884426028,0.0552524744894954,52502.666,49196,56291,1011030.178,1010476,1011489,1018744.4,1018184,1019102,0,500
1100000,0.475,365,0.0515844268072782,0.0514743331033479,0.0516923409743299,0.0481114987552756,0.0555455426339298,57806.378,53920,62254,1112132.252,1111641,1112715,1120616.754,1120244,1121155,0,500
1200000,0.475,365,0.0515022771337776,0.0514028117653435,0.0516171231890831,0.047823907128071,0.0553602811950791,62961.296,58473,67662,1213239.616,1212763,1213834,1222495.334,1222074,1222992,0,500
1300000,0.475,365,0.0514849883854559,0.0513803750666972,0.0515946610212124,0.0470570287991131,0.0551311964359875,68184.942,62310,73013,1314338.504,1313683,1314900,1324365.586,1323875,1324842,0,500
1400000,0.475,365,0.0514914498044697,0.0513970792739344,0.0515911746491546,0.0483836596670583,0.0550215394670498,73439.364,69022,78460,1415446.218,1414931,1416021,1426243.878,1425745,1426701,0,500
1500000,0.475,365,0.0514676958968948,0.0513721149816257,0.051563635173172,0.0483710216248229,0.0562917872663725,78648.624,73916,86021,1516542.622,1515981,1517216,1528116.462,1527612,1528630,0,500
1600000,0.475,365,0.0515041693770628,0.0514049855227979,0.0515892074288245,0.0486868339846506,0.0544697536849081,83951.624,79361,88765,1617662.032,1617030,1618206,1629996.92,1629524,1630551,0,500
1700000,0.475,365,0.0514575222354278,0.0513597490264634,0.0515480851417341,0.0487245556310596,0.0545982437510069,89117.548,84394,94551,1718753.76,1718136,1719287,1731866.41,1731413,1732361,0,500
1800000,0.475,365,0.0514782564201171,0.051381919966441,0.0515803032601214,0.0484038361379025,0.0555657055223758,94397.872,88754,101886,1819859.94,1819090,1820480,1833742.576,1833171,1834293,0,500
1900000,0.475,365,0.0515236223676799,0.0514301387889355,0.0516121408231743,0.0483159582999198,0.055348424162616,99729.68,93508,107138,1920964.122,1920137,1921594,1935610.678,1935011,1936156,0,500
2e+06,0.475,365,0.0515059349996264,0.0514120960694354,0.0515999852882443,0.0479340692453524,0.0548911581588677,104942.684,97673,111828,2022068.21,2021348,2023158,2037487.358,2036931,2038337,0,500
2100000,0.475,365,0.0514982404184312,0.0514042011810918,0.0515897365222657,0.0488604190359733,0.0549467293279646,110173.526,104529,117561,2123172.26,2122557,2123865,2139364.754,2138790,2139922,0,500
2200000,0.475,365,0.0514285480350271,0.0513455051141499,0.0515153456588456,0.0486765385651897,0.0547772223992175,115263.432,109096,122762,2224273.432,2223583,2224961,2241234.43,2240743,2241932,0,500
2300000,0.475,365,0.051483841446658,0.0513997469096826,0.0515683909351193,0.048639972961197,0.0549130617151094,120632.42,113978,128692,2325376.518,2324542,2326109,2343112.22,2342474,2343696,0,500
2400000,0.475,365,0.0515245492214064,0.0514390074137968,0.0516128327670614,0.048967775759395,0.0550055378957305,125976.342,119741,134487,2426470.804,2425661,2427221,2444977.542,2444315,2445611,0,500
2500000,0.475,365,0.0513984868830976,0.0513146935759473,0.0514817337856524,0.0487379305579113,0.0549111400154764,130904.446,124132,139864,2527578.414,2526681,2528362,2546854.054,2546219,2547474,0,500
