"initpop","gamma","ts","mean.propinf.boot","lowCI95.propinf.boot","highCI95.propinf.boot","min.propinf","max.propinf","mean.inf","min.inf","max.inf","mean.curpop","min.curpop","max.curpop","mean.alltimepop","min.alltimepop","max.alltimepop","zeroevent","N"
10000,1.5e-05,1825,0.0204886799686188,0.0180389948503133,0.0230292640514368,9.03342366757001e-05,0.113738429108239,224.449685534591,1,1241,10568.286163522,10441,10690,10957.5974842767,10873,11070,318,318
20000,1.5e-05,1825,0.0161457440654518,0.0145683234701525,0.0176009486875151,4.53802868034126e-05,0.102343857084114,353.854214123007,1,2240,21139.4214123007,20958,21315,21916.6605922551,21767,22074,439,439
30000,1.5e-05,1825,0.0194730224161289,0.017707276269924,0.0211824623936153,3.02773404384159e-05,0.088333535770679,640.165983606557,1,2909,31707.0758196721,31481,31890,32873.7581967213,32699,33054,488,488
40000,1.5e-05,1825,0.0260841909655549,0.0240953314861302,0.0281953966877855,2.28086581666401e-05,0.108154369308716,1143.21212121212,1,4739,42275.4,42031,42520,43830.9717171717,43617,44037,493,495
50000,1.5e-05,1825,0.0357687952583184,0.0332723070254542,0.0382911419672386,1.82238988209137e-05,0.107089347706925,1959.89959839357,1,5861,52844.8995983936,52572,53081,54791.4598393574,54557,55026,477,498
60000,1.5e-05,1825,0.0458122392252278,0.0430024160212423,0.0484857663963366,4.56475099283334e-05,0.10083829055668,3012.30722891566,3,6628,63412.546184739,63135,63725,65749.4558232932,65517,66012,436,498
70000,1.5e-05,1825,0.0697981721816346,0.067133533089434,0.0725645713532309,5.21226968283339e-05,0.106417557271758,5353.908,4,8185,73977.448,73669,74249,76707.824,76437,76963,277,500
80000,1.5e-05,1825,0.0747937500988032,0.072502928444052,0.0769768440186409,0.000707673693942541,0.0985390256381104,6556.888,62,8667,84545.438,84225,84889,87666.276,87398,87955,192,500
90000,1.5e-05,1825,0.076242901740393,0.0742248858234373,0.0781823442676702,0.000364365093824012,0.0959147424511545,7519.452,36,9450,95113.592,94752,95450,98624.77,98301,98941,156,500
1e+05,1.5e-05,1825,0.0782201346575433,0.0765856902007282,0.0797111121311133,7.29773861324722e-05,0.0968172184462472,8571.52,8,10598,105679.188,105316,106033,109582.37,109261,109901,96,500
150000,1.5e-05,1825,0.0818343212783994,0.0813904216831894,0.0822035379881885,0.00309767096526835,0.0888562746256295,13451.502,509,14591,158519.102,158083,158960,164374.776,163995,164798,3,500
2e+05,1.5e-05,1825,0.0805780761695552,0.080424244330096,0.0807299417244508,0.0755216294275194,0.0864431746147567,17660.06,16552,18955,211358.826,210831,211877,219167.108,218721,219633,0,500
250000,1.5e-05,1825,0.0780070290994866,0.0778757615281646,0.0781239616295118,0.0733282993539726,0.0824413323792696,21370.7,20102,22582,264197.76,263603,264804,273958.824,273460,274470,0,500
3e+05,1.5e-05,1825,0.0777372568038355,0.0776102359892453,0.077856020944859,0.0738638782946161,0.0814471519497383,25556.278,24286,26783,317039.11,316426,317712,328752.064,328201,329308,0,500
350000,1.5e-05,1825,0.0776161754996079,0.0775074486577571,0.0777237373970218,0.0738760011154635,0.0817884746681399,29769.222,28346,31386,369877.796,369233,370579,383544.29,382968,384175,0,500
4e+05,1.5e-05,1825,0.0774866110636448,0.0773820055383441,0.0775896394336041,0.0736631186898654,0.0808648288331066,33965.174,32278,35423,422717.572,422024,423432,438336.204,437688,439003,0,500
450000,1.5e-05,1825,0.0768247848522009,0.0767327289957077,0.0769212344367067,0.0738115764171324,0.0797863387390822,37884.494,36388,39344,475554.48,474830,476349,493128.578,492460,493822,0,500
5e+05,1.5e-05,1825,0.0763982644812523,0.076298702288185,0.0764997673951521,0.0723232367501749,0.0797843813276419,41860.21,39605,43737,528390.958,527627,529226,547920.852,547224,548649,0,500
550000,1.5e-05,1825,0.0763206364817389,0.0762231974099659,0.0764106860401343,0.0732900995240299,0.0801315813483605,45999.474,44177,48305,581227.534,580423,582105,602713.43,601967,603501,0,500
6e+05,1.5e-05,1825,0.0762781709508228,0.076192016195505,0.0763673916607886,0.0729739835717717,0.0801013868467748,50153.064,48009,52681,634057.478,633322,635164,657501.986,656826,658326,0,500
650000,1.5e-05,1825,0.0759969270208067,0.0759158011518403,0.0760860549566645,0.0722975770291416,0.0792438954904027,54131.964,51516,56465,686890.356,685999,687889,712291.69,711635,713272,0,500
7e+05,1.5e-05,1825,0.0756786314287519,0.0755912118374795,0.075761641816233,0.0721886083872314,0.0781380967216726,58052.274,55360,59942,739731.826,738615,740812,767089.424,766022,768067,0,500
750000,1.5e-05,1825,0.075562166687704,0.0754887304379027,0.0756434506361528,0.0731298871208203,0.0777644499810221,62102.764,60089,63923,792560.798,791464,793550,821876.568,820933,822826,0,500
8e+05,1.5e-05,1825,0.0755386238703614,0.0754641273390594,0.0756155405133993,0.0733813343741548,0.0780431083963124,66223.046,64299,68393,845403.1,844477,846305,876677.968,875882,877472,0,500
850000,1.5e-05,1825,0.0754240881866058,0.075350179557595,0.075498896811273,0.072942957289089,0.0779182287074732,70255.224,67946,72558,898237.536,897078,899426,931469.258,930578,932503,0,500
9e+05,1.5e-05,1825,0.0753129701341823,0.0752387381050662,0.0753858155561336,0.0725192696781832,0.0777877985215063,74278.756,71542,76678,951080.17,949805,952355,986267.9,985197,987328,0,500
950000,1.5e-05,1825,0.0751643183609025,0.0751034974192642,0.075233908395953,0.0728675990317747,0.0772082795177483,78249.396,75861,80402,1003898.932,1002944,1004880,1041044.24,1040266,1041992,0,500
1e+06,1.5e-05,1825,0.0751068728612086,0.0750375175127484,0.0751744807829166,0.0731412001722666,0.0776904788405501,82305.548,80161,85157,1056743.854,1055753,1058009,1095845.9,1094904,1096939,0,500
1100000,1.5e-05,1825,0.0749586251044839,0.0748907352768886,0.0750231932246393,0.0728170845124524,0.0773477132611847,90356.136,87770,93205,1162400.62,1161193,1163365,1205413.508,1204545,1206224,0,500
1200000,1.5e-05,1825,0.0747965865383795,0.0747381140970776,0.0748573069560292,0.0722137919919232,0.0766413260427735,98357.678,94988,100835,1268078.786,1266506,1269420,1315002.388,1313942,1316050,0,500
1300000,1.5e-05,1825,0.0746590597934417,0.0745998005445444,0.0747231350352297,0.0724489666993763,0.0769524563761028,106357.17,103215,109606,1373737.446,1372153,1374861,1424571.448,1423327,1425547,0,500
1400000,1.5e-05,1825,0.0745921771709053,0.0745383804485564,0.0746524438335275,0.0726233860365314,0.0765979719446036,114435.864,111418,117515,1479412.312,1478015,1481048,1534153.852,1533107,1535456,0,500
1500000,1.5e-05,1825,0.0745282261797149,0.0744722782919068,0.0745882367494535,0.0727793936784021,0.076832496399237,122504.972,119655,126320,1585077.854,1583648,1586596,1643739.04,1642321,1644818,0,500
1600000,1.5e-05,1825,0.0744672676464371,0.0744121919551238,0.0745253942647328,0.0727494766224703,0.0763438596851507,130564.462,127577,133843,1690746.616,1689601,1692201,1753313.474,1752087,1754449,0,500
1700000,1.5e-05,1825,0.0744152685664975,0.0743616676236801,0.0744722012480494,0.07258866334676,0.0761690558178358,138627.888,135284,141898,1796414.362,1794657,1798125,1862895.864,1861768,1864191,0,500
1800000,1.5e-05,1825,0.0743861697371785,0.0743345755264978,0.0744348642738486,0.0726189558578331,0.0762102195642784,146724.946,143204,150321,1902091.956,1900457,1903598,1972475.83,1971149,1973600,0,500
1900000,1.5e-05,1825,0.0743420354242468,0.0742952013790795,0.0743910452775976,0.0726878362797848,0.0758831330202676,154785.01,151307,157988,2007776.83,2006019,2009139,2082065.794,2080540,2083464,0,500
2e+06,1.5e-05,1825,0.0742771981397244,0.0742251450692461,0.0743262024307418,0.0725959437153319,0.075913333938641,162791.154,159120,166381,2113490.46,2111946,2115351,2191670.454,2190387,2192998,0,500
2100000,1.5e-05,1825,0.0742267386516062,0.0741822018005327,0.0742736665898898,0.0722960507964536,0.0754868888471779,170814.208,166395,173737,2219181.09,2217468,2220774,2301249.186,2299777,2302650,0,500
2200000,1.5e-05,1825,0.0741953631854617,0.0741511848021001,0.0742416540627572,0.0727425304101534,0.076014506126122,178872.528,175361,183301,2324884.17,2323122,2327139,2410831.584,2409562,2412464,0,500
2300000,1.5e-05,1825,0.0741445036747809,0.0741012676958487,0.0741932053486932,0.0722274615373023,0.0758534289294863,186874.558,182124,191207,2430557.79,2428761,2432573,2520410.438,2518892,2522116,0,500
2400000,1.5e-05,1825,0.0741066659718446,0.0740631340288636,0.0741544431141851,0.072508896797153,0.0759136536603745,194899.866,190710,199675,2536233.264,2534586,2538002,2629991.294,2628537,2631286,0,500
2500000,1.5e-05,1825,0.0740592118524226,0.0740131564322824,0.07410413419184,0.0725332067445066,0.0754726005939867,202890.744,198634,206703,2641924.246,2639767,2643648,2739574.542,2737922,2740962,0,500
10000,0.00015,1825,0.0304726410982963,0.0268144048498459,0.0339769154589374,9.03342366757001e-05,0.15407772304324,333.88679245283,1,1689,10567.8144654088,10435,10690,10957.5849056604,10873,11070,318,318
20000,0.00015,1825,0.0421921120494898,0.0376948178508747,0.0465834331362188,4.53206435531385e-05,0.244278629600983,924.70159453303,1,5369,21138.1047835991,20956,21315,21916.6309794989,21766,22074,439,439
30000,0.00015,1825,0.0726168695580423,0.067031325976951,0.0779657417963788,3.03573054855651e-05,0.228779378316907,2387.40983606557,1,7544,31703.2889344262,31478,31885,32873.4774590164,32699,33053,480,488
40000,0.00015,1825,0.114813175680457,0.107461807672601,0.121657925246923,2.2806577416927e-05,0.243170520363023,5032.17575757576,1,10664,42267.6282828283,42033,42497,43830.5050505051,43615,44036,435,495
50000,0.00015,1825,0.149503825240322,0.143406761479278,0.155389274125153,1.82238988209137e-05,0.230567015955311,8191.43574297189,1,12630,52832.7570281124,52574,53076,54790.8212851406,54556,55024,312,498
60000,0.00015,1825,0.175864620801285,0.170153951540733,0.18129654785191,3.04316732855556e-05,0.235214501878127,11562.6666666667,2,15467,63395.8835341365,63114,63699,65748.7228915663,65516,66011,234,498
70000,0.00015,1825,0.191532487299777,0.187032561146351,0.195822669654654,0.00181239731921663,0.230148503898065,14692.118,139,17683,73959.8,73668,74247,76706.98,76431,76962,127,500
80000,0.00015,1825,0.205238257399847,0.201761086854686,0.208215175337363,0.00167821629582273,0.232670104504176,17992.19,147,20456,84522.254,84216,84859,87665.166,87394,87954,79,500
90000,0.00015,1825,0.209007055672644,0.206222858050128,0.211423194247763,3.03637578186676e-05,0.230047806096038,20612.934,3,22665,95088.362,94722,95423,98623.556,98300,98941,47,500
1e+05,0.00015,1825,0.213035492898345,0.210955268754897,0.214833667630835,0.00328395241917828,0.23152516081938,23344.632,360,25374,105652.25,105299,106041,109581.156,109261,109901,30,500
150000,0.00015,1825,0.220033068225455,0.219642726824789,0.220414905385114,0.20728736556193,0.233116463808375,36167.398,34037,38267,158475.498,158048,158935,164372.67,163994,164796,0,500
2e+05,0.00015,1825,0.222675463672918,0.222299116518769,0.223035293323674,0.209183068261659,0.24080191261817,48802.486,45850,52778,211296.046,210808,211816,219164.276,218718,219633,0,500
250000,0.00015,1825,0.223955177355685,0.223596705748521,0.224320265651632,0.21125110408713,0.234835010317562,61353.738,57879,64299,264119.924,263585,264717,273955.402,273456,274467,0,500
3e+05,0.00015,1825,0.225309815680315,0.224997337365711,0.225623929684315,0.215491788573635,0.237220612582781,74070.078,70869,77945,316943.78,316316,317600,328747.68,328198,329299,0,500
350000,0.00015,1825,0.226684116275101,0.226354424736744,0.226988234537996,0.217128426714758,0.236234629505617,86942.232,83315,90660,369764.218,369082,370417,383539.09,382954,384170,0,500
4e+05,0.00015,1825,0.226872598272978,0.226596674698883,0.227158883012097,0.217187717389569,0.236922767929485,99445.07,95224,103807,422587.942,421890,423308,438330.108,437677,438998,0,500
450000,0.00015,1825,0.227515539969783,0.227203751833897,0.2277970518255,0.218457486419964,0.236281182814219,112192.918,107660,116605,475412.986,474680,476168,493122.126,492454,493820,0,500
5e+05,0.00015,1825,0.228029653233537,0.227746286371865,0.228312454156168,0.217835283207956,0.236897431498724,124940.548,119333,129807,528237.086,527449,529043,547913.532,547212,548643,0,500
550000,0.00015,1825,0.22816320855701,0.227907061222464,0.228401603052149,0.218851295839869,0.235984036730117,137515.14,131859,142271,581058.196,580233,581939,602705.376,601958,603494,0,500
6e+05,0.00015,1825,0.228677452917481,0.228449500612319,0.228915997398376,0.21966649684822,0.236049532083834,150353.434,144445,155301,633876.394,633069,634775,657491.49,656557,658236,0,500
650000,0.00015,1825,0.228831713670082,0.228601609992293,0.229063858986533,0.221397893093373,0.236266982518233,162992.598,157686,168357,686696.616,685600,687650,712281.642,711324,713163,0,500
7e+05,0.00015,1825,0.229046183232411,0.228799472588921,0.229271232938273,0.219992387130078,0.236389370833714,175696.714,168761,181209,739525.866,738346,740628,767080.214,766027,768016,0,500
750000,0.00015,1825,0.229277853664723,0.229076803264065,0.229477404071981,0.220838859618169,0.237676771855706,188435.726,181492,195328,792343.58,791425,793281,821866.318,820964,822735,0,500
8e+05,0.00015,1825,0.229528568413239,0.229330702181102,0.229739006633719,0.222073984371169,0.236698888285716,201220.222,194752,207548,845176.094,843978,846027,876667.48,875928,877365,0,500
850000,0.00015,1825,0.229727112228464,0.229536887930115,0.229904574687065,0.223390032019091,0.237418580070807,213980.87,208187,221031,897996.228,896666,899148,931456.992,930413,932267,0,500
9e+05,0.00015,1825,0.229636650741161,0.229450015190575,0.229822975166781,0.222917376007264,0.236910378793718,226480.596,219982,233587,950828.352,949541,952373,986256.154,985255,987538,0,500
950000,0.00015,1825,0.229801818414952,0.229585644674154,0.229992469049803,0.221213000357364,0.236714711357258,239230.822,230273,246447,1003633.382,1002803,1004686,1041031.246,1040121,1041953,0,500
1e+06,0.00015,1825,0.229687147117977,0.229512654361547,0.229865759916554,0.223910158467641,0.236243724955718,251698.952,245320,258878,1056467.34,1055464,1057687,1095833.638,1094922,1096794,0,500
1100000,0.00015,1825,0.229658823872136,0.229492756924196,0.229819744929897,0.224047166077727,0.235615472070771,276830.26,270038,283919,1162096,1160875,1163146,1205397.886,1204336,1206284,0,500
1200000,0.00015,1825,0.229889749233812,0.229715627393095,0.230074095982138,0.223957263826208,0.235676938734219,302301.922,294472,309844,1267746.268,1266473,1269079,1314986.658,1314145,1316046,0,500
1300000,0.00015,1825,0.229894453234072,0.229730088558733,0.230047974621744,0.223923727147631,0.234971668633586,327497.916,318948,334692,1373380.752,1371987,1374685,1424557.95,1423243,1425700,0,500
1400000,0.00015,1825,0.23006900033615,0.229912117112486,0.230233531680197,0.223923406318171,0.235478173594546,352957.494,343666,361313,1479023.198,1477676,1480363,1534137.664,1532982,1535159,0,500
1500000,0.00015,1825,0.230076608033127,0.229913800461266,0.230239152756335,0.224721383705562,0.238240619509085,378181.856,369466,391578,1584662.74,1583288,1586180,1643721.652,1642353,1645298,0,500
1600000,0.00015,1825,0.230011346073173,0.229855744011373,0.230160922912772,0.224650557010301,0.236465104393636,403276.648,393958,414564,1690297.478,1689020,1691703,1753290.262,1752202,1754503,0,500
1700000,0.00015,1825,0.230115327254298,0.229964054048982,0.230250148896959,0.225644318412426,0.237438166025664,428676.184,420300,442216,1795924.518,1794407,1797547,1862875.246,1861541,1864214,0,500
1800000,0.00015,1825,0.230128719758537,0.229988153786549,0.230258194647771,0.225504768355075,0.235227738763369,453917.044,444828,464018,1901563.212,1899840,1902977,1972448.534,1970899,1973810,0,500
1900000,0.00015,1825,0.230188262102269,0.230048267254325,0.230337848062688,0.224304519530323,0.236435698346722,479261.798,466989,492270,2007226.984,2005455,2008758,2082042.736,2080539,2083382,0,500
2e+06,0.00015,1825,0.230257965330019,0.230121237300709,0.230405830921277,0.22597154832788,0.236165749113245,504641.912,495345,517604,2112882.008,2111242,2114413,2191637.28,2190392,2192911,0,500
2100000,0.00015,1825,0.23011268322986,0.229962773757592,0.230255997835468,0.22403097911474,0.23601078031224,529539.818,515474,543028,2218533.256,2217147,2220080,2301219.632,2299963,2302716,0,500
2200000,0.00015,1825,0.230116118964472,0.22999676527715,0.230245851045018,0.224870720802564,0.235855255243795,554763.494,542090,568589,2324163.37,2322724,2325687,2410798.414,2409380,2412119,0,500
2300000,0.00015,1825,0.230171647846096,0.230036063744524,0.230302309117087,0.225822973025511,0.236255457709741,580117.732,569227,595540,2429798.548,2428234,2431511,2520370.206,2518959,2522021,0,500
2400000,0.00015,1825,0.230123766446295,0.229994548473941,0.230243523326136,0.226000199267881,0.234544189336152,605215.3,594296,616809,2535456.208,2533874,2536904,2629955.694,2628500,2631642,0,500
2500000,0.00015,1825,0.230137880665697,0.230007881578435,0.230253157017452,0.226545523556483,0.234847660639587,630472.298,620737,643267,2641099.194,2639278,2643032,2739541.65,2737988,2741652,0,500
10000,0.0015,1825,0.177513426197839,0.156366057683062,0.198134773471815,9.03342366757001e-05,0.580224391133814,1944.76100628931,1,6361,10563.9339622642,10449,10690,10957.3144654088,10873,11070,318,318
20000,0.0015,1825,0.271010722467559,0.249368990484631,0.291144738664451,4.53206435531385e-05,0.560544651395783,5939.74715261959,1,12309,21128.3416856492,20951,21315,21915.8109339408,21768,22074,439,439
30000,0.0015,1825,0.357431046846723,0.338130702920239,0.376516190505676,3.03573054855651e-05,0.569040719841391,11749.1024590164,1,18656,31686.8668032787,31479,31889,32872.3237704918,32698,33053,475,488
40000,0.0015,1825,0.407395049636584,0.389778226478897,0.422543767516008,2.28195883346264e-05,0.563929491710943,17855.5676767677,1,24730,42241.0202020202,42031,42474,43828.5535353535,43610,44033,438,495
50000,0.0015,1825,0.461761401332165,0.448465127129762,0.47452441630967,1.82238988209137e-05,0.555663081782825,25299.3192771084,1,30432,52798.2891566265,52558,53019,54788.3092369478,54548,55018,364,498
60000,0.0015,1825,0.477790380268308,0.466226227976611,0.487620007544378,3.04316732855556e-05,0.558858808703178,31412.7269076305,2,36807,63357.0020080321,63106,63600,65745.6546184739,65518,66006,285,498
70000,0.0015,1825,0.497539139092189,0.488749043761118,0.50493639259884,0.0103060505648759,0.560318121469294,38163.36,790,43047,73912.958,73618,74179,76703.28,76424,76961,195,500
80000,0.0015,1825,0.505572530621692,0.499188852782251,0.511629655401043,0.0123747117514098,0.546996184727521,44319.014,1084,48029,84469.606,84134,84760,87660.904,87391,87949,114,500
90000,0.0015,1825,0.510322117774141,0.504328939309386,0.514719969322822,0.00983077672266862,0.551122523546606,50327.2,969,54301,95026.64,94668,95362,98618.448,98294,98930,77,500
1e+05,0.0015,1825,0.50912303691501,0.503183190347094,0.51413849304548,0.0116771566761092,0.550520581445218,55787.652,1282,60331,105584.91,105251,105933,109575.8,109256,109891,51,500
150000,0.0015,1825,0.513116030073073,0.512326561081159,0.513953059126575,0.465904870906667,0.557918816314611,84338.14,76530,91704,158378.18,157964,158785,164364.698,163986,164785,4,500
2e+05,0.0015,1825,0.511011925474081,0.510288356260439,0.511661721460587,0.488942178374904,0.547158437003343,111990.296,107248,119808,211171.57,210684,211653,219154.066,218703,219613,0,500
250000,0.0015,1825,0.509699272795591,0.50902780256984,0.510350317481827,0.494194423874543,0.551398831263696,139628.29,135463,150973,263962.206,263388,264479,273942.682,273443,274457,0,500
3e+05,0.0015,1825,0.507812110795741,0.507239321919384,0.50842534341594,0.492844969261671,0.543695933105283,166934.184,161939,178808,316751.96,316164,317352,328732.126,328173,329285,0,500
350000,0.0015,1825,0.507479310163963,0.506839991086382,0.508143837589636,0.493205837946653,0.550014591388996,194629.072,189140,211089,369541.71,368834,370125,383521.224,382933,384166,0,500
4e+05,0.0015,1825,0.50694032428696,0.506361920246492,0.50748950658431,0.492265694010449,0.544492405126825,222196.83,215668,238663,422328.966,421640,422974,438309.516,437655,438992,0,500
450000,0.0015,1825,0.506138120119922,0.505569092719245,0.506673027747699,0.492542670524943,0.547511082809781,249576.51,242892,269981,475119.822,474361,475815,493099.468,492435,493802,0,500
5e+05,0.0015,1825,0.50585963379975,0.505271431690894,0.506457239576762,0.493085581105029,0.549499908742471,277154.326,270168,301071,527906.658,527112,528675,547887.708,547183,548622,0,500
550000,0.0015,1825,0.504991004446123,0.504524305785179,0.50544367958823,0.493225858359309,0.545490123892866,304346.518,297242,328942,580696.73,579870,581433,602677.082,601931,603465,0,500
6e+05,0.0015,1825,0.505475688262102,0.504954800647036,0.505980930214495,0.491270504085225,0.544512673588934,332331.756,322946,358065,633483.75,632718,634503,657463.406,656753,658330,0,500
650000,0.0015,1825,0.505289373929441,0.504747504737569,0.505790696322985,0.494435100979613,0.547852361903451,359891.042,352197,390181,686269.154,685426,687266,712247.448,711590,712987,0,500
7e+05,0.0015,1825,0.504518890144728,0.504061563313329,0.505027215246666,0.493033961959375,0.545613412763826,386989.182,378369,418372,739076.044,737984,740030,767046.04,766124,768078,0,500
750000,0.0015,1825,0.504038385073664,0.503585827783449,0.504486863055311,0.493298245998231,0.519126275044429,414233.292,405466,426483,791861.472,790928,792816,821829.152,820906,822589,0,500
8e+05,0.0015,1825,0.504087135075573,0.503685039352681,0.504494781117706,0.491950280000183,0.51947177929436,441897.684,431159,455410,844666.734,843754,845795,876629.61,875861,877658,0,500
850000,0.0015,1825,0.504101918387393,0.503671513171922,0.504505812998435,0.493231396534149,0.521435106241329,469528.524,459667,485600,897459.086,896302,898320,931416.042,930433,932183,0,500
9e+05,0.0015,1825,0.503586304628141,0.503200230150807,0.503998665637174,0.493589048206586,0.51705215350537,496640.21,486856,510028,950255.544,949291,951381,986207.052,985308,987118,0,500
950000,0.0015,1825,0.503599316516174,0.503190828434589,0.504001161609712,0.494025214058048,0.516741554798618,524236.678,513970,538099,1003035.798,1002108,1004215,1040979.628,1040210,1041976,0,500
1e+06,0.0015,1825,0.50369796555958,0.503286952478865,0.504122773018271,0.494285583941606,0.518315733751951,551943.882,541737,567903,1055846.578,1054609,1057185,1095783.456,1094758,1096884,0,500
1100000,0.0015,1825,0.503483617832272,0.503027521148037,0.503923305190619,0.49424958208207,0.548720355723031,606869.43,595463,661692,1161419.556,1160271,1162585,1205340.79,1204436,1206404,0,500
1200000,0.0015,1825,0.50348513802734,0.503063601933664,0.503906088131118,0.493271827593338,0.547598450628034,662044.946,648639,719730,1267022.458,1265508,1268358,1314924.296,1313836,1315972,0,500
1300000,0.0015,1825,0.503255415109341,0.502889741786645,0.503624832718636,0.493248587689684,0.514839914227858,716882.912,702166,733495,1372603.592,1371327,1373756,1424491.338,1423519,1425593,0,500
1400000,0.0015,1825,0.503073656660451,0.502702810136105,0.503416248843278,0.493880659990074,0.518384668856855,771749.148,757325,794946,1478192.14,1477020,1479620,1534067.99,1532945,1535369,0,500
1500000,0.0015,1825,0.502992657081423,0.502661611083642,0.503344978133401,0.494132404299882,0.514907348977708,826742.856,812284,846156,1583773.188,1582415,1585189,1643647.848,1642588,1645013,0,500
1600000,0.0015,1825,0.502972952670752,0.502608898328466,0.503328770491264,0.492459296512792,0.51425114009691,881820.684,863454,901780,1689354.852,1687797,1690648,1753216.912,1752088,1754314,0,500
1700000,0.0015,1825,0.502940361113702,0.5025886470037,0.503257443383875,0.494004220693639,0.513238929807103,936873.292,920195,956198,1794941.976,1793512,1796196,1862791.924,1861516,1863941,0,500
1800000,0.0015,1825,0.502759798204897,0.502418113183912,0.503087873035289,0.493760110638457,0.514272883295774,991624.172,973967,1014610,1900514.502,1898882,1902229,1972361.77,1970983,1973757,0,500
1900000,0.0015,1825,0.502764732420445,0.502387876321067,0.503100527572445,0.492661523111651,0.514038982710537,1046732.91,1025573,1070150,2006117.606,2004620,2007705,2081953.584,2080558,2083309,0,500
2e+06,0.0015,1825,0.502733881034723,0.502411296473891,0.503069399985963,0.494149427673803,0.515338610594963,1101761.826,1082926,1129060,2111718.832,2110239,2113183,2191540.786,2190126,2192944,0,500
2100000,0.0015,1825,0.502364097162572,0.502032802855857,0.502701410216024,0.494673177565383,0.515454752153153,1155997.992,1138427,1185665,2217306.52,2215726,2218786,2301115.894,2299837,2302460,0,500
2200000,0.0015,1825,0.502389126353601,0.502044546623064,0.502695911693981,0.493827083649739,0.515958653625606,1211104.906,1190065,1243950,2322886.456,2321293,2324801,2410690.638,2409344,2412416,0,500
2300000,0.0015,1825,0.502476146581874,0.502124690865789,0.502759838969145,0.494523612863586,0.515898962004186,1266373.268,1245929,1299842,2428467.154,2426716,2429991,2520265.286,2518869,2521495,0,500
2400000,0.0015,1825,0.502595403769561,0.502270482966683,0.502910316657862,0.494012521295593,0.512260954459312,1321748.274,1299371,1346920,2534055.666,2532237,2535745,2629845.402,2628333,2631487,0,500
2500000,0.0015,1825,0.502449241504169,0.502122584985628,0.502779245728233,0.493979513485423,0.513586787821155,1376421.658,1353254,1406366,2639648.48,2638287,2641271,2739424.648,2738045,2741019,0,500
10000,0.015,1825,0.300995729292702,0.274632047434531,0.32895532579247,9.03342366757001e-05,0.619408435274786,3297.94025157233,1,6785,10562.2672955975,10440,10691,10957.0628930818,10871,11070,318,318
20000,0.015,1825,0.335919011503016,0.313461295179551,0.358601527769551,4.53206435531385e-05,0.607476209989528,7361.43963553531,1,13342,21125.1366742597,20964,21315,21915.3917995444,21766,22076,439,439
30000,0.015,1825,0.401097852521539,0.379786765555486,0.422924765079155,3.03573054855651e-05,0.600878129097174,13184.1905737705,1,19707,31681.9733606557,31463,31910,32871.6721311475,32699,33053,488,488
40000,0.015,1825,0.457843931228896,0.440044154773437,0.477056106002286,2.28195883346264e-05,0.6012100456621,20066.2444444444,1,26333,42236.7919191919,42010,42474,43827.8444444444,43617,44032,495,495
50000,0.015,1825,0.511487616413786,0.496830514395591,0.52515518716514,1.82238988209137e-05,0.598894281647995,28022.1706827309,1,32823,52793.5080321285,52521,53077,54787.1807228916,54548,55023,498,498
60000,0.015,1825,0.529703468611772,0.516605369204938,0.541875338319837,3.04316732855556e-05,0.595616012673653,34824.6726907631,2,39101,63348.1445783133,63084,63701,65744.1767068273,65499,66007,498,498
70000,0.015,1825,0.544523366280475,0.533944611421965,0.554470290579333,0.0902390983916622,0.595476600406949,41765.036,6918,45685,73904.882,73607,74234,76701.522,76423,76965,500,500
80000,0.015,1825,0.555616085233957,0.546967570894588,0.56355996783363,0.0896680819978998,0.595874451754386,48704.492,7856,52170,84459.056,84166,84742,87658.674,87389,87944,500,500
90000,0.015,1825,0.565454439327446,0.55871280947705,0.571772509401778,0.0927161720857589,0.596014070372135,55762.636,9142,58795,95016.098,94646,95301,98616.152,98290,98931,500,500
1e+05,0.015,1825,0.568435406267886,0.562288729314888,0.573863231156862,0.0943590773049128,0.598425555981245,62285.26,10341,65603,105572.812,105231,105901,109573.198,109253,109888,500,500
150000,0.015,1825,0.577989670757547,0.5758628501781,0.579379877381303,0.102612734191682,0.603577747915919,94998.308,16880,99265,158354.088,157922,158765,164360.182,163978,164778,500,500
2e+05,0.015,1825,0.581161808489227,0.580593637745923,0.581772216338067,0.565472389952022,0.611729291711203,127360.426,123990,133921,211139.752,210612,211620,219147.968,218690,219612,495,500
250000,0.015,1825,0.583407536259653,0.582717811270559,0.584126239746175,0.568667222173494,0.610316930806054,159816.072,155601,167402,263923.038,263353,264432,273935.442,273435,274451,472,500
3e+05,0.015,1825,0.586308218563206,0.585482354453491,0.587191839100603,0.56907431995163,0.609368911942334,192732.796,186928,200426,316705.542,316081,317304,328722.948,328159,329283,420,500
350000,0.015,1825,0.589351671367044,0.5884468132795,0.590286812445041,0.568459999008488,0.611683651649647,226022.958,217864,234566,369487.612,368801,370100,383510.91,382917,384157,351,500
4e+05,0.015,1825,0.592974431222501,0.592021439241067,0.593926123446435,0.570094310366844,0.612808844136697,259899.216,250016,268512,422266.844,421548,422963,438297.524,437634,438986,272,500
450000,0.015,1825,0.595429088556223,0.594436807803231,0.596398541510677,0.571668400211675,0.611751960756469,293597.632,281952,301546,475049.48,474288,475765,493085.82,492418,493789,212,500
5e+05,0.015,1825,0.597855396333157,0.597017406260315,0.598670604951803,0.573390460827643,0.610429834151292,327548.87,314226,334460,527829.78,527012,528636,547873.03,547157,548618,147,500
550000,0.015,1825,0.599522812203684,0.598800293650483,0.600254459454085,0.572690476585439,0.609464637463263,361308.332,345235,367264,580608.546,579777,581446,602660,601914,603459,103,500
6e+05,0.015,1825,0.600651362812549,0.599939881363045,0.601310426274298,0.573105844605126,0.610639330617785,394894.968,376883,401314,633387.492,632571,634267,657444.838,656708,658223,79,500
650000,0.015,1825,0.601574991086715,0.600958373564439,0.602132851578981,0.572760123211642,0.610130801077631,428458.534,408146,434598,686164.39,685223,687111,712228.222,711511,712940,58,500
7e+05,0.015,1825,0.602595903763317,0.602063872453289,0.60307603473598,0.576015212041301,0.609685570160636,462204.34,441666,467866,738948.838,737754,739945,767022.034,766065,768057,31,500
750000,0.015,1825,0.603238111746556,0.602755317096432,0.603638412612227,0.57631091212882,0.609879497250016,495743.442,473576,501172,791725.06,790759,792952,821803.814,820982,822860,23,500
8e+05,0.015,1825,0.603402463312722,0.602913731402144,0.603822018180704,0.573267368531549,0.610380750732388,528944.188,502427,535050,844516.94,843352,845516,876602.574,875469,877507,20,500
850000,0.015,1825,0.603971614469684,0.603574633447286,0.604269622609228,0.576446312046535,0.610612480512276,562533.628,536924,569089,897298.936,896223,898522,931390.862,930494,932349,13,500
9e+05,0.015,1825,0.604326973497954,0.604026339309476,0.604617637258774,0.574693157861631,0.609518536433505,595972.114,566467,601193,950077.196,949049,951191,986175.056,985390,987130,6,500
950000,0.015,1825,0.604580457167727,0.604356447190447,0.604789773620465,0.575706067573787,0.612010862358239,629336.594,599154,636894,1002842.5,1001794,1003989,1040947.762,1040025,1041792,3,500
1e+06,0.015,1825,0.604703623969674,0.604465805231668,0.604918399253132,0.580059573784614,0.610838405117177,662604.114,635620,669237,1055638.298,1054471,1056904,1095750.274,1094660,1096787,3,500
1100000,0.015,1825,0.605095842210111,0.604954126452795,0.60523511510195,0.600377977463985,0.610246996935971,729324.906,723961,735715,1161179.69,1160046,1162271,1205304.85,1204305,1206318,0,500
1200000,0.015,1825,0.605028641501636,0.604888773855284,0.605176116855461,0.600021285248942,0.610415856917169,795541.956,789307,802518,1266743.814,1265520,1267882,1314883.278,1313759,1315892,0,500
1300000,0.015,1825,0.605103795765322,0.604970685389145,0.605234069201923,0.600747866698307,0.609919689657691,861938.942,855656,868511,1372293.588,1370907,1373389,1424448.148,1423421,1425460,0,500
1400000,0.015,1825,0.605107540473939,0.604978434015748,0.605246926116955,0.60056414509718,0.610520847997581,928247.358,921054,936749,1477850.08,1476526,1479033,1534020.562,1533044,1535013,0,500
1500000,0.015,1825,0.605170261568114,0.605026296159668,0.605302038377626,0.59977120882063,0.609276398566085,994658.77,985676,1001414,1583415.852,1581940,1584941,1643601.658,1642479,1644700,0,500
1600000,0.015,1825,0.605240123072766,0.605105578699414,0.605371020770034,0.60081364625782,0.609760815236617,1061087.724,1053284,1068679,1688965.154,1687484,1690313,1753168.26,1751963,1754317,0,500
1700000,0.015,1825,0.605243789041921,0.605113342804804,0.605376402362711,0.601251836397081,0.609124123428557,1127409.684,1119883,1135196,1794515.106,1793198,1795975,1862736.538,1861417,1864035,0,500
1800000,0.015,1825,0.605224395682951,0.60510648532603,0.60534035485285,0.601525974519774,0.6092846337289,1193684.384,1186516,1201831,1900067.756,1898394,1901638,1972300.636,1970893,1973984,0,500
1900000,0.015,1825,0.605302012911589,0.605178540828638,0.605434231092982,0.601219247453537,0.608808927399541,1260171.428,1251801,1267309,2005636.496,2004157,2007090,2081888.726,2080587,2083216,0,500
2e+06,0.015,1825,0.605229220183783,0.605105717439079,0.605350465457961,0.601648141015226,0.609017608123077,1326342.822,1318329,1334413,2111205.244,2109245,2112757,2191471.88,2189807,2192826,0,500
2100000,0.015,1825,0.605261857667331,0.605138297013128,0.605396784020503,0.601087079310734,0.608744715150409,1392733.828,1383450,1400959,2216765.45,2214890,2218325,2301043.51,2299664,2302391,0,500
2200000,0.015,1825,0.605250091938017,0.605134513462273,0.605364087382645,0.601144584387889,0.608877345681855,1459028.868,1448628,1467792,2322330.862,2320895,2323880,2410621.454,2409085,2412072,0,500
2300000,0.015,1825,0.605309354289995,0.605180535260872,0.605428000529631,0.601478599715981,0.60975206277157,1525491.524,1515453,1537038,2427853.192,2426095,2429593,2520185.026,2518697,2521662,0,500
2400000,0.015,1825,0.605343693146663,0.605233386738683,0.605464314622442,0.601467518872527,0.609146697448517,1591911.36,1581788,1601602,2533424.42,2531235,2535204,2629764.536,2628186,2631027,0,500
2500000,0.015,1825,0.605345085189546,0.605230014000202,0.605460098639421,0.602121371796571,0.608830756311725,1658245.686,1648916,1667557,2638994.29,2637224,2640574,2739339.504,2738135,2740747,0,500
10000,1.5e-05,365,0.0208508281314158,0.0184432174867634,0.0232874508433723,9.7904836498923e-05,0.0800078631806566,212.408805031447,1,814,10110.7295597484,10060,10154,10187.8113207547,10147,10228,297,318
20000,1.5e-05,365,0.0152495971297194,0.0139118392083885,0.0164850341306466,4.90051945506224e-05,0.0493614931237721,310.722095671982,1,1005,20221.8861047836,20151,20289,20374.8200455581,20315,20436,380,439
30000,1.5e-05,365,0.0152896702643274,0.0143145902294542,0.0163106264065811,3.26626600470342e-05,0.0375543851614381,467.284836065574,1,1148,30332.7950819672,30262,30411,30562.2274590164,30487,30639,350,488
40000,1.5e-05,365,0.0165063832754064,0.0156685048118011,0.0174027986194617,2.45338567222767e-05,0.0313971742543171,672.6,1,1280,40443.898989899,40351,40546,40749.5515151515,40672,40843,265,495
50000,1.5e-05,365,0.0176476466529805,0.0169240260171675,0.0183376640089295,1.96278558530266e-05,0.0314276751754696,898.915662650602,1,1603,50554.6365461847,50447,50663,50937.2469879518,50835,51032,189,498
60000,1.5e-05,365,0.0184539229518315,0.0179026831991656,0.0190219592493818,4.90757402257484e-05,0.0270380857297173,1128.00200803213,3,1652,60665.7831325301,60552,60784,61124.8273092369,61017,61224,113,498
70000,1.5e-05,365,0.0204403596307014,0.0200296510353484,0.0208204756908317,5.60616678346181e-05,0.0279097803383938,1457.654,4,1991,70776.314,70652,70910,71312.062,71196,71429,46,500
80000,1.5e-05,365,0.0197029778329831,0.0193310387440627,0.0200329711844402,0.000760530899634455,0.0254856006969582,1605.782,62,2077,80887.164,80760,81008,81499.5,81381,81623,37,500
90000,1.5e-05,365,0.0194550475961174,0.0191865863455197,0.0197143759113161,0.000392421897141861,0.0244849013408917,1783.782,36,2246,90999.066,90854,91131,91687.536,91566,91805,21,500
1e+05,1.5e-05,365,0.0191591497570341,0.0189450712397901,0.0193457961520759,7.84937057859673e-05,0.023147557083231,1951.82,8,2357,101108.944,100932,101257,101874.12,101746,102000,12,500
150000,1.5e-05,365,0.0185351250167973,0.0184235353324745,0.018644494892566,0.00333134805060507,0.0217493749427304,2832.384,509,3323,151665.15,151472,151829,152811.836,152655,152968,1,500
2e+05,1.5e-05,365,0.0181617355749923,0.0180831681805075,0.0182453453310723,0.0156186363747884,0.0207116721102134,3700.434,3183,4217,202220.096,201990,202420,203749.236,203571,203931,0,500
250000,1.5e-05,365,0.0176195318966309,0.0175553979380903,0.0176852769840821,0.015697101318368,0.0198337436731104,4487.454,3997,5051,252775.256,252529,252999,254686.518,254490,254888,0,500
3e+05,1.5e-05,365,0.0175153866524208,0.0174574217204973,0.0175755476222628,0.0154889402097467,0.0199447542743435,5353.122,4735,6094,303330.868,303071,303590,305624.114,305397,305848,0,500
350000,1.5e-05,365,0.017496969749962,0.0174389413909071,0.0175542663227072,0.0155693725716656,0.019581117767158,6238.746,5554,6982,353886.282,353595,354163,356561.622,356311,356792,0,500
4e+05,1.5e-05,365,0.0174283115217281,0.0173716733127473,0.0174807686791563,0.0157192662216105,0.0196147239263804,7102.014,6407,7993,404441.388,404146,404733,407499.184,407243,407760,0,500
450000,1.5e-05,365,0.0172522292906742,0.0171974222851733,0.0173058409781086,0.0153264144480636,0.019042300955605,7909.044,7025,8730,454995.934,454689,455309,458436.21,458157,458703,0,500
5e+05,1.5e-05,365,0.0172371612371025,0.0171894934424197,0.0172841934028972,0.0156445090109545,0.0187071058348821,8780.158,7969,9532,505550.632,505212,505866,509373.866,509091,509651,0,500
550000,1.5e-05,365,0.0172006286984722,0.0171541617990114,0.0172484107234496,0.0156767841176187,0.018643217784409,9637.7,8784,10446,556105.036,555749,556442,560311.02,560005,560596,0,500
6e+05,1.5e-05,365,0.0171799551776999,0.017134991962953,0.0172247963384415,0.0152558483478693,0.0192860859406446,10501.1,9325,11787,606652.452,606295,607086,611241.44,610924,611534,0,500
650000,1.5e-05,365,0.017057119965244,0.0170146161256005,0.0170998175562954,0.0156142375503003,0.0186428444154518,11294.836,10337,12346,657205.598,656754,657623,662177.31,661805,662483,0,500
7e+05,1.5e-05,365,0.0170427052098543,0.0170021065293161,0.0170832760804065,0.0157158940982324,0.0184935349058985,12153.368,11209,13187,707757.288,707347,708170,713112.478,712718,713432,0,500
750000,1.5e-05,365,0.0170268916806454,0.0169885848715449,0.0170677957200511,0.0156134860520484,0.0184747198033552,13009.354,11929,14115,758309.4,757827,758778,764047.668,763645,764431,0,500
8e+05,1.5e-05,365,0.0170138151851996,0.0169793245713566,0.0170452028043594,0.0157368897092302,0.0181957190297253,13866.082,12823,14827,808867.756,808470,809319,814989.358,814637,815362,0,500
850000,1.5e-05,365,0.016973037911394,0.0169332378762909,0.0170085475708897,0.0155507669140285,0.0183231409778887,14697.468,13466,15865,859425.762,858963,859866,865930.326,865583,866258,0,500
9e+05,1.5e-05,365,0.0169576342083878,0.0169237700558177,0.0169944997662634,0.0158334051364496,0.018159610896639,15547.948,14517,16652,909982.418,909538,910487,916869.912,916495,917266,0,500
950000,1.5e-05,365,0.016945706925149,0.0169127162876839,0.0169764333715128,0.0159620473829042,0.0180279058423271,16400.056,15447,17444,960529.62,960065,961109,967800.174,967386,968223,0,500
1e+06,1.5e-05,365,0.0169258470045573,0.0168898218015642,0.0169594090881367,0.0158979437795626,0.017980993288169,17243.116,16197,18319,1011091.226,1010564,1011543,1018744.546,1018243,1019084,0,500
1100000,1.5e-05,365,0.0168757685007112,0.0168409167213772,0.0169093250755401,0.015723539804058,0.0178333354155549,18911.28,17622,19984,1112198.224,1111703,1112724,1120617.274,1120229,1121099,0,500
1200000,1.5e-05,365,0.016871273224901,0.0168376991230215,0.0169025024863244,0.0158402265834704,0.0178261139889591,20625.062,19362,21790,1213311.634,1212846,1213864,1222495.798,1222093,1222960,0,500
1300000,1.5e-05,365,0.0168268124319121,0.0167985366461711,0.0168529869185328,0.015912271070431,0.0179571682578512,22284.848,21072,23784,1314416.252,1313799,1314979,1324365.276,1323863,1324791,0,500
1400000,1.5e-05,365,0.0168168198220794,0.0167853467197257,0.0168455850960257,0.0158397944774221,0.0176948157786076,23984.888,22591,25241,1415530.58,1415062,1416087,1426244.032,1425760,1426666,0,500
1500000,1.5e-05,365,0.0167964237048773,0.0167679556829957,0.0168245364871107,0.0157839841178649,0.0176993582788313,25666.898,24122,27046,1516633.49,1516010,1517187,1528116.772,1527641,1528595,0,500
1600000,1.5e-05,365,0.0167935958425286,0.0167676075584332,0.016819737618542,0.0158634424805258,0.017806772586897,27373.524,25855,29020,1617748.788,1617065,1618324,1629997.856,1629349,1630573,0,500
1700000,1.5e-05,365,0.0167739295696699,0.0167485389668847,0.0167992848734483,0.0160223986770507,0.0176187360273611,29050.216,27749,30507,1718854.25,1718230,1719463,1731867.226,1731376,1732379,0,500
1800000,1.5e-05,365,0.0167763910028358,0.0167481068650054,0.01680192756673,0.0157797778887873,0.0176384357892877,30763.614,28935,32343,1819966.56,1819392,1820738,1833744.226,1833272,1834281,0,500
1900000,1.5e-05,365,0.0167611599601941,0.0167338811123905,0.016786254709731,0.0159828675646212,0.0175022034033153,32443.094,30935,33878,1921077.114,1920332,1921799,1935611.19,1935031,1936165,0,500
2e+06,1.5e-05,365,0.0167438291155531,0.0167215615868479,0.0167664428014805,0.0158761636654141,0.0176200599115414,34115.36,32343,35898,2022194.44,2021459,2022969,2037488.54,2036888,2038259,0,500
2100000,1.5e-05,365,0.0167307358817373,0.0167069073422959,0.0167550321381899,0.0158957632798894,0.0174222168206125,35793.158,34008,37271,2123308.432,2122637,2123888,2139365.628,2138772,2139917,0,500
2200000,1.5e-05,365,0.0167218232680008,0.0166996417163107,0.0167433142026775,0.0158345211566388,0.0174270719047974,37477.528,35493,39059,2224416.592,2223750,2225128,2241234.522,2240666,2241833,0,500
2300000,1.5e-05,365,0.0167175894426811,0.0166950936506209,0.0167410946390728,0.0160263591039577,0.0175013452233583,39171.204,37555,41014,2325531.442,2324501,2326254,2343113.238,2342357,2343660,0,500
2400000,1.5e-05,365,0.0167028704194216,0.0166816942800231,0.0167230567467878,0.0159134798869535,0.0174067899487424,40838.168,38903,42558,2426632.744,2425804,2427244,2444979.078,2444329,2445457,0,500
2500000,1.5e-05,365,0.0166982074929202,0.0166762485279079,0.0167201186073455,0.0156161552877297,0.0173277170842669,42527.92,39781,44136,2527744.692,2526961,2528482,2546855.368,2546218,2547429,0,500
10000,0.00015,365,0.0294082551072292,0.026314363947273,0.0321323978152453,9.7904836498923e-05,0.0985487350460875,299.619496855346,1,1005,10110.6698113208,10065,10153,10187.8113207547,10147,10228,279,318
20000,0.00015,365,0.0290866769336788,0.0267627474359385,0.031408480270665,4.89715964740451e-05,0.0797215140223573,592.603644646925,1,1626,20221.291571754,20151,20291,20374.8200455581,20315,20436,291,439
30000,0.00015,365,0.0342590378652637,0.0324091083880458,0.0359718457523147,3.26786706316787e-05,0.0652138346258303,1047.06147540984,1,1993,30331.6495901639,30259,30413,30562.2110655738,30487,30639,200,488
40000,0.00015,365,0.0401521353423876,0.0385652960058877,0.0416444763880062,2.45314493180257e-05,0.0626304801670146,1636.2303030303,1,2550,40442.1797979798,40346,40544,40749.5414141414,40672,40843,126,495
50000,0.00015,365,0.042103276546621,0.0409578049293128,0.0432407720387236,1.96278558530266e-05,0.0564726666012366,2144.66666666667,1,2877,50552.3333333333,50441,50656,50937.2309236948,50835,51032,62,498
60000,0.00015,365,0.0449747429879787,0.0440635825325469,0.0458261596041632,3.27171601504989e-05,0.0598026218883488,2749.07630522088,2,3654,60662.6385542169,60552,60772,61124.8112449799,61017,61224,33,498
70000,0.00015,365,0.0442015839464974,0.0435220135814001,0.0448563533012482,0.0019506307975133,0.055359246171967,3152.108,139,3948,70772.8,70652,70904,71312.04,71196,71429,19,500
80000,0.00015,365,0.0459110704880222,0.0453700495692459,0.0464081142630232,0.00180474389824682,0.0557293391724629,3741.752,147,4543,80882.854,80753,81001,81499.484,81381,81622,9,500
90000,0.00015,365,0.0447660237350261,0.0442399314821867,0.0452087772826456,3.26840109818277e-05,0.0563053242052937,4104.482,3,5165,90994.262,90844,91126,91687.512,91566,91805,6,500
1e+05,0.00015,365,0.0461043881932269,0.0457258651928884,0.0464368083862516,0.00353374233128834,0.0557884711681018,4696.828,360,5682,101103.85,100925,101241,101874.078,101746,102000,3,500
150000,0.00015,365,0.0455260535628991,0.0453006173634822,0.0457598102542484,0.038350108235725,0.052920998193197,6956.914,5864,8084,151657.052,151460,151824,152811.788,152655,152968,0,500
2e+05,0.00015,365,0.0464671497680314,0.0462665323377531,0.0466703416505011,0.039246406137193,0.0546262427887566,9467.632,7991,11126,202208.078,201978,202416,203749.14,203571,203931,0,500
250000,0.00015,365,0.0461291605847835,0.0459377677130338,0.0463255279066632,0.0391201212759106,0.0522691042162383,11748.468,9961,13312,252760.588,252513,252982,254686.416,254490,254888,0,500
3e+05,0.00015,365,0.0466968660685956,0.0465190623474376,0.0468830625677324,0.0405696231512432,0.0533509642450348,14271.684,12404,16300,303313.096,303038,303567,305624.008,305397,305848,0,500
350000,0.00015,365,0.0468173385695876,0.0466566714688294,0.0469936883170889,0.0407429951501109,0.0525293685138101,16693.258,14525,18718,353865.428,353567,354125,356561.454,356311,356792,0,500
4e+05,0.00015,365,0.046761655410715,0.0466022011432285,0.0469150264194852,0.0412229963361154,0.0519154722835198,19055.308,16798,21150,404417.696,404114,404703,407499.002,407243,407760,0,500
450000,0.00015,365,0.0468643005002217,0.0467140324805016,0.0470200415079434,0.0417919173498192,0.0522310106224063,21484.276,19158,23951,454970.082,454640,455291,458436.056,458157,458703,0,500
5e+05,0.00015,365,0.046880687890578,0.0467197904506147,0.0470298858928853,0.0414453544562543,0.0532873630019988,23879.788,21107,27140,505521.71,505184,505845,509373.648,509091,509650,0,500
550000,0.00015,365,0.0469183881825609,0.0467769130429228,0.0470649123150597,0.0427740937934088,0.0512750968902339,26288.882,23957,28736,556073.344,555727,556408,560310.722,560005,560596,0,500
6e+05,0.00015,365,0.047045781751098,0.0469033826955725,0.0471861492170542,0.0420845585768684,0.0517063386238365,28756.318,25718,31604,606618.716,606247,607016,611241.288,610890,611530,0,500
650000,0.00015,365,0.0470284068248962,0.0468969792467289,0.0471542313998225,0.0418998083518714,0.0520028141456109,31141.106,27744,34445,657168.614,656740,657605,662176.818,661840,662540,0,500
7e+05,0.00015,365,0.0470234073443818,0.0468958124755071,0.0471559247954321,0.0433715611125602,0.051541288006283,33532.974,30928,36751,707718.906,707346,708125,713112.498,712785,713440,0,500
750000,0.00015,365,0.047143149359668,0.0470150448743304,0.047271717522527,0.0422813917117636,0.0510517861841545,36019.598,32307,38998,758268.438,757771,758763,764047.806,763644,764448,0,500
8e+05,0.00015,365,0.0471145631862316,0.0469889219892103,0.0472411997405532,0.0426776148045262,0.0509417713692671,38397.842,34782,41526,808824.43,808410,809260,814988.974,814636,815349,0,500
850000,0.00015,365,0.0471839807983752,0.0470776878879026,0.047303537014514,0.0437300646937498,0.0506897005791591,40858.01,37867,43884,859380.42,858882,859784,865930.092,865561,866272,0,500
9e+05,0.00015,365,0.0471612127834712,0.0470400566629382,0.0472815267778449,0.0420524198958671,0.0520755293104106,43240.684,38550,47753,909935.062,909498,910415,916869.588,916476,917247,0,500
950000,0.00015,365,0.047126612493905,0.047007746798798,0.0472518494519899,0.0436838184622792,0.0526779072650632,45609.1,42281,50988,960479.234,960042,961004,967799.162,967379,968173,0,500
1e+06,0.00015,365,0.0471715329561886,0.0470637291731668,0.0472792774371332,0.0430341025333928,0.051457676296822,48055.756,43836,52424,1011039.082,1010502,1011441,1018744.49,1018171,1019102,0,500
1100000,0.00015,365,0.0470825666057154,0.0469813617268759,0.0471865272480402,0.0424709804537472,0.0509405388811697,52761.536,47594,57083,1112141.428,1111606,1112668,1120616.872,1120227,1121095,0,500
1200000,0.00015,365,0.047224091632309,0.047120987780346,0.0473284715128311,0.0431716533603632,0.0508232891807849,57731.232,52771,62124,1213249.128,1212764,1213802,1222495.392,1222074,1222958,0,500
1300000,0.00015,365,0.0471786427156105,0.0470613016127523,0.0472839883522018,0.0436204234046811,0.0506609609131219,62481.736,57765,67101,1314349.092,1313732,1314859,1324365.02,1323949,1324794,0,500
1400000,0.00015,365,0.0473130041314283,0.0472070070217729,0.0474189186960953,0.0429850151895344,0.0523896962163231,67479.882,61310,74724,1415456.97,1414991,1416019,1426243.668,1425721,1426703,0,500
1500000,0.00015,365,0.047264113485171,0.0471575298409207,0.0473604977328297,0.0440818564887255,0.0504467563538609,72225.05,67361,77089,1516556.358,1516000,1517122,1528116.244,1527618,1528584,0,500
1600000,0.00015,365,0.0471833395361443,0.047089076508722,0.0472801622586076,0.0438214530222834,0.0503921955959741,76908.69,71433,82142,1617672.38,1616894,1618298,1629996.612,1629376,1630523,0,500
1700000,0.00015,365,0.0472518929500893,0.0471509258676374,0.0473541433190834,0.0443158732733672,0.0507600439012027,81833.992,76764,87920,1718765.174,1718132,1719430,1731866.636,1731385,1732446,0,500
1800000,0.00015,365,0.0471862344012683,0.0470809707805941,0.0472793409938189,0.043919471607405,0.0501014220903856,86527.424,80539,91882,1819868.752,1819220,1820520,1833742.672,1833264,1834224,0,500
1900000,0.00015,365,0.0473177793595259,0.0472201405715556,0.0474105624564097,0.0444406101608057,0.0504110070318111,91588.826,86026,97570,1920973.172,1920131,1921827,1935611.228,1935068,1936423,0,500
2e+06,0.00015,365,0.047251041139214,0.0471617794292413,0.0473362892983698,0.0444671926005461,0.0508434738787826,96273.406,90614,103616,2022081.896,2021395,2022832,2037487.464,2036850,2038194,0,500
2100000,0.00015,365,0.0473137904483343,0.0472290444411981,0.0474056173311394,0.0447946132604432,0.0506905054795494,101221.464,95837,108457,2123189.322,2122485,2123874,2139365.022,2138712,2139962,0,500
2200000,0.00015,365,0.0472955188163399,0.0472074358492717,0.0473879595543247,0.0443992892972485,0.0505381179523144,106000.356,99506,113282,2224286.542,2223508,2224977,2241234.526,2240649,2241775,0,500
2300000,0.00015,365,0.0472850671023291,0.0472002636467231,0.0473731935142081,0.0444816147723742,0.0500801555649644,110794.238,104219,117335,2325394.64,2324608,2326055,2343112.136,2342506,2343736,0,500
2400000,0.00015,365,0.0473102649738699,0.047219057349654,0.0474075758196225,0.0442352971970842,0.0514145347743208,115672.536,108158,125689,2426494.372,2425704,2427232,2444977.554,2444311,2445657,0,500
2500000,0.00015,365,0.0472802221646029,0.0471954429978908,0.047363076032324,0.0440020601737172,0.049590473075357,120415.836,112089,126293,2527599.818,2526531,2528289,2546853.874,2546184,2547426,0,500
10000,0.0015,365,0.13452270688056,0.120737482965297,0.148624043123407,9.7904836498923e-05,0.356075501376327,1370.33962264151,1,3622,10108.355345912,10065,10154,10187.7955974843,10147,10228,210,318
20000,0.0015,365,0.167214633987387,0.156473342579649,0.177889599472686,4.89715964740451e-05,0.345308890745564,3407.02277904328,1,7026,20216.1275626424,20140,20279,20374.7744874715,20315,20436,192,439
30000,0.0015,365,0.193301179117527,0.183744499674257,0.203367362672952,3.26786706316787e-05,0.319274153997057,5907.64549180328,1,9765,30322.2766393443,30244,30406,30562.1454918033,30487,30639,128,488
40000,0.0015,365,0.209281129047789,0.201410330614842,0.216567915649986,2.45314493180257e-05,0.30761677998969,8528.33131313131,1,12532,40428.8525252525,40345,40525,40749.4484848485,40672,40842,89,495
50000,0.0015,365,0.229139443062176,0.223232944042578,0.234659519113189,1.96278558530266e-05,0.300202123275574,11671.8273092369,1,15298,50534.5863453815,50410,50640,50937.0903614458,50835,51032,44,498
60000,0.0015,365,0.233634944891771,0.228335467101386,0.238233345577316,3.27171601504989e-05,0.284536082474227,14280.9257028112,2,17390,60641.0401606426,60517,60751,61124.6285140562,61017,61224,30,498
70000,0.0015,365,0.239868171661255,0.236538763785208,0.243418183749466,0.0110793223381577,0.282723688456736,17105.522,790,20150,70746.736,70615,70882,71311.848,71195,71429,15,500
80000,0.0015,365,0.243068660865457,0.24020253715758,0.245590631574447,0.0132993080433822,0.28171538716529,19809.786,1084,22946,80852.558,80716,80973,81499.222,81381,81622,9,500
90000,0.0015,365,0.24431527570974,0.241618144846919,0.246595022294259,0.0105643016004535,0.27942314609926,22400.568,969,25634,90959.874,90812,91088,91687.232,91566,91805,6,500
1e+05,0.0015,365,0.243228445525174,0.240418014758308,0.245574414750906,0.0125782461097702,0.281549395319617,24778.566,1282,28682,101065.224,100912,101209,101873.796,101746,102000,7,500
150000,0.0015,365,0.246912575219189,0.24615220958654,0.247666331397778,0.2181308863858,0.271717211397444,37731.06,33328,41501,151598.734,151404,151761,152811.4,152655,152968,0,500
2e+05,0.0015,365,0.246528946752201,0.24586736070434,0.247226046403501,0.226251718044375,0.27009895549701,50229.908,46092,55054,202132.598,201903,202342,203748.604,203571,203930,0,500
250000,0.0015,365,0.246555171475511,0.245935006136276,0.247168773903709,0.228284977408604,0.266884527311791,62794.062,58154,67948,252665.534,252423,252898,254685.758,254487,254887,0,500
3e+05,0.0015,365,0.247128646593149,0.246580066242133,0.247699826743162,0.227610463118978,0.272257819607432,75528.224,69568,83196,303197.942,302920,303449,305623.17,305396,305848,0,500
350000,0.0015,365,0.247120898229872,0.246547634056602,0.247706566732901,0.224542238605409,0.275489486761003,88113.5,80041,98239,353730.664,353437,353999,356560.388,356310,356791,0,500
4e+05,0.0015,365,0.246821761125291,0.246286300946938,0.247315569123987,0.226990659890509,0.266347022103569,100579.354,92545,108546,404264.914,403958,404522,407497.95,407243,407757,0,500
450000,0.0015,365,0.246920355429253,0.246382988182053,0.24744349089357,0.23039419924393,0.263328730637593,113196.882,105618,120717,454797.782,454487,455101,458434.87,458156,458702,0,500
5e+05,0.0015,365,0.246846228966668,0.246303306614342,0.247368345188806,0.229166625765908,0.265731286674271,125736.568,116729,135359,505330.618,504962,505653,509372.254,509089,509647,0,500
550000,0.0015,365,0.247253669467062,0.246760619760137,0.247761135352122,0.232795979124574,0.26465552792392,138538.512,130430,148246,555862.74,555501,556183,560309.254,560002,560594,0,500
6e+05,0.0015,365,0.246554617302315,0.246083342861761,0.247053597690304,0.231159643186712,0.262628872723467,150704.038,141282,160586,606389.832,605950,606733,611239.898,610842,611602,0,500
650000,0.0015,365,0.246850500641783,0.24636155839278,0.24734729918453,0.23072798508928,0.263868396532014,163458.354,152759,174726,656920.958,656438,657371,662175.378,661806,662507,0,500
7e+05,0.0015,365,0.247324144899134,0.246851850262821,0.24784435564154,0.230543654327567,0.268093180052558,176369.378,164388,191181,707451.792,707060,707820,713110.186,712805,713424,0,500
750000,0.0015,365,0.247128205211089,0.246673862469655,0.247579143322118,0.234572781185907,0.260873833041689,188817.102,179219,199323,757981.992,757473,758453,764045.092,763617,764403,0,500
8e+05,0.0015,365,0.246913738645178,0.246492435037085,0.247364488415572,0.231649051686695,0.261295483769644,201231.358,188800,212960,808519.906,808103,808941,814986.668,814574,815372,0,500
850000,0.0015,365,0.246815306999634,0.246398471792595,0.247257898429123,0.232020434250927,0.263263622879692,213724.33,200929,227901,859058.536,858480,859514,865928.26,865469,866304,0,500
9e+05,0.0015,365,0.247015948567889,0.24661315418987,0.247434734825284,0.234645588584862,0.261900269086078,226480.732,215193,240112,909591.756,909211,910101,916866.902,916536,917322,0,500
950000,0.0015,365,0.246982608288777,0.246590932442769,0.247362433525666,0.235192644202793,0.261350578276002,239029.03,227551,252910,960118.346,959694,960570,967797.142,967440,968203,0,500
1e+06,0.0015,365,0.246776023352866,0.246351268904347,0.247169194569384,0.234406279607475,0.26104597852359,251401.064,238751,265903,1010659.58,1010161,1011116,1018741.988,1018184,1019109,0,500
1100000,0.0015,365,0.247078796461048,0.246711499091342,0.247462074256243,0.236095879959989,0.262135558498014,276879.816,264591,293790,1111723.144,1111330,1112249,1120613.326,1120244,1121087,0,500
1200000,0.0015,365,0.246908242732592,0.246489096673966,0.247337609600147,0.232153943174317,0.262525733607171,301843.328,283827,320970,1212793.546,1212323,1213313,1222492.104,1222041,1222894,0,500
1300000,0.0015,365,0.246874684189872,0.246495982385054,0.247298179488567,0.234953563012889,0.259296088575596,326951.174,311192,343419,1313853.668,1313213,1314395,1324360.92,1323885,1324785,0,500
1400000,0.0015,365,0.246813106530173,0.24641711617417,0.247208486415446,0.232805935573617,0.260170023952566,352014.718,332039,371042,1414924.624,1414426,1415492,1426239.972,1425770,1426832,0,500
1500000,0.0015,365,0.246666354229691,0.24631411425875,0.247047781087302,0.23474204519649,0.258585964338295,376933.844,358695,395184,1515982.274,1515210,1516542,1528112.05,1527667,1528532,0,500
1600000,0.0015,365,0.246668851914372,0.246309351884507,0.247026791624329,0.235053391807592,0.25839092926896,402068.45,383165,421186,1617058.854,1616486,1617614,1629993.024,1629520,1630552,0,500
1700000,0.0015,365,0.246561416047719,0.246214284794143,0.246914338534687,0.235938403054558,0.258427219338111,427010.434,408638,447521,1718123.236,1717417,1718705,1731862.482,1731361,1732336,0,500
1800000,0.0015,365,0.246663324403889,0.246330638757988,0.24698139273254,0.235453186870725,0.256797110168026,452315.8,431694,470828,1819183.796,1818547,1819895,1833737.46,1833308,1834251,0,500
1900000,0.0015,365,0.246725364282927,0.246346556670539,0.247075637493497,0.235126302052389,0.259852746752002,477563.238,455110,502965,1920247.044,1919586,1921131,1935606.506,1935080,1936348,0,500
2e+06,0.0015,365,0.246675321427405,0.246351421872927,0.247018960777699,0.235111281280986,0.260918111281962,502596.74,478964,531623,2021320.044,2020462,2022141,2037482.766,2036894,2037991,0,500
2100000,0.0015,365,0.246889089932464,0.246524529242495,0.247220078070575,0.234448485879726,0.261184348620414,528184.242,501539,558695,2122389.372,2121727,2123197,2139358.572,2138767,2140019,0,500
2200000,0.0015,365,0.246838500231133,0.246511675661934,0.247177032629324,0.233800550701629,0.257245047934442,553221.482,523980,576534,2223447.048,2222717,2224179,2241228.642,2240638,2241859,0,500
2300000,0.0015,365,0.246719251580191,0.246375431878391,0.247051064401544,0.235920293028286,0.25931770742181,578089.242,552757,607501,2324516.244,2323742,2325364,2343105.89,2342480,2343659,0,500
2400000,0.0015,365,0.24643577153071,0.246106418313093,0.24675931301004,0.237725832894293,0.25746583480055,602528.478,581175,629531,2425578.012,2424900,2426236,2444971.708,2444377,2445666,0,500
2500000,0.0015,365,0.246650399423374,0.246325291155953,0.24700475642526,0.236660231713288,0.258935096196323,628180.99,602780,659408,2526644.506,2525879,2527626,2546847.644,2546223,2547570,0,500
10000,0.015,365,0.323491968560175,0.293964735063083,0.351117816995109,9.7904836498923e-05,0.665422396856582,3295.4465408805,1,6781,10104.4748427673,10052,10151,10187.7358490566,10147,10228,297,318
20000,0.015,365,0.361015844885039,0.333759780588199,0.384816235231442,4.89715964740451e-05,0.650571666912017,7355.0728929385,1,13258,20208.1753986333,20137,20290,20374.701594533,20315,20436,381,439
30000,0.015,365,0.431005242629117,0.407754586463032,0.453003596089629,3.26786706316787e-05,0.645007041561589,13172.1413934426,1,19707,30308.5983606557,30224,30410,30561.987704918,30487,30639,374,488
40000,0.015,365,0.491727893997817,0.472062790657845,0.511505224943134,2.45314493180257e-05,0.643858486165329,20037.7575757576,1,26231,40406.3474747475,40314,40524,40749.2545454545,40672,40842,325,495
50000,0.015,365,0.549242272548301,0.532937600272686,0.564851986746109,1.96278558530266e-05,0.643525144593667,27976.5080321285,1,32823,50502.8273092369,50385,50659,50936.7489959839,50835,51032,264,498
60000,0.015,365,0.568745254486403,0.554918819197063,0.58133784815927,3.27171601504989e-05,0.636957268873869,34763.9317269076,2,38920,60601.4518072289,60471,60756,61124.2128514056,61017,61224,237,498
70000,0.015,365,0.584378872803725,0.572833551403339,0.595641697200564,0.096945067264574,0.639636231152962,41672.452,6918,45647,70699.742,70558,70852,71311.33,71194,71429,185,500
80000,0.015,365,0.596084901558077,0.586535884803513,0.605573629085334,0.0963347190032986,0.638921942662267,48579.97,7856,52083,80797.65,80660,80959,81498.614,81381,81620,174,500
90000,0.015,365,0.606472296319777,0.599131952051927,0.613426853758773,0.0996490157179918,0.636706405422488,55605.212,9142,58428,90896.81,90728,91064,91686.588,91565,91805,140,500
1e+05,0.015,365,0.609515605603334,0.603219467111146,0.615763949668371,0.101437049389377,0.638840363515025,62093.238,10341,65094,100994.512,100812,101184,101873.06,101746,101999,114,500
150000,0.015,365,0.618326164887495,0.616050687320708,0.619688175094421,0.110436512090443,0.633333115238912,94486.522,16880,96798,151490.278,151283,151720,152810.25,152654,152968,60,500
2e+05,0.015,365,0.619619655630464,0.619289956335092,0.619979176084357,0.605868004260144,0.629428368063226,126245.71,123445,128224,201987.618,201746,202187,203747.118,203570,203929,20,500
250000,0.015,365,0.619689987364778,0.619377824688586,0.619994882942435,0.607387162390343,0.631557039073238,157825.086,154676,160826,252484.962,252235,252714,254683.928,254481,254885,13,500
3e+05,0.015,365,0.619593658292341,0.619286340904229,0.619898526114642,0.60986494267916,0.629684642388591,189360.77,186404,192465,302981.306,302695,303249,305620.888,305395,305847,4,500
350000,0.015,365,0.619777367608346,0.619457315460422,0.620072467724671,0.609878890889611,0.631927393405312,220986.494,217413,225454,353478.384,353164,353741,356557.846,356306,356786,2,500
4e+05,0.015,365,0.61980160712944,0.619501916751666,0.620095407652629,0.610242075606907,0.633351812513185,252566.074,248659,258196,403976.24,403652,404275,407494.982,407241,407756,0,500
450000,0.015,365,0.619877928631483,0.619620006412508,0.620147523105542,0.608964319834577,0.629637064221785,284171.46,279187,288574,454472.262,454128,454772,458431.328,458153,458701,2,500
5e+05,0.015,365,0.619695925846337,0.619447025954837,0.61997126450694,0.611531445200893,0.627576624085192,315653.684,311423,319771,504969.972,504581,505276,509368.598,509085,509644,0,500
550000,0.015,365,0.619760988155624,0.619506129006222,0.62000586958494,0.611458827981905,0.627192324721139,347255.182,342516,351313,555465.95,555084,555809,560305.026,559998,560587,0,500
6e+05,0.015,365,0.619875869312815,0.61962918611247,0.620121805987163,0.610930892613223,0.628170755845052,378889.528,373459,384019,605955.904,605553,606420,611234.5,610927,611598,0,500
650000,0.015,365,0.619862101895611,0.619626671875213,0.620106453365357,0.61173704808726,0.627712186486046,410454.4,405151,415553,656451.8,656048,656794,662170.542,661853,662507,0,500
7e+05,0.015,365,0.619710229612672,0.619481098739719,0.619926701323638,0.612207807870133,0.626564754076527,441918.796,436566,446923,706946.524,706572,707320,713105.516,712775,713421,0,500
750000,0.015,365,0.619877851278135,0.619648735644976,0.620093240267709,0.61304419525066,0.627513677652418,473611.616,468405,479433,757440.46,756994,757943,764040.228,763610,764401,0,500
8e+05,0.015,365,0.619805365772061,0.619567765238624,0.620019861671301,0.611634284452243,0.628720344016769,505129.64,498485,512309,807940.978,807542,808361,814981.086,814595,815333,0,500
850000,0.015,365,0.619851953277378,0.619634879723348,0.620090187065216,0.611949726205516,0.628006172311914,536743.356,529935,543729,858443.53,857938,858935,865921.82,865359,866361,0,500
9e+05,0.015,365,0.619722018917294,0.619486984955546,0.61994566255654,0.612126321023951,0.626308098322755,568198.334,561318,574312,908941.44,908479,909457,916859.996,916508,917305,0,500
950000,0.015,365,0.619746536712031,0.619543348576979,0.619954320329042,0.613465455398469,0.627826460809614,599783.362,593645,607483,959429.328,958915,959946,967788.162,967329,968145,0,500
1e+06,0.015,365,0.61979570633152,0.619578564086875,0.619996622273034,0.612126536922964,0.62703856089575,631407.218,623558,638862,1009935.76,1009505,1010407,1018734.452,1018329,1019180,0,500
1100000,0.015,365,0.619904016795036,0.619699267259944,0.620097667437369,0.61406559948744,0.626566847706776,694667.628,688152,702134,1110926.214,1110453,1111487,1120605.136,1120173,1121097,0,500
1200000,0.015,365,0.619718141588276,0.619526851794078,0.619921552937833,0.613500515764563,0.628618145798178,757594.314,749978,768519,1211924.16,1211334,1212450,1222482.05,1221943,1222959,0,500
1300000,0.015,365,0.619730719196166,0.619528231599173,0.619934112239322,0.613586091742482,0.626406596551748,820740.996,812488,829492,1312913.112,1312375,1313522,1324350.988,1323923,1324706,0,500
1400000,0.015,365,0.619720023651936,0.61951184214161,0.619903294276311,0.613680124419588,0.625588628771922,883863.532,875195,892212,1413912.974,1413438,1414623,1426230.412,1425726,1426702,0,500
1500000,0.015,365,0.619758411907869,0.619555879456314,0.619947271978221,0.613418649535362,0.627072045570114,947053.166,937281,958178,1514902.334,1514285,1515431,1528100.57,1527492,1528644,0,500
1600000,0.015,365,0.619884053368791,0.619709570327331,0.620049804156362,0.613428006195654,0.62535469815149,1010399.616,999995,1019270,1615901.032,1615295,1616637,1629981.628,1629484,1630504,0,500
1700000,0.015,365,0.619765987694258,0.619588913139725,0.619958391904692,0.612853924332164,0.62528351576287,1073340.992,1061425,1083158,1716887.544,1716252,1717512,1731848.866,1731273,1732413,0,500
1800000,0.015,365,0.619731278091984,0.619554779749938,0.619903662901613,0.615092203964263,0.624449271339423,1136416.404,1128086,1145057,1817886.296,1817278,1818547,1833724.5,1833263,1834357,0,500
1900000,0.015,365,0.619829910766698,0.619654537805332,0.619984922592982,0.61478042578298,0.624834585086951,1199737.572,1189902,1209233,1918869.356,1918148,1919440,1935591.586,1935001,1936037,0,500
2e+06,0.015,365,0.619705914205007,0.619541850096673,0.619877032992703,0.614272940178759,0.624645808939503,1262630.35,1251645,1272867,2019867.416,2019175,2020593,2037467.052,2036952,2038130,0,500
2100000,0.015,365,0.61969154782804,0.619525789554522,0.61985962938093,0.61422254543687,0.625648523966697,1325733.326,1314201,1338438,2120867.68,2120231,2121530,2139343.858,2138765,2140026,0,500
2200000,0.015,365,0.619732397192108,0.619555923866383,0.619892230770662,0.615336459453032,0.624617207896661,1388951.826,1379041,1399829,2221859.054,2221086,2222523,2241212.214,2240648,2241777,0,500
2300000,0.015,365,0.61970247006588,0.619536749524062,0.619877787344302,0.614809023613969,0.625678535264205,1452017.504,1440666,1466257,2322851.986,2321972,2323748,2343088.202,2342443,2343670,0,500
2400000,0.015,365,0.619736930393503,0.619572649382031,0.619898687471274,0.615056812953051,0.624363954193659,1515229.204,1503735,1526563,2423844.106,2423041,2424507,2444955.492,2444215,2445601,0,500
2500000,0.015,365,0.619774743556332,0.619617695604761,0.619942546003919,0.614759160916043,0.62454391007809,1578460.664,1565684,1590664,2524838.094,2524054,2525586,2546829.604,2546117,2547382,0,500
