"initpop","omega","ts","mean.propinf.boot","lowCI95.propinf.boot","highCI95.propinf.boot","min.propinf","max.propinf","mean.inf","min.inf","max.inf","mean.curpop","min.curpop","max.curpop","mean.alltimepop","min.alltimepop","max.alltimepop","zeroevent","N"
10000,440,1825,0.400134280179826,0.380091556855789,0.41775784673552,9.03342366757001e-05,0.531090444930708,4383.89308176101,1,5827,10558.5157232704,10425,10690,10956.8490566038,10871,11070,318,318
20000,440,1825,0.473273128705319,0.459771125743021,0.485991079382845,4.53802868034126e-05,0.603573064590014,10371.8769931663,1,13176,21116.3075170843,20960,21315,21914.6104783599,21766,22073,439,439
30000,440,1825,0.509528533524032,0.499890885664993,0.518793004671046,3.03573054855651e-05,0.613362108270768,16748.5327868852,1,20179,31671.8360655738,31490,31891,32870.7930327869,32698,33053,488,488
40000,440,1825,0.545932500718563,0.535123953375662,0.554965914296175,2.2806577416927e-05,0.645167904497198,23926.1757575758,1,28319,42225.2666666667,41979,42474,43827.004040404,43608,44029,494,495
50000,440,1825,0.575964344000206,0.572117285155104,0.579569239909463,3.64803735590252e-05,0.650370181261169,31555.1305220884,2,35665,52781.1044176707,52507,52984,54786.313253012,54548,55015,488,498
60000,440,1825,0.595258434060502,0.590960982621115,0.599242111751411,3.04316732855556e-05,0.659622446025627,39134.6184738956,2,43399,63336.4558232932,63072,63590,65743.59437751,65500,66008,480,498
70000,440,1825,0.607554756289878,0.605257683116626,0.610253287726261,0.477065894808209,0.660577751102529,46600.09,36590,50651,73891.92,73600,74177,76700.962,76423,76960,439,500
80000,440,1825,0.617806209902483,0.615425246719185,0.620153136786251,0.521920620437956,0.663206761642961,54155.92,45762,58144,84446.312,84164,84741,87658.264,87389,87943,423,500
90000,440,1825,0.625110243849844,0.621275040759393,0.628111213717229,2.02425052124451e-05,0.668806539288467,61645.336,2,65947,95000.522,94646,95310,98615.592,98290,98933,376,500
1e+05,440,1825,0.630705809917812,0.628531289446835,0.632851729081616,0.545113949960707,0.666389783940193,69108.26,59654,73005,105555.424,105195,105889,109572.602,109251,109888,362,500
150000,440,1825,0.651136285148492,0.649565733283685,0.652649314121694,0.575198130090209,0.690565532843963,107020.332,94497,113549,158324.524,157874,158713,164359.536,163976,164784,221,500
2e+05,440,1825,0.660686919988232,0.659524238476383,0.661888529366214,0.597670283578007,0.693100992485597,144787.49,131093,151821,211094.926,210629,211566,219146.966,218691,219613,133,500
250000,440,1825,0.664624333468533,0.663466353423482,0.665808938367877,0.605613753330657,0.693736600474074,182063.266,165920,189943,263863.918,263253,264379,273934.01,273435,274451,109,500
3e+05,440,1825,0.670054863964976,0.668983070507851,0.671098921353377,0.624244046677456,0.697533944775456,220261.798,205204,229225,316647.39,316005,317205,328722.306,328158,329282,66,500
350000,440,1825,0.671709646896951,0.670660836877934,0.672681204251674,0.617478558595207,0.695289082577894,257607.504,236795,266756,369424.232,368739,370084,383510.186,382919,384156,61,500
4e+05,440,1825,0.674388799403462,0.673552627605781,0.675361188568305,0.632490502186891,0.696913719614403,295582.448,277361,305589,422198.794,421483,422862,438297.03,437637,438981,47,500
450000,440,1825,0.675591483659639,0.674672816646784,0.676537647334208,0.638172748646439,0.699395724430867,333124.014,314593,344793,474973.34,474210,475681,493085.104,492416,493787,29,500
5e+05,440,1825,0.677691413543517,0.676818422644153,0.678620666244866,0.64559223201868,0.695397359754039,371288.184,354179,381116,527746.254,526903,528543,547872.276,547153,548614,17,500
550000,440,1825,0.678213900990515,0.677329878057828,0.679080253685798,0.6396148236157,0.698329062699538,408731.74,385453,421061,580517.988,579646,581331,602659.322,601911,603459,25,500
6e+05,440,1825,0.678822779379406,0.677937809090632,0.679674705941754,0.622646331334483,0.698030681163189,446287.88,409314,458981,633291.226,632446,634074,657443.698,656643,658149,16,500
650000,440,1825,0.681089933309988,0.680327039795833,0.681874738282271,0.647769702111879,0.697504950939731,485090.804,461133,496966,686057.084,685277,687049,712227.282,711507,712971,13,500
7e+05,440,1825,0.679799792095944,0.678950966395342,0.680631567351916,0.649625194437713,0.695502731364353,521421.166,498396,533589,738842.192,737681,739778,767021.918,766079,768093,12,500
750000,440,1825,0.681000816726779,0.680274745008676,0.681765515459787,0.655793931887339,0.697994670300921,559647.554,538999,573619,791605.866,790626,792907,821801.826,820968,822770,15,500
8e+05,440,1825,0.681794993440266,0.68101119823869,0.682634135421029,0.655720108184196,0.6991641547973,597663.492,574839,613053,844391.234,843573,845207,876603.264,875823,877561,11,500
850000,440,1825,0.682082182746606,0.681285465377203,0.682851977139749,0.657441868955757,0.697683882744551,635283.15,612248,649753,897163.862,896394,898272,931388.162,930483,932199,4,500
9e+05,440,1825,0.68243248105421,0.681675490959287,0.683160727072344,0.65810406546937,0.696545541392554,672997.932,648963,686835,949935.628,948859,951234,986174.972,985352,987224,5,500
950000,440,1825,0.682751762717921,0.681980127304892,0.683486395517079,0.655154554478183,0.696108179863046,710709.238,681820,724705,1002693.914,1001566,1003963,1040947.99,1039931,1041903,3,500
1e+06,440,1825,0.683011080355149,0.682339886487465,0.683734490579609,0.657136832150092,0.69769541667009,748408.604,719852,764213,1055481.154,1054470,1056719,1095749.104,1094798,1096774,2,500
1100000,440,1825,0.683831517585425,0.683080643253536,0.684516957148604,0.661437918256321,0.696914635795601,824223.804,797175,839971,1161005.498,1159970,1162365,1205302.25,1204374,1206242,0,500
1200000,440,1825,0.684287302951161,0.683528944810228,0.68494859978721,0.660470852478237,0.698616795371932,899759.696,868644,918876,1266558.12,1265333,1267663,1314885.66,1313816,1315911,0,500
1300000,440,1825,0.684788783347045,0.684112518437496,0.685417128905736,0.659391622118774,0.698293482777597,975445.528,939548,994828,1372093.606,1370670,1373172,1424447.212,1423406,1425446,0,500
1400000,440,1825,0.684920854933688,0.684324575313448,0.68552385966285,0.659804963267647,0.695225029553814,1050680.704,1012187,1066542,1477635.346,1476375,1478967,1534017.69,1532983,1535169,1,500
1500000,440,1825,0.685783818765594,0.685191357015757,0.686328210585635,0.662794455321177,0.69889597034346,1127155.674,1089078,1148906,1583187.344,1581852,1584385,1643601.958,1642452,1644656,1,500
1600000,440,1825,0.685805043875743,0.68521871756899,0.686429261477591,0.663237357166778,0.69676042949301,1202329.112,1162543,1221127,1688721.354,1687233,1689833,1753164.216,1752082,1754300,0,500
1700000,440,1825,0.685490557008991,0.684889295624458,0.686083137343526,0.663969869750561,0.696909683785342,1276885.61,1236697,1298149,1794263.308,1792719,1795606,1862732.216,1861464,1864128,0,500
1800000,440,1825,0.685658614600873,0.685085673718571,0.686249825710277,0.665092988752951,0.697389797740119,1352324.984,1312144,1375782,1899805.562,1898414,1901310,1972301,1971064,1973528,1,500
1900000,440,1825,0.685624390300451,0.685003975125553,0.686172410771804,0.662476705766886,0.695862798035169,1427394.516,1379672,1448794,2005366.93,2003898,2006810,2081890.014,2080511,2083240,1,500
2e+06,440,1825,0.686253362051891,0.685733115652167,0.686800596066031,0.667859394660508,0.696385229837896,1503905.042,1463877,1525826,2110914.968,2109305,2112470,2191471.992,2190057,2193186,0,500
2100000,440,1825,0.686352160909735,0.68584328459491,0.686840683069333,0.666196856325799,0.696043604638533,1579325.272,1532667,1602007,2216457.008,2214477,2218111,2301042.326,2299750,2302372,0,500
2200000,440,1825,0.685994453420215,0.685404794317262,0.68653759284015,0.662515140814241,0.69730276234525,1653670.844,1596580,1681471,2322003.388,2320498,2323838,2410618.164,2409270,2412527,0,500
2300000,440,1825,0.685238001707183,0.684644225923465,0.685819573421349,0.663571417516967,0.69595188745049,1726927.102,1672194,1753052,2427538.638,2425501,2429650,2520185.988,2518582,2521573,0,500
2400000,440,1825,0.685860014549443,0.685336464745928,0.686382721000994,0.660550036599393,0.695486363511939,1803649.562,1737131,1829335,2533069.544,2531254,2535112,2629763.532,2628012,2631481,0,500
2500000,440,1825,0.685501890933429,0.684951082426704,0.686017603991248,0.662292460974359,0.695458366810993,1877819.55,1814380,1905131,2638615.968,2637109,2640493,2739335.214,2738010,2740776,0,500
10000,4400,1825,0.224953428791339,0.211596202845468,0.238704341499034,9.03342366757001e-05,0.398022137543096,2464.88364779874,1,4387,10564.2767295597,10458,10690,10957.320754717,10871,11070,318,318
20000,4400,1825,0.36910286481187,0.3572884159213,0.380436253759886,4.53802868034126e-05,0.493482818339258,8089.44419134396,1,10828,21125.1640091116,20938,21315,21915.7107061503,21768,22072,360,439
30000,4400,1825,0.418111603402766,0.410524856501774,0.425824755344609,3.03573054855651e-05,0.479721512829867,13744.1598360656,1,15779,31680.9590163934,31449,31864,32872.2991803279,32698,33052,192,488
40000,4400,1825,0.448305883040752,0.441435015449912,0.454013983977019,2.28195883346264e-05,0.484107411974243,19648.6363636364,1,21201,42239.0383838384,41988,42474,43828.9595959596,43610,44033,75,495
50000,4400,1825,0.456116318167048,0.45307437557384,0.458290198010672,3.64803735590252e-05,0.476485148514851,24990.062248996,2,26180,52799.5080321285,52581,53023,54789,54549,55020,16,498
60000,4400,1825,0.46714134263769,0.464864327445337,0.468535070521254,3.04316732855556e-05,0.487908506685347,30712.9337349398,2,32039,63356.265060241,63078,63646,65746.5381526104,65511,66010,9,498
70000,4400,1825,0.465431736221863,0.463142266174143,0.466727373278901,3.90854016025015e-05,0.48299860548163,35700.524,3,37060,73913.176,73600,74208,76704.178,76428,76961,3,500
80000,4400,1825,0.469038249378262,0.466176015004635,0.471081223372024,3.41993365328713e-05,0.48968120040135,41116.844,3,42947,84468.51,84163,84813,87661.806,87390,87952,3,500
90000,4400,1825,0.471245993518887,0.470799348084689,0.471726204481341,0.454778261046299,0.488258633952792,46474.022,44752,48238,95023.13,94668,95361,98619.434,98298,98932,0,500
1e+05,4400,1825,0.472482647403025,0.472053996504841,0.472934501469047,0.456325672773793,0.485436008637262,51773.13,49938,53280,105579.008,105256,105939,109576.77,109256,109895,0,500
150000,4400,1825,0.475662069331471,0.475276182089866,0.476027765441701,0.463013231731811,0.486554115347852,78182.314,76074,79971,158354.458,157947,158789,164365.354,163988,164787,0,500
2e+05,4400,1825,0.477759958425523,0.47742791749256,0.478088348911178,0.463593994641007,0.490020260650531,104703.868,101560,107385,211148.982,210660,211661,219155.828,218708,219619,0,500
250000,4400,1825,0.478626306644939,0.478282506825354,0.478957580148916,0.468130223730793,0.487447958512892,131117.968,128263,133473,263964.656,263394,264550,273946.524,273444,274461,0,500
3e+05,4400,1825,0.479162890509891,0.478884843581041,0.479421103953282,0.470971628875014,0.488345687280254,157519.012,154782,160424,316776.068,316177,317393,328737.966,328188,329291,0,500
350000,4400,1825,0.47968667538305,0.479407436147115,0.479962512370531,0.469721750517137,0.488806923337591,183973.308,180073,187521,369578.58,368904,370228,383527.988,382942,384167,0,500
4e+05,4400,1825,0.480354567974714,0.480108422306637,0.480623332376586,0.47178408293141,0.490729650744982,210547.816,206983,215116,422375.692,421688,423100,438317.662,437660,438994,0,500
450000,4400,1825,0.480452241402446,0.480212161913373,0.480701065172549,0.470238155566321,0.48999807206421,236914.912,231984,241449,475172.282,474417,475910,493108.202,492443,493810,0,500
5e+05,4400,1825,0.480757757043195,0.480533023870085,0.480976234315246,0.473757420428906,0.488374087278274,263406.146,259530,267671,527966.908,527183,528727,547897.868,547190,548635,0,500
550000,4400,1825,0.481136235354701,0.480925465028468,0.481347539728283,0.473958333333333,0.488374526261945,289975.11,285753,294063,580763.65,579931,581547,602688.202,601939,603483,0,500
6e+05,4400,1825,0.481395498547818,0.481192470101816,0.481615323537862,0.474277853358047,0.489296719852085,316505.592,311574,321751,633557.342,632648,634372,657475.224,656656,658110,0,500
650000,4400,1825,0.481425100872993,0.48122882089731,0.481648254300362,0.475277626427452,0.488081750808285,342900.118,338449,347666,686350.764,685174,687276,712260.548,711399,713077,0,500
7e+05,4400,1825,0.481570193536597,0.481379632447993,0.481765963665591,0.475360160845115,0.489354216616283,369392.81,364577,375550,739154.67,738061,740068,767059.21,766071,767992,0,500
750000,4400,1825,0.481498787861466,0.48130134222779,0.481687823339294,0.473234840336216,0.491250705294083,395715.762,388929,403981,791942.62,790991,793061,821841.504,820749,822634,0,500
8e+05,4400,1825,0.481728172735327,0.481530872117496,0.48192070177672,0.474673931139548,0.488850063749763,422304.118,416271,428656,844751.212,843909,845668,876644.016,875877,877573,0,500
850000,4400,1825,0.481659860164551,0.481475952207833,0.481858954956403,0.474077485229459,0.490329110771932,448633.502,441643,456821,897546.422,896490,898571,931432.314,930493,932382,0,500
9e+05,4400,1825,0.481744782367977,0.481569099993262,0.48192382407438,0.475830834088683,0.487956033439242,475108.196,469311,481313,950341.574,949371,951713,986223.906,985336,987340,0,500
950000,4400,1825,0.481730801441638,0.481556638991748,0.481924673485969,0.475682133349723,0.488449523538642,501480.93,495324,508392,1003123.012,1001944,1004157,1040998.246,1040005,1041883,0,500
1e+06,4400,1825,0.48190246905663,0.48172916792434,0.482087286300978,0.475919224655969,0.488402241731494,528069.34,521597,535346,1055932.25,1054958,1057199,1095801.412,1094933,1096818,0,500
1100000,4400,1825,0.481771189737466,0.481611488621628,0.481939582535877,0.476405592097352,0.488715081203802,580709.172,574437,589169,1161506.252,1160367,1162648,1205362.926,1204413,1206288,0,500
1200000,4400,1825,0.482028900110368,0.481860571175212,0.482206128747607,0.477657755939027,0.48921856972164,633843.192,627873,643228,1267104.4,1265307,1268285,1314948.552,1313600,1315875,0,500
1300000,4400,1825,0.482163333243554,0.481989845153643,0.482327928166071,0.477816540724146,0.488167905430314,686849.862,680567,695416,1372683.974,1371400,1373957,1424517.11,1423393,1425675,0,500
1400000,4400,1825,0.48231953441977,0.482147766555291,0.482480487896124,0.478008346359582,0.488084212723217,739922.714,733270,748360,1478272.42,1477095,1479478,1534092.38,1532920,1535048,0,500
1500000,4400,1825,0.482220417257643,0.482068082503808,0.482381510812211,0.476729310953418,0.488433876841351,792614.132,783333,802871,1583863.534,1582499,1585150,1643676.122,1642572,1645219,0,500
1600000,4400,1825,0.482462502310381,0.482304459656005,0.482634411286399,0.478218772519098,0.488231167986861,845873.804,838164,856128,1689441.054,1688057,1690872,1753242.524,1752109,1754414,0,500
1700000,4400,1825,0.482344093797618,0.482190680537472,0.48250936136409,0.477606902007254,0.488432910559047,898521.436,889945,909571,1795041.152,1793731,1796481,1862822.484,1861735,1864142,0,500
1800000,4400,1825,0.482510527458893,0.48235811930214,0.482665030937527,0.477742451958943,0.488258138953678,951702.204,942014,963159,1900619.734,1898700,1902070,1972396.712,1970911,1973755,0,500
1900000,4400,1825,0.482483622066799,0.482336554207654,0.482614260812067,0.478225410979728,0.487978024754332,1004525.802,995683,1015960,2006227.998,2004510,2007826,2081989.462,2080593,2083452,0,500
2e+06,4400,1825,0.482437380162481,0.482274074512865,0.482576571738593,0.477904411177508,0.487453383386256,1057296.868,1047263,1068342,2111821.148,2110082,2113625,2191573.306,2190241,2193006,0,500
2100000,4400,1825,0.482434807817089,0.482288716487077,0.482583216885321,0.477407372006534,0.488272676511677,1110155.652,1098839,1123679,2217404.718,2215854,2219122,2301151.658,2299703,2302629,0,500
2200000,4400,1825,0.482409992685926,0.482275152631924,0.482545663038831,0.47900469917444,0.487910590566634,1162959.976,1154808,1175926,2322988.076,2321069,2324580,2410729.55,2409019,2412218,0,500
2300000,4400,1825,0.482594319705824,0.482456663321043,0.482731315983577,0.478184463619479,0.487976262418048,1216284.21,1205164,1229809,2428567.58,2426896,2430759,2520303.818,2518917,2522438,0,500
2400000,4400,1825,0.482547688372361,0.482387986121882,0.482694978390882,0.477978409347965,0.487336242217038,1269046.14,1257229,1281745,2534165.266,2532215,2535834,2629887.576,2628540,2631287,0,500
2500000,4400,1825,0.482408919485825,0.48226790185561,0.482545724254701,0.478605151115321,0.487211850754587,1321543.112,1311280,1334372,2639759.002,2638099,2641796,2739466.716,2738088,2741352,0,500
10000,44000,1825,0.0307904461882846,0.0270514938164761,0.0345273320959082,9.03342366757001e-05,0.179021867344161,337.35534591195,1,1973,10567.9779874214,10448,10690,10957.5566037736,10873,11070,318,318
20000,44000,1825,0.0432142885160222,0.0384693587102573,0.0481939700057962,4.53206435531385e-05,0.251042573667568,947.291571753986,1,5478,21138.3120728929,20958,21315,21916.6036446469,21767,22074,439,439
30000,44000,1825,0.0721159782229035,0.0663372907817904,0.0779580435544675,3.03573054855651e-05,0.232562385879489,2370.54918032787,1,7642,31703.1516393443,31460,31898,32873.4795081967,32699,33053,470,488
40000,44000,1825,0.114882563803602,0.107655740777019,0.121672032085675,2.28195883346264e-05,0.2411213247873,5035.39191919192,1,10571,42267.8444444444,42041,42507,43830.5353535354,43617,44037,431,495
50000,44000,1825,0.145381329473338,0.139453116523654,0.151404453125475,1.82238988209137e-05,0.229190214022678,7965.44578313253,1,12572,52833.1084337349,52583,53079,54790.843373494,54556,55026,338,498
60000,44000,1825,0.177965946294849,0.172967050982337,0.183305972697146,3.04316732855556e-05,0.23677218553101,11700.6265060241,2,15595,63396.156626506,63120,63700,65748.7068273092,65517,66011,222,498
70000,44000,1825,0.190770690183469,0.186607651589943,0.194983733457307,0.00280338492430861,0.23114634400751,14633.556,215,17757,73958.866,73654,74238,76706.948,76437,76963,142,500
80000,44000,1825,0.205485598726626,0.202076986218929,0.208709101353781,0.00193813915839157,0.238658281879501,18013.888,170,20911,84523.028,84206,84856,87665.166,87394,87954,78,500
90000,44000,1825,0.207054860412573,0.203676278404095,0.210137661736235,3.03637578186676e-05,0.236216320363441,20420.482,3,23294,95089.226,94740,95444,98623.624,98300,98941,49,500
1e+05,44000,1825,0.214906101753951,0.213292220226296,0.216245897845673,0.00397773925736703,0.2328390140433,23549.726,436,25467,105652.218,105292,106036,109581.16,109260,109900,26,500
150000,44000,1825,0.220390104807096,0.219971009145452,0.220783386757563,0.207856969107273,0.234096150218744,36226.076,34174,38473,158474.746,158064,158944,164372.664,163994,164796,1,500
2e+05,44000,1825,0.223267995075315,0.2229286291768,0.223621144169565,0.21291096077752,0.236484974169,48932.338,46663,51772,211295.402,210803,211810,219164.29,218717,219633,0,500
250000,44000,1825,0.224349113650964,0.224011216186198,0.22470593448118,0.213100213530925,0.236110452238201,61461.694,58382,64703,264119.916,263589,264693,273955.364,273456,274467,0,500
3e+05,44000,1825,0.225882467739538,0.225561509936664,0.226193960073888,0.216631328541139,0.235962127845884,74258.31,71213,77607,316942.534,316310,317567,328747.628,328198,329299,0,500
350000,44000,1825,0.226443542553416,0.226144123519498,0.22676393720236,0.214917733280166,0.238473668434702,86849.948,82462,91494,369765.91,369103,370435,383539.126,382954,384170,0,500
4e+05,44000,1825,0.227242667264867,0.226962025451252,0.227519840525304,0.217558574953592,0.237517416894901,99607.302,95399,104154,422586.83,421884,423316,438330.074,437678,438999,0,500
450000,44000,1825,0.227763050725533,0.227484415388888,0.228048461847092,0.217695638424676,0.236779460309993,112314.988,107391,116773,475412.424,474676,476171,493122.07,492454,493820,0,500
5e+05,44000,1825,0.228238813497093,0.227941762139076,0.228515885121964,0.218262850929762,0.237392376169824,125055.096,119641,130002,528234.01,527448,529040,547913.348,547215,548639,0,500
550000,44000,1825,0.228777720457157,0.228530517099077,0.229037034520406,0.219376078015125,0.236722669002309,137885.51,132275,142704,581058.036,580239,581899,602705.402,601955,603493,0,500
6e+05,44000,1825,0.228797536610363,0.228527900516486,0.229058582111989,0.220832522323058,0.237741596334993,150432.748,145223,156254,633876.58,633026,634743,657492.652,656660,658201,0,500
650000,44000,1825,0.229099880092352,0.228827143069742,0.229361109975207,0.218009392124719,0.236589732967272,163183.652,155195,168472,686696.906,685645,687709,712281.824,711485,713153,0,500
7e+05,44000,1825,0.229278965667227,0.229048846496683,0.22949574134736,0.220259734842609,0.238244706398263,175875.384,168976,182545,739527.004,738356,740636,767080.432,766020,768035,0,500
750000,44000,1825,0.229827174996845,0.229599585463846,0.230056281624617,0.220915628666436,0.236077287446142,188887.112,181702,194073,792341.218,791404,793404,821866.164,820962,822668,0,500
8e+05,44000,1825,0.229818408384656,0.229598988909804,0.230035346998951,0.221772487888528,0.23600277987308,201474.512,194508,206809,845175.342,843983,845976,876668.27,875886,877431,0,500
850000,44000,1825,0.229788787661474,0.229575487174583,0.230002180014854,0.22215267205078,0.237398971107911,214038.372,206909,221088,897996.686,896936,899131,931457.14,930498,932373,0,500
9e+05,44000,1825,0.229817710766859,0.229602033532657,0.230031650261308,0.222529038802942,0.236167980813324,226658.844,219358,232824,950825.506,949360,952331,986254.984,985057,987495,0,500
950000,44000,1825,0.229998818774459,0.22979311449866,0.230202316649146,0.221800610962747,0.23698233948921,239436.112,230890,246637,1003632.762,1002708,1004746,1041031.866,1040120,1042006,0,500
1e+06,44000,1825,0.230235606479563,0.230053118619431,0.230414779991612,0.223148823636695,0.236918808917604,252299.69,244705,259618,1056465.552,1055438,1057731,1095832.976,1094838,1096793,0,500
1100000,44000,1825,0.230395393870396,0.230215794710767,0.230567381827285,0.223695934611307,0.236574266580018,277718.424,269631,285078,1162092.98,1160903,1163113,1205399.274,1204394,1206264,0,500
1200000,44000,1825,0.230437767950959,0.230267338914588,0.230602051832109,0.223799448777698,0.236468603692538,303022.066,294273,310925,1267741.39,1266396,1269070,1314984.54,1313865,1316045,0,500
1300000,44000,1825,0.230578248329232,0.230410606005357,0.230734924970908,0.22316408566606,0.23682806380998,328472.09,317972,337327,1373378.4,1372018,1374754,1424558.178,1423376,1425790,0,500
1400000,44000,1825,0.230565770211836,0.230416033762197,0.23070790626239,0.225748597042433,0.236672736017142,353719.332,346349,363171,1479018.03,1477673,1480303,1534136.388,1533214,1535148,0,500
1500000,44000,1825,0.230679412054963,0.230510837917907,0.230834754367843,0.22461196138866,0.235431154592635,379172.552,369256,386957,1584663.292,1583173,1586086,1643720.736,1642378,1645046,0,500
1600000,44000,1825,0.230650144214718,0.230496780635646,0.230795223378298,0.225126267810947,0.238550076502957,404396.394,394740,418304,1690292.242,1688971,1691820,1753289.254,1751899,1754586,0,500
1700000,44000,1825,0.230559968277256,0.230414931917188,0.230701451124361,0.224002971733107,0.235458865736243,429503.774,417292,438682,1795926.898,1794166,1797380,1862872.346,1861431,1864156,0,500
1800000,44000,1825,0.230680804967032,0.230542940747894,0.23082412111404,0.225689812948838,0.235600870705152,455005.702,445163,464759,1901555.188,1900150,1902992,1972447.27,1971046,1973546,0,500
1900000,44000,1825,0.230642325452298,0.230519271052483,0.23077482149724,0.226125928870912,0.234561710891333,480207.784,470776,488380,2007223.706,2005325,2009474,2082045.386,2080397,2083558,0,500
2e+06,44000,1825,0.230665217458057,0.230533172296162,0.230790928301538,0.226838957312755,0.235745111814673,505534.408,497133,516758,2112885.316,2111364,2114342,2191637.118,2190257,2193311,0,500
2100000,44000,1825,0.230739924076201,0.230616574930664,0.230862120253778,0.226729622611991,0.234756336062054,530982.786,521723,540164,2218531.822,2216884,2219959,2301217.87,2299795,2302589,0,500
2200000,44000,1825,0.230700652903632,0.23057901227984,0.230823224157274,0.227088388480837,0.23515326047874,556172.582,547583,567022,2324159.076,2322604,2326722,2410797.576,2409647,2412728,0,500
2300000,44000,1825,0.230708642903484,0.23059467380312,0.2308273351875,0.225818542538351,0.234673822857299,581471.522,569338,591413,2429794.518,2428025,2431484,2520371.746,2519041,2521908,0,500
2400000,44000,1825,0.230686721504425,0.23056047590073,0.2308145372452,0.227300447653034,0.235031260598263,606696.044,597837,618167,2535450.752,2534052,2536939,2629956.686,2628270,2631446,0,500
2500000,44000,1825,0.230769499337633,0.230650915019792,0.230893207549688,0.226383764982521,0.23534239876208,632202.668,620203,644857,2641098.242,2639379,2643028,2739541.56,2738063,2741185,0,500
10000,440000,1825,0.0287759280188447,0.025270690870285,0.0326674172336139,9.03342366757001e-05,0.175742123474777,315.374213836478,1,1930,10567.9056603774,10453,10690,10957.5880503145,10873,11070,318,318
20000,440000,1825,0.0314475117020878,0.0278527933410686,0.0350616387981319,4.53802868034126e-05,0.19091116693309,689.359908883827,1,4180,21138.6013667426,20961,21315,21916.6218678815,21767,22074,439,439
30000,440000,1825,0.0312989188701095,0.0282028019926982,0.034890470979647,3.03573054855651e-05,0.160867326852609,1028.92008196721,1,5312,31706.4282786885,31462,31887,32873.6516393443,32699,33053,488,488
40000,440000,1825,0.0387068857786839,0.0348174677735763,0.0427885508278201,2.28430454348174e-05,0.199940514322321,1696.39191919192,1,8739,42274.6888888889,42031,42499,43830.8565656566,43617,44037,495,495
50000,440000,1825,0.0394783810936888,0.0353848518798716,0.0435419914136175,1.82238988209137e-05,0.189379433594106,2163.26706827309,1,10385,52843.8313253012,52581,53090,54791.4136546185,54556,55026,496,498
60000,440000,1825,0.0470242598482197,0.0425971450508351,0.0516462209230928,3.04316732855556e-05,0.196839845950101,3091.55020080321,2,12931,63411.4819277108,63129,63731,65749.3734939759,65518,66010,484,498
70000,440000,1825,0.0465427839205355,0.0416770217518045,0.0512235382894272,0.00042922362550889,0.188504938368123,3570.144,33,14467,73980.228,73667,74272,76707.878,76437,76965,483,500
80000,440000,1825,0.0538630213301015,0.0489558554443252,0.059005165114099,6.84298764840729e-05,0.193665941624626,4722.202,6,17006,84548.994,84227,84864,87666.366,87396,87955,478,500
90000,440000,1825,0.0646309692403723,0.0586681558732211,0.0706003087132964,0.000588778690271955,0.193049801987218,6374.328,58,19060,95114.944,94763,95451,98624.76,98303,98941,453,500
1e+05,440000,1825,0.0705656600683267,0.0638969766895193,0.0764752817793841,0.00080375573132638,0.193347686469129,7732.85,88,21194,105681.182,105324,106086,109582.378,109261,109902,435,500
150000,440000,1825,0.0953065602301284,0.0887384461602671,0.102094198175004,0.000924804847924361,0.190268607351743,15665.628,152,31313,158515,158086,158950,164374.432,163994,164798,345,500
2e+05,440000,1825,0.109785021643604,0.102860663080507,0.116392531805853,0.000821272790319931,0.19079502488016,24060.59,180,41832,211345.564,210824,211922,219166.586,218719,219633,261,500
250000,440000,1825,0.125199226590074,0.118517576046846,0.131317288306732,0.00107923636734872,0.185628567567864,34299.114,296,50829,264174.376,263596,264750,273957.818,273458,274468,184,500
3e+05,440000,1825,0.139638938715318,0.134004278441069,0.145401476432406,0.000988842810504249,0.183642191177633,45907.288,325,60390,317000.536,316379,317615,328750.364,328206,329311,119,500
350000,440000,1825,0.145931560959922,0.13999363559139,0.151570443106704,0.00101969231892638,0.183645857501492,55971.478,391,70446,369826.946,369183,370441,383541.938,382955,384170,95,500
4e+05,440000,1825,0.154408804860298,0.149733892125887,0.15875046773193,0.00125738801031469,0.184662494095957,67682.562,551,80930,422652.07,421913,423347,438333.308,437696,438998,62,500
450000,440000,1825,0.15994009322331,0.155742117843546,0.16373640546476,0.00110921847751146,0.187283670408949,78870.652,547,92417,475477.222,474727,476213,493125.184,492455,493821,40,500
5e+05,440000,1825,0.164289404430337,0.160966396754668,0.16749686628301,0.00109513431822413,0.182942120161851,90017.522,600,100236,528302.196,527469,529094,547916.844,547217,548645,27,500
550000,440000,1825,0.164234781230488,0.160645995049865,0.167468445229713,0.00121140312010979,0.182059939642035,98985.876,730,109674,581134.416,580300,581944,602709.236,601958,603491,25,500
6e+05,440000,1825,0.163499093982238,0.160073507736168,0.166730698156406,0.00129730486055874,0.181162328915,107500.922,853,119153,633962.226,633096,634899,657497.734,656809,658215,27,500
650000,440000,1825,0.166328667167438,0.162859403550464,0.168898560966959,0.00137047661975312,0.181855458739108,118473.29,976,129502,686786.202,685903,687788,712286.466,711585,713221,19,500
7e+05,440000,1825,0.169907878869748,0.167946299400829,0.171619409544229,0.00111265465312698,0.181918469855858,130334.732,853,139510,739617.44,738492,740516,767085.296,766071,767843,8,500
750000,440000,1825,0.169960220449225,0.167965336829867,0.171648983143709,0.00133175711669111,0.180819435915831,139685.12,1095,148705,792441.616,791445,793456,821871.176,821034,822780,8,500
8e+05,440000,1825,0.170423090834272,0.168468904128752,0.172040712885034,0.00123440451960901,0.179779844186543,149405.606,1082,157644,845280.656,844303,846115,876673.562,875869,877452,7,500
850000,440000,1825,0.172006940288421,0.170564275367252,0.173061757575901,0.00119959784501582,0.181241067392264,160217.984,1118,168786,898104.968,896944,899187,931463.124,930529,932410,3,500
9e+05,440000,1825,0.171435652618873,0.170028759210877,0.172589287811863,0.00139163598373044,0.180142650518393,169080.154,1372,177730,950939.414,949700,952394,986260.328,985239,987408,4,500
950000,440000,1825,0.172277067971209,0.171176618897438,0.173071040588845,0.00130850219219718,0.180645843039872,179346.984,1363,188046,1003754.092,1002762,1004723,1041038.372,1040229,1041972,2,500
1e+06,440000,1825,0.172607411312002,0.17179700162428,0.173133636925284,0.00145862941776224,0.180097831641965,189149.99,1598,197344,1056588.334,1055551,1057767,1095839.06,1094756,1096782,1,500
1100000,440000,1825,0.172286530941908,0.17117248265114,0.173055123229668,0.00143605492827188,0.180103542315743,207674.386,1732,217010,1162229.772,1161137,1163397,1205403.624,1204542,1206304,2,500
1200000,440000,1825,0.173374530700371,0.173139387315825,0.173602760537119,0.163571920243696,0.181346508030898,227986.488,215057,238479,1267893.5,1266261,1269294,1314994.212,1313883,1316079,0,500
1300000,440000,1825,0.173244300227568,0.173011674226638,0.173456744831561,0.164292290869404,0.181685406900889,246797.476,233933,258871,1373538.6,1372082,1374683,1424563.502,1423367,1425584,0,500
1400000,440000,1825,0.173210833276353,0.172983639851874,0.173435729146972,0.165231595902158,0.180744598677413,265730.644,253381,277283,1479194.746,1477888,1480744,1534145.35,1533189,1535207,0,500
1500000,440000,1825,0.173397498019018,0.173197401027465,0.173597514840387,0.165873635206339,0.179973635272526,285019.2,272715,295852,1584857.18,1583331,1586429,1643732.876,1642253,1644979,0,500
1600000,440000,1825,0.173382493276422,0.17315463965479,0.173597066622141,0.165712366442162,0.181392353583042,303991.648,290600,318010,1690483.518,1689338,1692080,1753300.966,1751978,1754604,0,500
1700000,440000,1825,0.17346856897555,0.173246269728337,0.173680488975012,0.164548659066352,0.179759739458421,323151.418,306553,335038,1796144.25,1794931,1797382,1862881.54,1861688,1864146,0,500
1800000,440000,1825,0.173378543413502,0.173176922572494,0.173586472658931,0.167103271877369,0.180673291298251,341982.16,329597,356403,1901786.46,1900290,1903092,1972459.714,1971122,1973872,0,500
1900000,440000,1825,0.173347322697997,0.17315617274285,0.173548730320806,0.166786596431697,0.179559495224336,360918.462,347212,373977,2007452.77,2006063,2008830,2082053.846,2080840,2083449,0,500
2e+06,440000,1825,0.173393027996143,0.173198567450881,0.17358247078578,0.163673408682592,0.180572431175617,380016.78,358760,395610,2113128.642,2111628,2114529,2191649.904,2190239,2193128,0,500
2100000,440000,1825,0.173461033960803,0.17327729315422,0.173646319044443,0.166340052927507,0.179621185061196,399174.198,382729,413359,2218775.28,2217031,2220322,2301232.5,2299639,2302607,0,500
2200000,440000,1825,0.17338159906142,0.173180078506097,0.173573243264889,0.16538467918519,0.179246574319717,417990.372,398802,432147,2324419.88,2322555,2326048,2410811.452,2409505,2412197,0,500
2300000,440000,1825,0.173326845248239,0.173146265438798,0.173505068326222,0.166513637205554,0.179953828502353,436851.094,419831,453748,2430072.016,2428459,2431792,2520389.252,2518988,2521649,0,500
2400000,440000,1825,0.173363199250806,0.173183135032742,0.173555176268492,0.167147902888215,0.179629517638096,455939.756,439778,472276,2535744.246,2533886,2537346,2629968.764,2628687,2631310,0,500
2500000,440000,1825,0.17341251914028,0.173227828456583,0.173603406148179,0.167274538894881,0.178618756575724,475072.726,458313,489280,2641387.654,2639616,2642842,2739552.816,2738067,2740982,0,500
10000,440,365,0.417200450656343,0.397609986945439,0.43459199930084,9.7904836498923e-05,0.545276169920534,4250.46226415094,1,5558,10101.7327044025,10058,10150,10187.7044025157,10147,10228,118,318
20000,440,365,0.456552282218118,0.443967731434084,0.468232914687644,4.90027931592101e-05,0.530558146384566,9302.05466970387,1,10808,20200.9293849658,20130,20274,20374.5876993166,20315,20436,49,439
30000,440,365,0.473300217170765,0.464043706408584,0.481786094700022,3.26786706316787e-05,0.526703318279992,14465.0471311475,1,16095,30302.1290983607,30220,30397,30561.8463114754,30487,30638,23,488
40000,440,365,0.479131736239199,0.470632257592435,0.486290442632813,2.45248313917842e-05,0.525822747559959,19524.1232323232,1,21442,40403.6626262626,40308,40513,40749.1333333333,40672,40842,17,495
50000,440,365,0.494770987516305,0.492452696862232,0.49631206548868,3.92395377582452e-05,0.518640673773485,25201.9257028112,2,26418,50504.640562249,50377,50613,50936.6004016064,50835,51030,1,498
60000,440,365,0.495307830029895,0.491994179759916,0.497604546843872,3.27171601504989e-05,0.517789466806064,30275.2570281124,2,31697,60606.8373493976,60482,60733,61124.0883534137,61017,61224,2,498
70000,440,365,0.496398214245318,0.495798095741755,0.497011393830255,0.474493371079407,0.519366591928251,35398.738,33857,37062,70708.258,70563,70850,71311.204,71195,71429,0,500
80000,440,365,0.496720740493029,0.496144520495288,0.497249561311289,0.479036256965412,0.517213859489723,40482.014,39029,42125,80809.6,80656,80959,81498.542,81381,81620,0,500
90000,440,365,0.495413037203155,0.493168651632502,0.496762438013143,2.17893406545518e-05,0.513631704072063,45422.592,2,47099,90912.534,90766,91080,91686.454,91564,91805,1,500
1e+05,440,365,0.496635911063301,0.496081929594772,0.497207502689102,0.475541850393314,0.512521605908234,50593.752,48423,52187,101013.678,100850,101172,101872.93,101746,102000,0,500
150000,440,365,0.4962794418507,0.495876142324982,0.496700246276073,0.482878863214089,0.509875501298633,75836.52,73807,77936,151522.466,151326,151711,152810.122,152654,152968,0,500
2e+05,440,365,0.497027655855951,0.496600897647029,0.49745010376632,0.481988967629218,0.510144657114518,101267.842,98212,103893,202032.494,201793,202254,203746.906,203570,203928,0,500
250000,440,365,0.496989323205708,0.496664828819681,0.497292690104733,0.48818804862243,0.51026704926849,126575.086,124251,129989,252542.058,252277,252804,254683.714,254480,254885,0,500
3e+05,440,365,0.497060430041402,0.496736189594618,0.497388790906677,0.485103012131012,0.507269615526838,151911.974,148198,155015,303052.84,302734,303333,305620.714,305395,305846,0,500
350000,440,365,0.497037046453783,0.496746177933614,0.497329752535429,0.484589698803119,0.506424925682876,177222.322,172842,180581,353562.012,353230,353863,356557.562,356309,356786,0,500
4e+05,440,365,0.496824737355074,0.496547071881858,0.497106436693752,0.487196480996004,0.505997829684224,202453.446,198478,206100,404071.418,403719,404385,407494.72,407241,407755,0,500
450000,440,365,0.497030431613896,0.496776726444072,0.497290846891355,0.487042212346713,0.505632828977933,227854.166,223247,231819,454580.208,454215,454912,458430.982,458155,458699,0,500
5e+05,440,365,0.496988416986525,0.49673399125276,0.497241509074128,0.488370175021748,0.504748012745131,253150.03,248703,257104,505088.402,504704,505440,509368.058,509083,509643,0,500
550000,440,365,0.497113404189538,0.496881955792295,0.497363583728869,0.489095972923257,0.506233198744792,278534.944,274129,283605,555598.096,555218,555952,560304.654,559999,560589,0,500
6e+05,440,365,0.497165448495228,0.496939916028853,0.497411518344938,0.49018513821963,0.504118074370754,303884.518,299584,308121,606099.654,605628,606479,611234.192,610857,611519,0,500
650000,440,365,0.497146824371122,0.496926064419809,0.497356042083471,0.488629155515819,0.506546571939812,329195.786,323537,335463,656607.428,656216,656960,662170.204,661828,662506,0,500
7e+05,440,365,0.49715636180583,0.496952609586392,0.497354255654763,0.488873089128877,0.50424041453103,354524.968,348611,359474,707116.082,706753,707484,713105.588,712699,713421,0,500
750000,440,365,0.497285099476599,0.497072255300268,0.497489209320352,0.490765461569872,0.505624448615551,379945.33,374988,386290,757620.442,757144,758068,764039.246,763711,764422,0,500
8e+05,440,365,0.497253296969107,0.497057612041248,0.497465942508468,0.490344923187519,0.504183997742359,405252.164,399713,410936,808134.928,807713,808549,814981.324,814605,815391,0,500
850000,440,365,0.497219939671993,0.497013934304009,0.497403446909445,0.490664449141286,0.505900275696547,430553.306,424832,438012,858646.784,858195,859102,865921.268,865417,866302,0,500
9e+05,440,365,0.497278867437427,0.497065414200058,0.497481011762303,0.490228858455854,0.5045862053922,455935.196,449533,462645,909157.738,908655,909779,916860.198,916488,917362,0,500
950000,440,365,0.49738168187052,0.497185541725262,0.497569099963316,0.490940462353093,0.503676607353215,481360.178,475169,487428,959657.944,959182,960163,967788.354,967400,968182,0,500
1e+06,440,365,0.497388015979828,0.497213121426148,0.497567917454933,0.491951074465809,0.504452576526205,506705.782,501171,513904,1010174.918,1009655,1010811,1018733.404,1018385,1019168,0,500
1100000,440,365,0.49745588702004,0.497270572416439,0.497639324355451,0.492301721830672,0.504669928090425,557450.854,551821,565520,1111188.794,1110740,1111745,1120603.584,1120181,1121090,0,500
1200000,440,365,0.497387467209314,0.497215842840682,0.497559466303827,0.490277584612993,0.502781577448933,608047.55,599281,614564,1212211.998,1211693,1212708,1222482.674,1222074,1222860,0,500
1300000,440,365,0.497496540406854,0.497323279076125,0.497675767403173,0.490786251454574,0.503513198845696,658859.126,649934,666870,1313223.89,1312686,1313759,1324349.128,1323967,1324748,0,500
1400000,440,365,0.49756461291571,0.497399843696807,0.497739432525509,0.490753312256823,0.503034654017192,709640.392,699773,717507,1414246.492,1413632,1414806,1426227.59,1425662,1426662,0,500
1500000,440,365,0.497595995057832,0.497443507631048,0.497751914321512,0.492270822576096,0.501874075474636,760377.304,752210,767108,1515262.394,1514616,1515865,1528101.708,1527616,1528673,0,500
1600000,440,365,0.497650825562732,0.497494191139822,0.497790194946743,0.492841130646145,0.502618282828531,811161.274,803334,819306,1616286.17,1615784,1616869,1629980.76,1629535,1630562,0,500
1700000,440,365,0.49757414694632,0.497434662276214,0.497727572413148,0.492378708078852,0.503321135052179,861722.538,852698,871721,1717296.718,1716638,1718081,1731847.47,1731213,1732416,0,500
1800000,440,365,0.497669332545541,0.497535051767762,0.497793744830246,0.491666512161046,0.50226864535229,912587.292,901621,920896,1818317.596,1817744,1818931,1833722.166,1833209,1834214,0,500
1900000,440,365,0.497725788756524,0.497599604762818,0.497844719445269,0.493192205047653,0.501785574992342,963392.892,954502,971352,1919328.378,1918466,1919928,1935589.68,1934949,1936122,0,500
2e+06,440,365,0.497683725631068,0.497548787657558,0.497809692658569,0.493080929951288,0.502164015596226,1014013.618,1004538,1023117,2020350.288,2019702,2021118,2037465.894,2036964,2038106,0,500
2100000,440,365,0.497711727605946,0.497579969432824,0.497847774356827,0.492436465751427,0.502337716737266,1064775.972,1053556,1074527,2121369.172,2120681,2122167,2139342.758,2138800,2139972,0,500
2200000,440,365,0.49773374378633,0.497624457345301,0.497846265668733,0.491700330255647,0.501964487071422,1115525.74,1102045,1124924,2222378.822,2221713,2223027,2241209.816,2240606,2241820,0,500
2300000,440,365,0.497793447761203,0.49767654107037,0.497913203036892,0.493824462622826,0.502190128036285,1166373.162,1157008,1176753,2323401.088,2322686,2324295,2343086.614,2342445,2343648,0,500
2400000,440,365,0.497759145461216,0.497639133655165,0.497874054846352,0.492647061831274,0.501939011036881,1216998.468,1204359,1227142,2424411.706,2423676,2425139,2444954.51,2444290,2445528,0,500
2500000,440,365,0.49777146061688,0.497658601123972,0.497886037535371,0.494325597832489,0.501711016986089,1267737.672,1258899,1277723,2525432.98,2524658,2526202,2546826.752,2546209,2547490,0,500
10000,4400,365,0.135462815610463,0.12939909098752,0.141775208501769,9.7904836498923e-05,0.191740412979351,1380.04088050314,1,1950,10108.5974842767,10066,10153,10187.786163522,10147,10228,67,318
20000,4400,365,0.141004122718253,0.137217580865247,0.145540188863071,4.90051945506224e-05,0.177564604541895,2872.92938496583,1,3628,20216.9658314351,20149,20287,20374.7927107062,20315,20436,39,439
30000,4400,365,0.14357906210795,0.140972484425568,0.146049911717394,3.26786706316787e-05,0.170092295607776,4388.0881147541,1,5197,30325.0081967213,30252,30408,30562.1475409836,30487,30639,18,488
40000,4400,365,0.14559888637496,0.143410177568279,0.147540705093428,2.45314493180257e-05,0.164999509659704,5933.07070707071,1,6730,40433.7090909091,40342,40535,40749.4787878788,40672,40842,13,495
50000,4400,365,0.146653523740516,0.145651419532775,0.147490322676112,3.92395377582452e-05,0.163254901960784,7470.0983935743,2,8326,50541.5562248996,50415,50645,50937.1104417671,50835,51032,2,498
60000,4400,365,0.147678351043858,0.146904131932232,0.148265849507246,3.27171601504989e-05,0.165027733691117,9026.79919678715,2,10086,60649.1285140562,60540,60762,61124.6847389558,61017,61224,1,498
70000,4400,365,0.145877154500452,0.145116765086816,0.146498267055539,4.2081048098638e-05,0.163922480837409,10402.778,3,11698,70756.236,70622,70886,71311.87,71195,71429,1,500
80000,4400,365,0.145774636678132,0.144779616853123,0.146556323783216,3.68211107701749e-05,0.15968853244249,11880.556,3,13002,80862.706,80720,80997,81499.266,81381,81622,2,500
90000,4400,365,0.145566144262352,0.145233171674519,0.145878926329575,0.133355137639684,0.158251399513308,13346.562,12232,14502,90970.388,90827,91101,91687.28,91566,91805,0,500
1e+05,4400,365,0.145730895886832,0.145410269866675,0.146051077154369,0.132557067323256,0.159584179992343,14846.154,13513,16257,101076.38,100913,101212,101873.824,101746,102000,0,500
150000,4400,365,0.144231906747999,0.143972009639674,0.144477960711441,0.135119215137017,0.152081874636007,22040.262,20645,23241,151615.648,151430,151776,152811.382,152655,152968,0,500
2e+05,4400,365,0.143778749633399,0.143561883046819,0.144007248916507,0.13696303205852,0.151981578585597,29294.72,27898,30955,202160.678,201948,202372,203748.64,203571,203930,0,500
250000,4400,365,0.143124126160606,0.142913910859521,0.143331251783613,0.136558616030043,0.151710030898733,36451.7,34764,38641,252712.632,252475,252945,254685.942,254488,254887,0,500
3e+05,4400,365,0.143139231491503,0.142956489283737,0.14333314675097,0.137365369766924,0.14884925709464,43746.688,41986,45512,303258.612,302992,303510,305623.432,305396,305848,0,500
350000,4400,365,0.142769929255179,0.142607093223187,0.142954867424042,0.136897348727097,0.150180539852033,50906.162,48805,53529,353802.152,353501,354079,356560.762,356311,356792,0,500
4e+05,4400,365,0.142834122195841,0.142687408189282,0.142989159982654,0.137132085845,0.149761986553467,58204.662,55872,61034,404346.204,404031,404647,407498.302,407243,407758,0,500
450000,4400,365,0.142653419559556,0.142494456276177,0.142800621556562,0.138029275103074,0.149459656928496,65397.364,63274,68528,454889.09,454542,455206,458435.274,458157,458702,0,500
5e+05,4400,365,0.14253990976518,0.142402587265935,0.142674517902919,0.137816812359118,0.147725600026692,72605.948,70189,75269,505432.928,505064,505762,509372.748,509090,509648,0,500
550000,4400,365,0.142513984048256,0.14238954920163,0.142637404894063,0.137964937324352,0.148209105757816,79851.984,77319,83026,555976.106,555596,556316,560309.786,560003,560595,0,500
6e+05,4400,365,0.14240796065707,0.14227976710486,0.142538244610883,0.138602636232906,0.146517245216572,87045.428,84721,89532,606512.702,606117,606888,611239.882,610867,611548,0,500
650000,4400,365,0.142335623548941,0.142207514344881,0.142455976053117,0.138302820879157,0.147283109506473,94251.238,91575,97497,657055.43,656585,657459,662176.028,661778,662457,0,500
7e+05,4400,365,0.142314735720609,0.14221447293011,0.142425718944699,0.138690400223273,0.146453201555975,101486.114,98890,104439,707596.01,707185,707966,713110.408,712781,713431,0,500
750000,4400,365,0.14222475782848,0.142105031363843,0.142341022730748,0.138924296636366,0.148366402419466,108666.146,106154,113323,758137.094,757606,758533,764045.214,763597,764391,0,500
8e+05,4400,365,0.142162016236355,0.142040492899867,0.14227951158044,0.138363252000201,0.146724015462583,115860.278,112772,119599,808685.254,808295,809084,814987.616,814550,815363,0,500
850000,4400,365,0.142139010873406,0.142031181827365,0.142230732986346,0.138782850549275,0.145410470126681,123082.314,120155,125907,859232.934,858774,859753,865929.154,865595,866321,0,500
9e+05,4400,365,0.142074752767767,0.141965126751345,0.142172622086403,0.138268109200022,0.146573274639746,130263.788,126766,134386,909777.186,909386,910275,916867.89,916509,917293,0,500
950000,4400,365,0.142078921999421,0.14198141646909,0.142179595579615,0.137928896878778,0.145023646732184,137503.67,133500,140352,960312.818,959824,960891,967797.87,967361,968224,0,500
1e+06,4400,365,0.142071450378664,0.141976900036863,0.142167618227581,0.138336270888372,0.146795258779357,144734.276,140963,149544,1010863.668,1010349,1011362,1018742.926,1018167,1019093,0,500
1100000,4400,365,0.142021542933412,0.141924146712976,0.142107532068242,0.138553749206953,0.144852964802233,159151.442,155274,162333,1111948.256,1111453,1112551,1120614.814,1120170,1121161,0,500
1200000,4400,365,0.141986925024771,0.14189939086002,0.142076002500894,0.138748888472592,0.144957577621664,173578.056,169609,177206,1213039.604,1212575,1213734,1222493.238,1222069,1222964,0,500
1300000,4400,365,0.141983238326167,0.141900306520135,0.142068399920926,0.13921317085215,0.145001510345869,188037.286,184371,192011,1314120.402,1313506,1314666,1324362.576,1323920,1324802,0,500
1400000,4400,365,0.142010056384626,0.141931649281564,0.142081538041263,0.139587888852577,0.145376466216548,202540.56,199042,207349,1415211.002,1414684,1415919,1426240.908,1425753,1426681,0,500
1500000,4400,365,0.141979143799711,0.14190543825448,0.142054041752821,0.13930199810502,0.144714569408593,216960.322,212888,221168,1516292.942,1515723,1516870,1528114.032,1527629,1528568,0,500
1600000,4400,365,0.141993900862664,0.141917532063451,0.142072717468845,0.139623988971096,0.144674551130396,231449.272,227573,235801,1617384.276,1616766,1618066,1629994.374,1629484,1630469,0,500
1700000,4400,365,0.141995211253701,0.141919112651307,0.142069262599284,0.139342406770891,0.144788647831057,245916.332,241292,250800,1718470.78,1717976,1719170,1731863.63,1731387,1732348,0,500
1800000,4400,365,0.141972330662393,0.141904120184763,0.142046586587237,0.139651210097434,0.144785292802373,260340.272,256072,265487,1819555.008,1818938,1820326,1833739.558,1833304,1834321,0,500
1900000,4400,365,0.141976266680597,0.141908221999683,0.142041707000074,0.139530259095083,0.144115231014833,274810.388,270137,278948,1920639.106,1919907,1921374,1935607.96,1934892,1936149,0,500
2e+06,4400,365,0.141974377674309,0.141904923422242,0.142042072584455,0.139650282974101,0.144111377309583,289270.602,284582,293609,2021726.87,2021085,2022598,2037484.582,2036887,2038039,0,500
2100000,4400,365,0.141959883020182,0.141890471171171,0.142026288524069,0.139576809101362,0.144366118175019,303703.422,298619,308828,2122814.66,2121860,2123517,2139360.99,2138751,2139991,0,500
2200000,4400,365,0.141960492753273,0.141893058889088,0.142023201871438,0.139859141418536,0.144597979242682,318166.19,313460,324050,2223894.218,2223237,2224630,2241230.49,2240737,2241776,0,500
2300000,4400,365,0.141955099473375,0.141896709615828,0.142015448723754,0.139736729817375,0.143805492895117,332616.236,327487,336982,2324983.604,2324210,2325738,2343108.798,2342467,2343734,0,500
2400000,4400,365,0.141955869239592,0.141896310195513,0.142013644853478,0.13956004533962,0.143776137620503,347078.436,341177,351497,2426064.596,2425365,2426881,2444974.18,2444384,2445744,0,500
2500000,4400,365,0.141950119491544,0.141892850041542,0.142011250463755,0.139936831574161,0.14414128275907,361525.7,356397,367145,2527151.774,2526354,2527931,2546850.288,2546233,2547515,0,500
10000,44000,365,0.0292791574373947,0.0263081544235969,0.0323053120183311,9.7904836498923e-05,0.1,298.298742138365,1,1021,10110.6320754717,10063,10153,10187.8113207547,10147,10228,276,318
20000,44000,365,0.0299686629834007,0.0275526355912659,0.0322641362692114,4.89715964740451e-05,0.0778672427336999,610.630979498861,1,1586,20221.2801822323,20151,20289,20374.8200455581,20315,20436,298,439
30000,44000,365,0.0338686297987611,0.0320564776902441,0.0356838761386364,3.26786706316787e-05,0.0616507874144648,1035.11885245902,1,1883,30331.5860655738,30261,30412,30562.2131147541,30487,30639,211,488
40000,44000,365,0.0399954117442586,0.0382250705534603,0.0417147258086909,2.45314493180257e-05,0.0636131691281095,1629.82626262626,1,2593,40442.1171717172,40351,40542,40749.5414141414,40672,40843,130,495
50000,44000,365,0.0412807256363482,0.0401551014290574,0.0424956711384504,1.96278558530266e-05,0.0570704988515225,2102.75100401606,1,2907,50552.562248996,50440,50657,50937.2269076305,50835,51032,70,498
60000,44000,365,0.044818682480145,0.04383537109113,0.0457390323298242,3.27171601504989e-05,0.0574737083135703,2739.54016064257,2,3514,60662.8393574297,60552,60767,61124.8152610442,61017,61224,38,498
70000,44000,365,0.0440538513296823,0.0433623684854627,0.0446826280544897,0.0030147935216995,0.0567461430575035,3141.566,215,4046,70772.996,70649,70903,71312.048,71196,71429,20,500
80000,44000,365,0.0460989817420503,0.0455026296825653,0.0466130576585556,0.00208573601943415,0.05829425772715,3757.056,170,4749,80882.944,80756,81002,81499.472,81381,81622,11,500
90000,44000,365,0.0444736103547897,0.0438332109578444,0.0450429829865355,3.26840109818277e-05,0.0579718045727619,4077.688,3,5317,90994.57,90849,91120,91687.53,91566,91805,12,500
1e+05,44000,365,0.0462496580786382,0.0459384958444436,0.0465592805154991,0.00428185612570587,0.0551924473493101,4711.644,436,5624,101103.834,100930,101244,101874.084,101746,102000,1,500
150000,44000,365,0.0455373966958827,0.0453014389582011,0.0457637227243159,0.0388987101420808,0.055886277998744,6958.652,5941,8543,151656.612,151470,151824,152811.778,152655,152968,0,500
2e+05,44000,365,0.0467988291239325,0.0465714632832686,0.0470193233144609,0.0393040952600566,0.0544091161156396,9535.222,8011,11087,202207.812,201981,202414,203749.152,203571,203931,0,500
250000,44000,365,0.0461798928155503,0.0460059959338268,0.0463783244809178,0.0405317858250651,0.0530708383221779,11761.39,10323,13519,252760.66,252513,252980,254686.424,254490,254888,0,500
3e+05,44000,365,0.0467647096393194,0.0465882451112079,0.0469370669322794,0.0404967602591793,0.0526329567058346,14292.408,12375,16085,303312.756,303037,303575,305623.984,305397,305848,0,500
350000,44000,365,0.0465342782639932,0.0463633558989423,0.0466957817840846,0.0406660514069158,0.0533012013039843,16592.334,14497,18999,353865.658,353566,354131,356561.446,356311,356792,0,500
4e+05,44000,365,0.046929450759692,0.0467456861085636,0.0470889357896415,0.041009254691768,0.0520084877773553,19123.708,16710,21201,404417.696,404115,404706,407499.016,407243,407760,0,500
450000,44000,365,0.0468582910700597,0.0467012709635892,0.0470197082754317,0.0420491547640078,0.0515322218198161,21481.53,19280,23620,454969.654,454638,455277,458436.054,458157,458703,0,500
5e+05,44000,365,0.0468522685933816,0.0467022000608428,0.0469891941106789,0.0416378836643379,0.0525822886705214,23865.302,21217,26782,505521.708,505174,505857,509373.64,509091,509650,0,500
550000,44000,365,0.0471010274074249,0.0469657535168151,0.047242558907982,0.0425480666295551,0.0533398537196543,26391.206,23847,29886,556073.27,555719,556408,560310.742,560005,560595,0,500
6e+05,44000,365,0.0470035070045507,0.0468583720719188,0.0471401976046622,0.0416614173357178,0.0521520917274808,28730.496,25463,31880,606618.554,606243,607051,611241.244,610895,611536,0,500
650000,44000,365,0.0471668853872325,0.047039841110036,0.0473010260916742,0.0427179275756931,0.0509814995749025,31232.814,28287,33760,657168.63,656719,657571,662176.85,661821,662485,0,500
7e+05,44000,365,0.0471339268619988,0.0469956533758181,0.0472662099364368,0.0431582844385609,0.0512577483213431,33611.778,30776,36558,707719.436,707343,708117,713112.326,712771,713420,0,500
750000,44000,365,0.0472829365140561,0.0471587502713316,0.0474091061859794,0.0430605475959235,0.0513610783928805,36126.416,32898,39245,758268.196,757742,758768,764047.624,763600,764471,0,500
8e+05,44000,365,0.0472671234744534,0.0471528025435321,0.0473942162423928,0.043271478371623,0.0511611929678203,38522.188,35265,41702,808824.502,808423,809270,814989.112,814636,815388,0,500
850000,44000,365,0.0471136490101179,0.0469906044050993,0.0472411109712916,0.0426271086605516,0.0515047231909832,40797.118,36908,44600,859380.45,858924,859783,865929.972,865582,866273,0,500
9e+05,44000,365,0.0471204246560414,0.0470021048193082,0.0472406604564438,0.0434015279432104,0.0513628937800045,43203.286,39790,47097,909934.538,909518,910399,916869.522,916503,917226,0,500
950000,44000,365,0.0472790802259706,0.0471687372121355,0.0473875442432252,0.0430673918613974,0.0509932077935764,45756.66,41682,49355,960478.988,960027,960953,967799.21,967380,968178,0,500
1e+06,44000,365,0.0471806096344136,0.0470659421833556,0.0472957116976665,0.0433784328988946,0.0510315066987074,48064.98,44190,51986,1011038.872,1010513,1011464,1018744.334,1018187,1019102,0,500
1100000,44000,365,0.0472384304567708,0.0471327966942669,0.0473456110320016,0.0438785927438354,0.0508179180770113,52936.194,49170,56946,1112141.46,1111631,1112678,1120617.024,1120219,1121105,0,500
1200000,44000,365,0.0472943405256839,0.0471852072957456,0.0474094527014902,0.0426807269573896,0.0507185979916391,57817.104,52171,62008,1213249.132,1212788,1213821,1222495.454,1222089,1222963,0,500
1300000,44000,365,0.0472971012182168,0.0471940468840187,0.0473973369829925,0.0439469733356291,0.0510691481930395,62638.648,58193,67625,1314348.652,1313772,1314887,1324365.174,1323911,1324817,0,500
1400000,44000,365,0.0473717440791825,0.0472688550858875,0.0474803245788323,0.0434436963526083,0.0512662843039643,67563.642,61970,73117,1415456.298,1414974,1416045,1426243.696,1425754,1426714,0,500
1500000,44000,365,0.0474081502993609,0.0473104664169917,0.0475048553762748,0.0439468110097362,0.0507372152322909,72445.156,67160,77522,1516557.792,1515991,1517029,1528116.348,1527650,1528553,0,500
1600000,44000,365,0.0473286120080249,0.0472285395789003,0.0474227525454919,0.0434521987161042,0.0505894813840232,77145.488,70822,82439,1617672.274,1616954,1618242,1629996.966,1629404,1630517,0,500
1700000,44000,365,0.0472490247705565,0.0471482147458801,0.0473541746483339,0.0438978586678016,0.0502469852213051,81829.008,76017,87022,1718765.092,1718217,1719401,1731866.566,1731385,1732400,0,500
1800000,44000,365,0.0473284560930365,0.047233322641021,0.0474291647802976,0.0443459729699074,0.0506997086455507,86788.214,81322,92993,1819867.034,1819260,1820505,1833742.816,1833252,1834299,0,500
1900000,44000,365,0.0472689796932993,0.0471648672972924,0.0473628415236735,0.044209218980625,0.0501511960061315,91494.386,85573,97071,1920975.172,1920210,1921617,1935611.326,1935099,1936134,0,500
2e+06,44000,365,0.0472963860139493,0.047208248055361,0.0473870292925393,0.0444069575170151,0.0501524926772589,96365.768,90477,102168,2022081.144,2021340,2022932,2037487.302,2036911,2038332,0,500
2100000,44000,365,0.0472749811387669,0.0471814079558496,0.0473641214671712,0.0445061611835156,0.05062886966148,101138.404,95222,108299,2123189.246,2122486,2123932,2139364.456,2138826,2139897,0,500
2200000,44000,365,0.0473976814958101,0.0473089671184614,0.0474869903382272,0.044293963053195,0.0505676451837268,106229.328,99287,113345,2224286.14,2223606,2224952,2241234.778,2240609,2241828,0,500
2300000,44000,365,0.0473238390552862,0.0472404780877908,0.0474079263990755,0.0447320447081476,0.0512423559882485,110885.086,104824,120053,2325396.596,2324578,2326110,2343112.48,2342537,2343702,0,500
2400000,44000,365,0.0473380259348145,0.047253407645303,0.0474221630594941,0.0447522450764146,0.0511580097824033,115740.434,109409,125071,2426492.488,2425737,2427171,2444978.042,2444269,2445591,0,500
2500000,44000,365,0.0473204442778677,0.0472361475595479,0.0474179145976992,0.0447150577234457,0.0503051437850707,120518.268,113888,128127,2527598.426,2526816,2528270,2546854.254,2546209,2547435,0,500
10000,440000,365,0.0275147512864911,0.0247757548265565,0.0304068404273797,9.7904836498923e-05,0.104189149416266,280.339622641509,1,1062,10110.6257861635,10067,10157,10187.8176100629,10147,10228,283,318
20000,440000,365,0.0238125430719024,0.0216569475086376,0.0259987032740254,4.90051945506224e-05,0.0697902853494426,485.166287015945,1,1421,20221.4715261959,20152,20291,20374.8200455581,20315,20436,325,439
30000,440000,365,0.0210588538687127,0.0195024393198409,0.0226893424096309,3.269042170644e-05,0.060097490758007,643.592213114754,1,1837,30332.3954918033,30258,30410,30562.2151639344,30487,30639,332,488
40000,440000,365,0.0218577977125622,0.0202892024156545,0.0235424786632306,2.45356625855681e-05,0.0557340856126579,890.715151515152,1,2272,40443.5232323232,40346,40546,40749.5353535354,40672,40843,311,495
50000,440000,365,0.0210273631845974,0.0195857884975572,0.0223171674248009,1.96278558530266e-05,0.0503872169395157,1071.09236947791,1,2570,50554.4016064257,50447,50663,50937.2530120482,50835,51032,294,498
60000,440000,365,0.0220551446571948,0.0205617775448266,0.0235762864480229,3.27171601504989e-05,0.0487980493871606,1348.07831325301,2,2982,60665.265060241,60549,60779,61124.8232931727,61017,61224,272,498
70000,440000,365,0.020058737874188,0.0185627479200503,0.021392314428145,0.000462327327748046,0.0457764750431258,1430.48,33,3264,70776.392,70646,70910,71312.064,71196,71429,274,500
80000,440000,365,0.0209311315987249,0.0195190602628687,0.0222258739372257,7.36440293103237e-05,0.0467779550754879,1705.834,6,3811,80886.998,80759,81013,81499.506,81381,81623,257,500
90000,440000,365,0.0210531242546876,0.0197108025628981,0.0224816516628577,0.000633008098138083,0.0434630863699325,1930.36,58,3985,90998.614,90851,91131,91687.536,91566,91805,237,500
1e+05,440000,365,0.0221463540597952,0.0206745740288499,0.0235656501838561,0.000864109034849125,0.0464709924413468,2256.152,88,4734,101108.342,100924,101247,101874.116,101746,102000,222,500
150000,440000,365,0.0236749823089552,0.0224021545986822,0.0248925247994114,0.000994588652528676,0.0404636376718691,3617.798,152,6186,151663.79,151476,151839,152811.824,152655,152968,170,500
2e+05,440000,365,0.0239708072352268,0.022644664626513,0.0251554091617179,0.000883665444262802,0.0424237070192487,4884.052,180,8644,202218.352,201984,202419,203749.232,203571,203931,152,500
250000,440000,365,0.0250174638953695,0.0237335406668187,0.0262413776951954,0.00116186872453506,0.039947558280571,6371.592,296,10177,252772.21,252545,253001,254686.506,254490,254888,123,500
3e+05,440000,365,0.0269589878663597,0.0259048940648891,0.0279779414430425,0.00106331814151619,0.0409245976064082,8239.368,325,12512,303325.77,303048,303571,305624.108,305397,305848,89,500
350000,440000,365,0.0273908976487243,0.0264296597940712,0.0283871296305632,0.00109723894272188,0.0392017745820842,9766.55,391,13979,353879.546,353584,354159,356561.592,356311,356792,76,500
4e+05,440000,365,0.0287521179784917,0.0279346171368159,0.0296183447265133,0.00135207756164713,0.0374644720759107,11716.518,551,15264,404433.274,404132,404720,407499.132,407243,407760,53,500
450000,440000,365,0.0295938177963429,0.0287785622368293,0.0302782538542713,0.00119326796173689,0.0387957079316881,13566.862,547,17785,454986.054,454662,455325,458436.182,458157,458703,38,500
5e+05,440000,365,0.0302613130298422,0.0296316650700706,0.030834806044881,0.00117815465636174,0.0365016220544453,15414.362,600,18599,505539.402,505201,505867,509373.838,509091,509650,25,500
550000,440000,365,0.0303520360633115,0.0297526587869305,0.0309174248318265,0.00130301764607185,0.0360842864969919,17006.636,730,20219,556093.086,555754,556427,560310.946,560005,560596,25,500
6e+05,440000,365,0.0301182442151656,0.0294905079559077,0.0307200228711291,0.00139594407059255,0.0355141379344188,18409.538,853,21711,606640.134,606276,607042,611241.192,610937,611529,27,500
650000,440000,365,0.030651901371042,0.0301426603586408,0.0311210469870845,0.00147393728517666,0.036102952834676,20297.014,976,23909,657192.11,656700,657596,662177.244,661773,662470,19,500
7e+05,440000,365,0.0313208431939305,0.0309397929141202,0.0316338573085033,0.00119627625707177,0.0361332918233808,22335.334,853,25766,707743.372,707344,708183,713112.974,712754,713430,8,500
750000,440000,365,0.0312693699696962,0.0309076873255573,0.0315866105556228,0.00143326295728615,0.0360090287546207,23891.264,1095,27519,758294.482,757766,758805,764047.952,763605,764463,8,500
8e+05,440000,365,0.0312221429820611,0.0308705209133198,0.0315154278557405,0.00132758781465794,0.0351970887282694,25445.734,1082,28687,808852.488,808443,809301,814989.166,814599,815362,7,500
850000,440000,365,0.0315342574946715,0.0312862956567509,0.0317423824325385,0.00129092897234895,0.0354490907305918,27306.466,1118,30692,859409.428,858982,859851,865930.41,865610,866256,3,500
9e+05,440000,365,0.0314892023999556,0.0312002414541083,0.0317192828835584,0.0014963627043593,0.0348436198013236,28871.478,1372,31947,909965.328,909529,910457,916869.89,916513,917240,4,500
950000,440000,365,0.0316197527420527,0.0313996205480401,0.0317934622875148,0.00140804912366246,0.0355036494540285,30601.612,1363,34361,960512.454,960054,961011,967800.69,967395,968207,2,500
1e+06,440000,365,0.0316317157912947,0.0314614872301557,0.0317704897502483,0.00156850273751823,0.034855041383798,32224.634,1598,35513,1011072.722,1010458,1011495,1018744.656,1018268,1019107,1,500
1100000,440000,365,0.0316863247230248,0.031477449279788,0.031854898590659,0.0015455026497518,0.0357192577890739,35508.236,1732,40025,1112177.65,1111671,1112685,1120617.2,1120230,1121102,2,500
1200000,440000,365,0.0317624242078512,0.0316639963816848,0.0318568301321026,0.0287077896375871,0.0345834597856949,38829.424,35104,42277,1213289.592,1212804,1213939,1222495.786,1222091,1223043,0,500
1300000,440000,365,0.0318309537003899,0.0317396577616959,0.0319312105580527,0.0279886939691856,0.0355213865186489,42155.83,37064,47049,1314392.142,1313751,1314973,1324365.558,1323901,1324793,0,500
1400000,440000,365,0.031787999595422,0.0317007941709517,0.0318798050812316,0.028046458959266,0.0354067938521262,45337.442,40000,50492,1415502.7,1415006,1416071,1426244.272,1425755,1426716,0,500
1500000,440000,365,0.0317414887726421,0.0316508802257498,0.0318353543991518,0.02824060168089,0.0348202568927432,48504.698,43155,53201,1516607.592,1516053,1517241,1528117.082,1527643,1528732,0,500
1600000,440000,365,0.0318170308627606,0.0317304018188899,0.0319109219285733,0.0288756727043389,0.0344361118132225,51861.674,47067,56131,1617722.33,1617062,1618308,1629997.468,1629419,1630551,0,500
1700000,440000,365,0.0318298278509269,0.0317442212450498,0.0319123998023398,0.0287119075029705,0.0350874863234959,55125.034,49730,60771,1718820.184,1718188,1719467,1731866.954,1731376,1732452,0,500
1800000,440000,365,0.0317465627997054,0.0316513484271478,0.0318350305291015,0.0287178648346555,0.0346541428860422,58215.056,52670,63554,1819929.966,1819343,1820546,1833743.586,1833211,1834322,0,500
1900000,440000,365,0.0317937355533368,0.0317114876132397,0.0318756798867768,0.0281831208101879,0.0346221929662303,61540.302,54561,67008,1921028.398,1920382,1921630,1935611.192,1935058,1936155,0,500
2e+06,440000,365,0.03184820099438,0.0317572246604979,0.0319346376117956,0.0287927358816509,0.0350094062226838,64890.328,58669,71331,2022143.27,2021383,2023002,2037488.298,2036934,2038249,0,500
2100000,440000,365,0.0318362248295506,0.0317581011804037,0.0319145115161378,0.0286098530194745,0.0346952787854058,68109.32,61204,74231,2123248.704,2122574,2123893,2139365.406,2138714,2139985,0,500
2200000,440000,365,0.0318332459210619,0.031753226662235,0.0319115361914955,0.0289635037277924,0.0342932149744035,71345.78,64919,76862,2224351.96,2223703,2225056,2241234.894,2240650,2241816,0,500
2300000,440000,365,0.0317749410366943,0.0316972216136801,0.0318592243187566,0.028941298788212,0.0350108026943994,74452.26,67809,82028,2325460.93,2324812,2326176,2343112.946,2342568,2343739,0,500
2400000,440000,365,0.0317400388035261,0.031663224170862,0.0318109508503983,0.0288680947990139,0.0341702606658333,77603.73,70568,83540,2426562.326,2425797,2427175,2444978.54,2444383,2445471,0,500
2500000,440000,365,0.0318098610601185,0.0317313491286701,0.0318854019408048,0.0287398476778649,0.0341043442546028,81015.074,73192,86855,2527667.416,2526841,2528303,2546854.754,2546229,2547497,0,500
