"initpop","tau_I","ts","mean.propinf.boot","lowCI95.propinf.boot","highCI95.propinf.boot","min.propinf","max.propinf","mean.inf","min.inf","max.inf","mean.curpop","min.curpop","max.curpop","mean.alltimepop","min.alltimepop","max.alltimepop","zeroevent","N"
10000,0.1,1825,0.253175295786409,0.238175608279677,0.267258033282274,9.03342366757001e-05,0.471054790773999,2774.0534591195,1,5167,10563.2106918239,10445,10690,10957.2924528302,10871,11070,318,318
20000,0.1,1825,0.336841759561947,0.323109066855585,0.348764398052474,4.53802868034126e-05,0.534988816360068,7382.12756264237,1,11720,21126.7129840547,20965,21315,21915.7653758542,21767,22074,428,439
30000,0.1,1825,0.378148510481,0.366498261621551,0.388651766202304,3.03573054855651e-05,0.521310675168563,12430.5450819672,1,17087,31683.7254098361,31457,31886,32872.3954918033,32698,33053,376,488
40000,0.1,1825,0.440066003116426,0.431486144365698,0.447039117741674,2.28195883346264e-05,0.539036847865742,19287.6929292929,1,23640,42239.6747474747,41982,42465,43829.0161616162,43610,44032,275,495
50000,0.1,1825,0.448134764181565,0.44201832558603,0.453714416928862,1.82705132187163e-05,0.520391398006499,24552.5562248996,1,28506,52801.656626506,52585,53007,54789.1927710843,54549,55018,184,498
60000,0.1,1825,0.488340143576065,0.484541934699343,0.491677371705787,0.257697039658551,0.560482581077582,32106.5883534137,16966,36794,63355.8032128514,63095,63645,65746.7409638554,65513,66010,103,498
70000,0.1,1825,0.492618304337905,0.489990527013226,0.494885204655072,0.353524674680554,0.53879861237904,37786.33,27086,41314,73913.004,73572,74187,76704.63,76428,76961,45,500
80000,0.1,1825,0.512115000487876,0.510045388428864,0.51409556923463,0.315835750336858,0.545680589456395,44893.062,27659,47842,84469.086,84163,84812,87662.504,87391,87954,21,500
90000,0.1,1825,0.514528118990632,0.512652506084377,0.516193006305261,0.32229878525254,0.548814511956334,50742.902,31759,54095,95025.768,94698,95377,98620.256,98298,98935,8,500
1e+05,0.1,1825,0.521785866840437,0.520754676193721,0.52296100955177,0.4263495803538,0.550008671760185,57176.12,46684,60254,105582.53,105268,105941,109577.832,109257,109895,3,500
150000,0.1,1825,0.531112425303429,0.530440161244384,0.531777341214771,0.505746077518814,0.552163809570158,87297.55,83131,90768,158367.618,157959,158782,164367.47,163989,164786,0,500
2e+05,0.1,1825,0.534712348515477,0.534168906169321,0.535284060744574,0.516468425062849,0.550510607022045,117186.296,113198,120591,211158.538,210687,211630,219157.614,218709,219625,0,500
250000,0.1,1825,0.5363796336012,0.535868768487861,0.536878202200231,0.519400732130617,0.551797495329285,146939.418,142455,151219,263947.276,263409,264522,273946.652,273444,274461,0,500
3e+05,0.1,1825,0.538244908516847,0.537733501390288,0.538710143851693,0.518775671646332,0.551412298813176,176941.03,170506,181338,316737.598,316129,317377,328737.164,328185,329290,0,500
350000,0.1,1825,0.539174312527576,0.538711370423034,0.539643000366321,0.519613973653493,0.552981608913666,206787.902,199432,212372,369532.51,368863,370216,383527.04,382941,384163,0,500
4e+05,0.1,1825,0.54014174514292,0.539705856678772,0.540588668286533,0.525681350087015,0.55506347598317,236752.962,230475,243310,422321.83,421602,423033,438316.322,437659,438992,0,500
450000,0.1,1825,0.540702311859216,0.54024632996189,0.541172607242393,0.525711447022922,0.55531309067015,266623.998,259273,273816,475113.25,474363,475824,493106.798,492443,493807,0,500
5e+05,0.1,1825,0.540668827730974,0.54022465104453,0.541077010821402,0.527353667506877,0.553912678574687,296230.684,288926,303812,527905.448,527142,528667,547896.68,547190,548626,0,500
550000,0.1,1825,0.541480784775663,0.541097620964849,0.541864807511174,0.528500021559516,0.553698986999411,326342.996,318604,333746,580690.604,579867,581470,602686.36,601943,603479,0,500
6e+05,0.1,1825,0.541822217125195,0.541412941875896,0.542204366985719,0.528350946552117,0.55534244616791,356233.162,347470,365116,633479.094,632526,634270,657472.618,656557,658192,0,500
650000,0.1,1825,0.542033562581603,0.541628209588572,0.542429766836607,0.529664682093911,0.555761525790048,386067.824,377206,395745,686265.65,685120,687259,712258.302,711428,713101,0,500
7e+05,0.1,1825,0.542519996687201,0.542134331169053,0.542915557294422,0.530714596734032,0.554980961034322,416144.08,407091,425732,739064.078,738010,740043,767057.676,766103,767997,0,500
750000,0.1,1825,0.542626974419271,0.542263317647259,0.5429828423718,0.531812583368222,0.554789015812415,445953.784,436967,456289,791847.982,790819,792999,821842.118,820838,822952,0,500
8e+05,0.1,1825,0.54274909400787,0.542385067617351,0.543113772876731,0.530412226488444,0.55425653146499,475796.318,464988,485884,844648.832,843622,845569,876641.656,875793,877580,0,500
850000,0.1,1825,0.542839516917004,0.542489696212537,0.543191032089372,0.532839684869596,0.553813967318206,505616.892,496232,515927,897436.97,896270,898449,931429.822,930474,932413,0,500
9e+05,0.1,1825,0.543267547896027,0.542932562371495,0.543603372551882,0.531177545676017,0.556502450013338,535782.174,523723,548663,950226.03,949227,951435,986221.716,985167,987177,0,500
950000,0.1,1825,0.543253268756163,0.542918509695489,0.54359317471997,0.533533849898845,0.556810322302999,565524.994,555397,579644,1003002.764,1001997,1004020,1040997.01,1040223,1041773,0,500
1e+06,0.1,1825,0.543381680689569,0.543068350889872,0.543716068596877,0.53393741146921,0.554559535881809,595437.174,585016,607566,1055804.146,1054730,1057131,1095798.948,1094971,1096835,0,500
1100000,0.1,1825,0.543512122582469,0.543201633580958,0.543819171622528,0.533999142443174,0.55485962842966,655127.052,643870,668931,1161364.648,1160144,1162641,1205358.532,1204359,1206287,0,500
1200000,0.1,1825,0.543592109031806,0.543266056834408,0.543932240576768,0.533009719818158,0.555316091407514,714792.564,700548,729968,1266947.214,1265350,1268145,1314943.096,1313811,1315891,0,500
1300000,0.1,1825,0.543394066914871,0.54308997002389,0.543718548235962,0.532853920404723,0.554747897714148,774071.624,758987,790485,1372518.304,1371229,1373989,1424512.428,1423517,1425953,0,500
1400000,0.1,1825,0.543571935940261,0.543248497243214,0.543899595876866,0.533875185055531,0.554380766074282,833885.626,818964,850484,1478087.006,1477035,1479348,1534085.13,1533158,1535232,0,500
1500000,0.1,1825,0.543876293198269,0.543573680608526,0.544185269886744,0.534009384667978,0.555363895505724,893952.994,877889,912760,1583665.956,1582027,1585046,1643669.782,1642196,1644999,0,500
1600000,0.1,1825,0.543745944939866,0.543421048589146,0.544056999858501,0.535144509725421,0.553845381531832,953315.278,938347,970876,1689238.272,1688022,1690648,1753236.594,1751894,1754349,0,500
1700000,0.1,1825,0.54384954095739,0.543533276502501,0.544174172977981,0.534871934461541,0.554392155557679,1013090.034,996253,1032847,1794813.792,1793306,1796176,1862812.958,1861596,1864051,0,500
1800000,0.1,1825,0.543907475588532,0.543584806005134,0.544239854727314,0.536484415671974,0.554904531714089,1072796.182,1058333,1094426,1900381.558,1898627,1901911,1972387.278,1970858,1973475,0,500
1900000,0.1,1825,0.543795300646348,0.543496725900431,0.544141689955932,0.538306611440407,0.554620286636121,1132171.528,1120419,1154649,2005982.816,2004564,2007674,2081980.878,2080668,2083449,0,500
2e+06,0.1,1825,0.543976902485836,0.543616924700484,0.544304227299298,0.537690269411084,0.554468684185907,1192160.9,1178559,1215010,2111562.996,2109587,2113121,2191565.446,2190031,2192942,0,500
2100000,0.1,1825,0.54385659606161,0.543486153684551,0.544192523865049,0.53509427534519,0.555866877189048,1251491.196,1231436,1279018,2217130.58,2215302,2218916,2301142.016,2299587,2302646,0,500
2200000,0.1,1825,0.543897445326484,0.543522436894782,0.544240853969472,0.533523049143915,0.553659362100317,1311185.36,1286498,1334824,2322706.734,2320668,2324753,2410721.622,2408920,2412054,0,500
2300000,0.1,1825,0.544175156444231,0.54377992327317,0.544525214739685,0.538204533113002,0.554687840948494,1371480.95,1356112,1398114,2428270.126,2426514,2430965,2520293.282,2518466,2522360,0,500
2400000,0.1,1825,0.544104289409801,0.543750749533988,0.544465130284158,0.538242079234463,0.5539441763952,1430926.764,1415518,1457051,2533848.664,2531877,2535470,2629875.966,2628531,2631370,0,500
2500000,0.1,1825,0.544082317568734,0.543726419803447,0.544499547112758,0.537811914763464,0.554851972663791,1490489.322,1472728,1520351,2639425.648,2637580,2641254,2739455.382,2738108,2741088,0,500
10000,0.3,1825,0.0304726410982963,0.0268144048498459,0.0339769154589374,9.03342366757001e-05,0.15407772304324,333.88679245283,1,1689,10567.8144654088,10435,10690,10957.5849056604,10873,11070,318,318
20000,0.3,1825,0.0421921120494898,0.0376948178508747,0.0465834331362188,4.53206435531385e-05,0.244278629600983,924.70159453303,1,5369,21138.1047835991,20956,21315,21916.6309794989,21766,22074,439,439
30000,0.3,1825,0.0726168695580423,0.067031325976951,0.0779657417963788,3.03573054855651e-05,0.228779378316907,2387.40983606557,1,7544,31703.2889344262,31478,31885,32873.4774590164,32699,33053,480,488
40000,0.3,1825,0.114813175680457,0.107461807672601,0.121657925246923,2.2806577416927e-05,0.243170520363023,5032.17575757576,1,10664,42267.6282828283,42033,42497,43830.5050505051,43615,44036,435,495
50000,0.3,1825,0.149503825240322,0.143406761479278,0.155389274125153,1.82238988209137e-05,0.230567015955311,8191.43574297189,1,12630,52832.7570281124,52574,53076,54790.8212851406,54556,55024,312,498
60000,0.3,1825,0.175864620801285,0.170153951540733,0.18129654785191,3.04316732855556e-05,0.235214501878127,11562.6666666667,2,15467,63395.8835341365,63114,63699,65748.7228915663,65516,66011,234,498
70000,0.3,1825,0.191532487299777,0.187032561146351,0.195822669654654,0.00181239731921663,0.230148503898065,14692.118,139,17683,73959.8,73668,74247,76706.98,76431,76962,127,500
80000,0.3,1825,0.205238257399847,0.201761086854686,0.208215175337363,0.00167821629582273,0.232670104504176,17992.19,147,20456,84522.254,84216,84859,87665.166,87394,87954,79,500
90000,0.3,1825,0.209007055672644,0.206222858050128,0.211423194247763,3.03637578186676e-05,0.230047806096038,20612.934,3,22665,95088.362,94722,95423,98623.556,98300,98941,47,500
1e+05,0.3,1825,0.213035492898345,0.210955268754897,0.214833667630835,0.00328395241917828,0.23152516081938,23344.632,360,25374,105652.25,105299,106041,109581.156,109261,109901,30,500
150000,0.3,1825,0.220033068225455,0.219642726824789,0.220414905385114,0.20728736556193,0.233116463808375,36167.398,34037,38267,158475.498,158048,158935,164372.67,163994,164796,0,500
2e+05,0.3,1825,0.222600088984059,0.222229551133521,0.222977839861489,0.210449232116948,0.23609071924273,48785.984,46125,51778,211295.992,210801,211824,219164.276,218718,219633,0,500
250000,0.3,1825,0.223935291791746,0.223596099504424,0.224263813270613,0.212931751521254,0.236697428558912,61348.276,58368,64839,264120.204,263560,264725,273955.35,273456,274467,0,500
3e+05,0.3,1825,0.225319300371369,0.22498936496249,0.225633517308089,0.213204256963824,0.237152790462621,74073.198,70057,77899,316943.142,316300,317560,328747.7,328198,329299,0,500
350000,0.3,1825,0.226009757131884,0.225696343012244,0.226312654347554,0.214331365546602,0.241105884010552,86683.548,82162,92406,369764.998,369084,370409,383539.048,382952,384170,0,500
4e+05,0.3,1825,0.226694445447791,0.226399429158649,0.226984037474963,0.217230104113937,0.236667632821576,99366.98,95268,103699,422588.02,421877,423352,438330.112,437676,438998,0,500
450000,0.3,1825,0.227654697766211,0.227391178039183,0.227949009131904,0.218035624070493,0.236344437562823,112261.58,107463,116402,475412.198,474669,476149,493122.064,492455,493821,0,500
5e+05,0.3,1825,0.228085431338249,0.227798470244052,0.228392109440723,0.217305571581938,0.236875938019159,124971.086,119020,129894,528235.422,527418,529053,547913.488,547217,548640,0,500
550000,0.3,1825,0.228122889749356,0.227851344842297,0.228381795796727,0.218422219307232,0.236354608303732,137490.852,131545,142324,581057.64,580222,581904,602705.344,601957,603494,0,500
6e+05,0.3,1825,0.228875066717011,0.228624142604048,0.22914868910347,0.22079726131609,0.237095540083573,150483.864,145119,155864,633877.326,633071,634772,657493.242,656848,658342,0,500
650000,0.3,1825,0.228614055213486,0.228374086361487,0.228857611415468,0.220490952447749,0.235312130827915,162837.424,157188,167518,686696.28,685641,687637,712280.942,711344,713127,0,500
7e+05,0.3,1825,0.229054066280217,0.228810972495787,0.229269131598954,0.218466414040062,0.23863261417596,175702.976,167652,182978,739527.414,738332,740590,767080.96,766014,767969,0,500
750000,0.3,1825,0.229267581151487,0.229042311640844,0.229490577874897,0.219229295294869,0.236390497260697,188427.188,180201,194252,792342.582,791458,793304,821865.956,820976,822714,0,500
8e+05,0.3,1825,0.22949978447036,0.229295648418976,0.229697204673958,0.2210539526075,0.235280372500185,201195.272,193756,206415,845177.074,843958,846037,876668.762,875848,877407,0,500
850000,0.3,1825,0.229587629146325,0.229362396564507,0.229797311628138,0.221375939316755,0.236812170277428,213851.068,206159,220672,897996.12,896777,899130,931457.514,930464,932279,0,500
9e+05,0.3,1825,0.229619528853468,0.229433486011261,0.229791752055427,0.22302241462905,0.237916225653004,226463.516,219872,234672,950826.252,949527,952220,986255.346,985238,987374,0,500
950000,0.3,1825,0.229730915264427,0.229530316073648,0.229934293186122,0.221152405215046,0.236761150867703,239157.102,230217,246515,1003634.05,1002671,1004706,1041031.452,1040105,1041894,0,500
1e+06,0.3,1825,0.22990875120063,0.229739754579607,0.230101149259551,0.222148297822242,0.236503966294934,251941.484,243411,259175,1056465.58,1055492,1057690,1095832.582,1094850,1096801,0,500
1100000,0.3,1825,0.22997757750286,0.229796789849944,0.230138396040701,0.222832360588178,0.236287339900742,277214.58,268515,284808,1162093.83,1160935,1163123,1205398.664,1204423,1206248,0,500
1200000,0.3,1825,0.229927749844045,0.229749750376392,0.230102162403951,0.22281941440534,0.236077408165283,302351.478,293100,310345,1267743.216,1266400,1269111,1314984.71,1314015,1316071,0,500
1300000,0.3,1825,0.230004534606596,0.229846084684227,0.230168192179921,0.224947020625279,0.236103992754488,327654.696,320462,336290,1373379.624,1372053,1374614,1424557.618,1423142,1425768,0,500
1400000,0.3,1825,0.229949176380903,0.229782540379018,0.230100533679995,0.223672630696479,0.236044890021013,352773.378,343108,362044,1479020.27,1477689,1480225,1534136.24,1533112,1535203,0,500
1500000,0.3,1825,0.230222837118361,0.230065272161989,0.230383227390804,0.225570665149962,0.237153912102208,378423.012,370819,389757,1584667.44,1583346,1586058,1643724.966,1642491,1644988,0,500
1600000,0.3,1825,0.230113458960279,0.229968208195452,0.230266201192965,0.224720889139345,0.236536553092954,403455.428,393991,414729,1690292.078,1689032,1691670,1753289.338,1752115,1754444,0,500
1700000,0.3,1825,0.230133854455475,0.229996270279496,0.230264532394359,0.226077640114954,0.236197764590705,428709.772,421184,440061,1795923.232,1794635,1797616,1862871.38,1861670,1864127,0,500
1800000,0.3,1825,0.230204366176229,0.230059050729594,0.230349226027876,0.225086082329652,0.236625301515235,454066.474,443793,466556,1901565.87,1899873,1903057,1972449.672,1970881,1973566,0,500
1900000,0.3,1825,0.230168686387841,0.230028393461268,0.230300259141519,0.22568894436413,0.236004781011238,479221.434,469751,491260,2007223.824,2005422,2008987,2082044.246,2080483,2083590,0,500
2e+06,0.3,1825,0.23013660404993,0.230005379347269,0.23026907858016,0.226006819210607,0.236453536863353,504375.616,495284,518239,2112881.894,2110858,2114355,2191635.906,2190004,2192813,0,500
2100000,0.3,1825,0.230185981382893,0.230051022366834,0.230312629071545,0.22539014236736,0.23479666443264,529708.104,518627,540277,2218534.328,2216827,2220126,2301217.894,2299835,2302592,0,500
2200000,0.3,1825,0.230066901249193,0.229929438420082,0.230202410993463,0.22559802718837,0.236355617184294,554644.954,543957,569648,2324161.586,2322598,2325498,2410798.452,2409493,2411976,0,500
2300000,0.3,1825,0.230191457242499,0.230053818415095,0.230322175153606,0.225779599866466,0.234380378862271,580168.458,568786,590977,2429803.25,2428076,2431433,2520373.588,2518867,2521968,0,500
2400000,0.3,1825,0.230129140097047,0.230012796070618,0.230251959007965,0.226620365968226,0.23577858567672,605229.914,595828,620196,2535454.416,2533708,2537222,2629957.782,2628385,2631554,0,500
2500000,0.3,1825,0.230050602445315,0.229933457086271,0.230180741979243,0.226398289664215,0.235384568206809,630232.72,620236,644772,2641098.88,2639433,2642646,2739539.656,2738184,2741493,0,500
10000,0.5,1825,0.00842377491091455,0.00725039516035503,0.00954080452279916,9.03342366757001e-05,0.0562494302124168,92.311320754717,1,617,10568.3490566038,10449,10690,10957.6132075472,10873,11070,318,318
20000,0.5,1825,0.0100912904785116,0.00902943200304011,0.0112718788975734,4.53802868034126e-05,0.0629568713450292,221.127562642369,1,1378,21139.5216400911,20971,21315,21916.728929385,21768,22074,439,439
30000,0.5,1825,0.0153356612178709,0.0135494332748007,0.0172196716815888,3.03591487294696e-05,0.135112111716207,504.151639344262,1,4441,31707.4590163934,31478,31896,32873.7827868852,32699,33054,487,488
40000,0.5,1825,0.0254445834494244,0.0226660915982529,0.0281869174890096,2.2766596849103e-05,0.146075100886893,1115.15555555556,1,6407,42275.4141414141,42046,42520,43830.9737373737,43617,44037,494,495
50000,0.5,1825,0.0379203693000771,0.03442837269316,0.0414926715168685,1.82238988209137e-05,0.145828779599271,2077.82329317269,1,8006,52844.3373493976,52586,53087,54791.4658634538,54558,55026,485,498
60000,0.5,1825,0.0599235704004439,0.0553867437103269,0.0646012000736838,3.04316732855556e-05,0.154756479202747,3940.13253012048,2,10187,63410.5381526104,63135,63682,65749.4036144578,65518,66011,445,498
70000,0.5,1825,0.0721880995478524,0.0678862208490558,0.0762846964546147,7.83146683373796e-05,0.152633366424578,5537.076,6,11685,73977.112,73647,74255,76707.81,76437,76964,389,500
80000,0.5,1825,0.0980348710986677,0.0936497246008873,0.102786637200238,0.000833875923831717,0.154636823071746,8594.498,73,13555,84540.886,84229,84912,87666.098,87398,87955,291,500
90000,0.5,1825,0.105794515308063,0.101528498588489,0.110345709351219,3.03637578186676e-05,0.152168846828043,10434.108,3,15018,95108.054,94760,95482,98624.414,98303,98941,241,500
1e+05,0.5,1825,0.118563135704109,0.114971720390735,0.122285405149485,0.000665730388312328,0.153396746572216,12992.724,73,16804,105671.506,105313,106054,109582.064,109261,109901,183,500
150000,0.5,1825,0.141657781872703,0.139820545023517,0.143190764880634,0.00147218065238286,0.154589577915949,23284.754,242,25385,158500.354,158057,158960,164373.92,163995,164797,21,500
2e+05,0.5,1825,0.145957372981564,0.14497439716334,0.146656880107585,0.0022093899071052,0.155391023942851,31988.914,484,34021,211330.048,210817,211845,219165.892,218719,219633,2,500
250000,0.5,1825,0.14755609818455,0.147321031308224,0.147797490341454,0.140052442061747,0.154269881945813,40424.07,38350,42261,264161.932,263588,264758,273957.316,273458,274469,0,500
3e+05,0.5,1825,0.148326028934329,0.148125366532849,0.148560636346112,0.141087172869677,0.155090537631793,48762.186,46358,51013,316993.484,316397,317647,328750.048,328198,329303,0,500
350000,0.5,1825,0.148789454953005,0.148567291262373,0.149004864888733,0.141908450025652,0.155568351171928,57066.968,54491,59709,369824.466,369159,370479,383541.786,382961,384172,0,500
4e+05,0.5,1825,0.149355235435633,0.149169189996072,0.149532784608415,0.142459261153244,0.156053723674875,65467.38,62402,68401,422655.276,421953,423373,438333.332,437685,439002,0,500
450000,0.5,1825,0.14978248535838,0.14959845245514,0.149977667714894,0.143219964216309,0.156572406701699,73861.542,70602,77201,475486.25,474732,476218,493125.494,492456,493821,0,500
5e+05,0.5,1825,0.149962698984288,0.149766325404279,0.150137457096136,0.143597558193647,0.156915824473903,82167.188,78685,86079,528316.306,527489,529124,547917.498,547217,548643,0,500
550000,0.5,1825,0.150427234267921,0.150259436348311,0.150598442619059,0.146237229873883,0.156879232196787,90663.958,88127,94593,581147.12,580301,581980,602709.72,601963,603498,0,500
6e+05,0.5,1825,0.150395392401327,0.150228195730582,0.150563836708036,0.144029139951494,0.156640081504178,98884.728,94662,103012,633975.842,633237,635027,657498.33,656761,658285,0,500
650000,0.5,1825,0.150529930644326,0.150373962821823,0.150668313494099,0.146013730413948,0.155494921168279,107220.448,104025,110785,686803.59,685923,687780,712286.702,711583,713171,0,500
7e+05,0.5,1825,0.150714715319375,0.150552561868186,0.150882623388449,0.145923356574809,0.155283849395502,115611.072,111947,119167,739642.71,738537,740730,767085.908,766034,768061,0,500
750000,0.5,1825,0.150759347011787,0.150597622498266,0.150929766081389,0.145808397800808,0.15676125740106,123905.14,119872,128780,792471.55,791583,793479,821874.018,820980,822768,0,500
8e+05,0.5,1825,0.150941244492595,0.150797928192489,0.151075260478412,0.145507293332755,0.155540328226224,132326.238,127545,136421,845311.55,844348,846207,876673.878,875852,877494,0,500
850000,0.5,1825,0.150933615159373,0.150789011097499,0.151086378090532,0.144932436421325,0.155269278594945,140589.278,134984,144597,898139.798,896844,899208,931464.596,930459,932413,0,500
9e+05,0.5,1825,0.151108542873493,0.150962076089299,0.151252935968194,0.146069329872079,0.155677926754349,149032.784,144047,153566,950979.668,949780,952399,986263.368,985256,987432,0,500
950000,0.5,1825,0.151085798420678,0.150941219570107,0.151223371318486,0.146305646289799,0.157421368547419,157286.096,152333,163915,1003795.462,1002946,1004874,1041038.364,1040161,1041934,0,500
1e+06,0.5,1825,0.151127298771131,0.150989859840675,0.151259914930539,0.146361890512314,0.155601644599914,165611.538,160428,170456,1056637.536,1055594,1057787,1095841.44,1094870,1096886,0,500
1100000,0.5,1825,0.151241495667188,0.151125891631318,0.151373189737246,0.147307206865562,0.155641332432787,182307.758,177518,187578,1162280.496,1161043,1163292,1205408.29,1204569,1206260,0,500
1200000,0.5,1825,0.151348325228859,0.151240873561179,0.151465312704564,0.147540659359051,0.155635076214621,199022.502,193945,204676,1267946.602,1266649,1269226,1314996.336,1314037,1316007,0,500
1300000,0.5,1825,0.151399089907425,0.151282264733446,0.15151064843092,0.146851659310441,0.156129015041549,215678.022,209178,222326,1373594.866,1372126,1374853,1424566.304,1423471,1425653,0,500
1400000,0.5,1825,0.151356535807911,0.151240686822069,0.151469371187331,0.147756693547756,0.155350992384819,232203.164,226683,238376,1479253.436,1477867,1480886,1534147.15,1533116,1535331,0,500
1500000,0.5,1825,0.151360801725834,0.151248849376426,0.151477050844558,0.147186068184528,0.155379724504768,248796.424,241958,255425,1584914.638,1583445,1586501,1643730.81,1642288,1644939,0,500
1600000,0.5,1825,0.151455227594938,0.151349013170948,0.151566318892609,0.14751006150982,0.154876709297644,265546.962,258617,271576,1690556.314,1688941,1691895,1753303.71,1752225,1754628,0,500
1700000,0.5,1825,0.151369780637108,0.151260889280519,0.151482055873968,0.147146483092944,0.155577440146835,281984.572,274157,289889,1796211.726,1794774,1797657,1862885.642,1861404,1864162,0,500
1800000,0.5,1825,0.15148868784357,0.151382026353283,0.151594667268789,0.148705666189744,0.15497011402897,298806.27,293302,305730,1901854.468,1900560,1903605,1972465.972,1971267,1973897,0,500
1900000,0.5,1825,0.151459809041458,0.151361246892882,0.151560633394096,0.148376051625101,0.154954947169922,315347.804,308886,322771,2007531.09,2006102,2009289,2082055.87,2080649,2083517,0,500
2e+06,0.5,1825,0.151414910910878,0.151318274732222,0.151516560231581,0.148022493184748,0.154960491258805,331849.332,324432,339661,2113218.318,2111061,2114729,2191655.544,2189737,2192983,0,500
2100000,0.5,1825,0.151510263581757,0.151412514252059,0.151605605712518,0.147258790179908,0.154675405493258,348660.738,338860,355931,2218859.96,2217123,2220643,2301235.142,2299991,2302575,0,500
2200000,0.5,1825,0.151531386346598,0.151438357108612,0.151629498309776,0.147607661655302,0.15458837382112,365314.418,355831,372594,2324522.502,2322665,2326238,2410816.77,2409404,2412099,0,500
2300000,0.5,1825,0.151580759956637,0.151482950720915,0.151675545247629,0.148178488418913,0.154484786914458,382042.798,373527,389439,2430176.532,2428618,2432238,2520391.252,2519057,2521751,0,500
2400000,0.5,1825,0.151554235770027,0.151462723799823,0.151644687099166,0.147457977050635,0.154821293958029,398583.686,387822,407265,2535843.482,2534241,2537745,2629973.858,2628506,2631315,0,500
2500000,0.5,1825,0.151534754467125,0.151449328674946,0.151620369307627,0.148567492952071,0.154704174957557,415138.45,407047,423727,2641505.732,2639884,2642810,2739559.566,2737997,2741026,0,500
10000,0.7,1825,0.00445908632890021,0.003934342330894,0.00499545901019245,9.03342366757001e-05,0.0357306040391118,48.8553459119497,1,391,10568.7295597484,10450,10690,10957.6257861635,10873,11070,318,318
20000,0.7,1825,0.00440369800636494,0.0039069622832616,0.00492603123554881,4.53802868034126e-05,0.0403556771545828,96.4920273348519,1,885,21139.8109339408,20956,21315,21916.7334851936,21767,22074,439,439
30000,0.7,1825,0.00499495391899803,0.00444616849091724,0.00560665370153667,3.03232458002305e-05,0.0437382383293875,164.217213114754,1,1441,31707.9467213115,31479,31898,32873.7950819672,32699,33054,488,488
40000,0.7,1825,0.00845486735203491,0.00743671959262091,0.00959904994501948,2.28195883346264e-05,0.0832552077378639,370.59595959596,1,3641,42277.0363636364,42032,42517,43831.0363636364,43617,44037,495,495
50000,0.7,1825,0.0119280272421006,0.0105179713143562,0.0134839592288603,5.47205603385379e-05,0.106466242410943,653.487951807229,3,5822,52847.765060241,52581,53086,54791.6706827309,54558,55026,496,498
60000,0.7,1825,0.0222055019494048,0.0200852608055755,0.0244894793865266,3.04316732855556e-05,0.116630702367565,1459.93574297189,2,7675,63415.2309236948,63125,63730,65749.6325301205,65518,66013,494,498
70000,0.7,1825,0.0284814544642212,0.0260313730989468,0.0312719806477532,0.000573028586312431,0.111176332472411,2184.676,44,8523,73983.76,73675,74273,76708.06,76437,76965,481,500
80000,0.7,1825,0.0379474344951674,0.0347356910454635,0.0412324474891482,7.99826323426913e-05,0.114401659713198,3326.598,7,10041,84550.774,84228,84912,87666.528,87398,87955,455,500
90000,0.7,1825,0.0501501854612285,0.0468289447926384,0.0536547798364011,0.000507480259017924,0.11454709575342,4946.052,50,11320,95118.908,94762,95451,98624.966,98303,98941,408,500
1e+05,0.7,1825,0.0612816771663002,0.0572888373980786,0.0648193829564934,0.000794970668323617,0.115010458817834,6715.286,87,12594,105681.758,105322,106038,109582.506,109262,109902,357,500
150000,0.7,1825,0.098624696440357,0.0963122468903971,0.100931056039688,0.00110793880768739,0.117430264929305,16211.718,182,19277,158513.598,158076,158991,164374.542,163999,164798,101,500
2e+05,0.7,1825,0.109228805819709,0.107818691893224,0.110424883984683,0.00118304815325727,0.12017563498627,23939.352,259,26302,211347.116,210818,211865,219166.662,218721,219633,21,500
250000,0.7,1825,0.111280361839282,0.110146821022231,0.112094834856536,0.00144890510948905,0.120207972270364,30486.152,397,32946,264180.868,263606,264782,273958.186,273459,274470,7,500
3e+05,0.7,1825,0.113196223607369,0.11290676350162,0.113434228432863,0.0604192655246904,0.120805348731196,37213.41,19858,39751,317017.338,316388,317653,328751.21,328199,329307,1,500
350000,0.7,1825,0.113393130288712,0.112816032051944,0.11373202523727,0.00185176008492015,0.119428553548986,43491.21,710,45803,369853.174,369181,370523,383543.17,382965,384172,1,500
4e+05,0.7,1825,0.114071318388682,0.113912179227241,0.114232903226522,0.108953286506537,0.118519567491515,50001.448,47760,51890,422687.718,421958,423414,438334.928,437686,439002,0,500
450000,0.7,1825,0.114221775725718,0.114084935053774,0.11436886220525,0.10857441723276,0.119596848605295,56325.874,53559,58975,475523.134,474767,476285,493127.248,492459,493822,0,500
5e+05,0.7,1825,0.114496922687637,0.114355883924034,0.114636766648671,0.109243084819411,0.11971366865234,62735.088,59936,65574,528357.838,527546,529157,547919.486,547222,548648,0,500
550000,0.7,1825,0.114692818134134,0.114559468190574,0.114823751366248,0.110359556196951,0.11926736378354,69126.786,66454,71902,581194.776,580336,582037,602712.012,601966,603502,0,500
6e+05,0.7,1825,0.114772986538407,0.114640435665585,0.114907496061879,0.110609419040582,0.12021240348753,75463.25,72756,79031,634024.726,633169,635015,657500.36,656745,658188,0,500
650000,0.7,1825,0.114911870914634,0.114782007013632,0.115049062685856,0.110626968535725,0.120006121901665,81850.54,78782,85468,686856.888,685972,687876,712289.74,711596,713228,0,500
7e+05,0.7,1825,0.115091892540197,0.114978298197426,0.115221135767146,0.111125160005318,0.12073274226917,88285.71,85251,92613,739698.568,738569,740754,767088.98,766047,768042,0,500
750000,0.7,1825,0.115141780217267,0.11501424660869,0.115267015460452,0.110427842947825,0.119579279951414,94632.16,90757,98251,792527.686,791643,793478,821875.116,821026,822732,0,500
8e+05,0.7,1825,0.115240955553946,0.115134327539401,0.115360100095982,0.111424509421347,0.119474137292126,101029.108,97654,104783,845370.79,844296,846399,876676.942,875918,877580,0,500
850000,0.7,1825,0.115233016384874,0.115121035017532,0.115349175015443,0.111603548987491,0.119553058231686,107335.794,103975,111362,898204.474,896887,899367,931467.29,930427,932446,0,500
9e+05,0.7,1825,0.115313223670562,0.11520410725546,0.115424172026624,0.112057452463502,0.119307346484999,113729.482,110504,117617,951043.984,949981,952299,986265.83,985352,987228,0,500
950000,0.7,1825,0.115530884020079,0.11542016546953,0.115640841034826,0.111802793868823,0.120192164464182,120272.584,116362,125068,1003866.05,1002996,1004933,1041043.054,1040200,1042000,0,500
1e+06,0.7,1825,0.115485301233647,0.115371404717746,0.115599439020784,0.111675122272531,0.119141175601198,126553.918,122409,130591,1056710.386,1055617,1057953,1095844.382,1094784,1096870,0,500
1100000,0.7,1825,0.115590043442125,0.115482138068031,0.115702196514412,0.111761088598414,0.119217170418327,139333.728,134672,143707,1162362.818,1161167,1163324,1205412.79,1204528,1206239,0,500
1200000,0.7,1825,0.115621333357228,0.115516557623057,0.11571513820646,0.111621939403342,0.119506582899517,152042.07,146767,157160,1268036.55,1266538,1269381,1315000.08,1313933,1315999,0,500
1300000,0.7,1825,0.115713697806732,0.115622113521663,0.115814915138108,0.112245227491,0.119527364755324,164842.286,159883,170310,1373691.522,1372185,1374779,1424570.2,1423428,1425556,0,500
1400000,0.7,1825,0.115740551655763,0.115645308951604,0.115828927508289,0.112749922759739,0.118639162031713,177563.5,172978,181992,1479357.68,1477979,1480646,1534150.96,1533197,1535227,0,500
1500000,0.7,1825,0.11581785783796,0.115721443789452,0.115906434220993,0.113042335510625,0.119427364793958,190374.096,185800,196311,1585017.632,1583659,1586425,1643737.008,1642398,1644941,0,500
1600000,0.7,1825,0.115809315906964,0.115709859390209,0.115902305391786,0.112671877335871,0.11863722149829,203049.678,197464,207954,1690682.348,1689212,1692210,1753310.498,1751934,1754674,0,500
1700000,0.7,1825,0.115838828027297,0.115753565393859,0.115932352912244,0.113021787183687,0.11856565015813,215795.16,210505,220928,1796331.488,1795022,1797821,1862891.268,1861854,1864229,0,500
1800000,0.7,1825,0.115812573417399,0.115720933108645,0.115898845507592,0.113160746184124,0.11872841032026,228436.774,223178,234202,1902000.756,1900672,1903211,1972469.562,1971249,1973778,0,500
1900000,0.7,1825,0.1158332845749,0.115748216730323,0.115921798584096,0.113517254163527,0.118574538215161,241172.304,236366,246818,2007688.128,2005945,2009324,2082063.902,2080698,2083589,0,500
2e+06,0.7,1825,0.115921686442413,0.115830878644911,0.116017555465226,0.112663549824005,0.118613026284992,254061.356,246906,259965,2113365.434,2111782,2114897,2191663.898,2190332,2192839,0,500
2100000,0.7,1825,0.1158840413598,0.115807195917786,0.115961409094916,0.11326474965509,0.118840431043775,266677,260659,273410,2219028.06,2217418,2220513,2301240.412,2299925,2302622,0,500
2200000,0.7,1825,0.115959364175378,0.115882262637667,0.116035150998389,0.113149212971507,0.118600639775311,279557.634,272835,285965,2324693.95,2322876,2325953,2410823.938,2409528,2412252,0,500
2300000,0.7,1825,0.116026122093158,0.115940661296482,0.116111101143119,0.113640980149139,0.118631104495943,292432.648,286443,299046,2430370.796,2428452,2431832,2520403.738,2518899,2521734,0,500
2400000,0.7,1825,0.115894024446483,0.115817244689813,0.115974080244665,0.113431439103395,0.11828845338975,304799.396,298427,310982,2536026.912,2534481,2537514,2629984.14,2628629,2631437,0,500
2500000,0.7,1825,0.115964616012403,0.11589767499229,0.116036916162937,0.113180689365194,0.11865700601959,317692.678,310092,325028,2641689.906,2639929,2643454,2739565.912,2737918,2741501,0,500
10000,0.1,365,0.165455403021514,0.158162189791121,0.172594963356717,9.7904836498923e-05,0.25291981548729,1685.67610062893,1,2577,10108.0314465409,10067,10157,10187.7767295597,10147,10228,75,318
20000,0.1,365,0.14312626866866,0.138735988899078,0.147174555644929,4.89931899465974e-05,0.196743022514347,2916.15489749431,1,4011,20216.7904328018,20148,20290,20374.7767653759,20315,20436,44,439
30000,0.1,365,0.125616465202992,0.122727450430041,0.128364076686667,3.26786706316787e-05,0.167326376394386,3839.12704918033,1,5115,30326.2192622951,30253,30409,30562.1577868852,30487,30639,29,488
40000,0.1,365,0.13072673208874,0.128897480658271,0.132634187877747,2.45314493180257e-05,0.165307526036549,5327.08080808081,1,6730,40434.8242424242,40345,40532,40749.4888888889,40672,40842,11,495
50000,0.1,365,0.123635961780864,0.122058525451677,0.125039769809827,1.96297823057142e-05,0.15006866784383,6297.64257028112,1,7649,50544.2630522088,50430,50648,50937.140562249,50835,51032,7,498
60000,0.1,365,0.128238414935792,0.127502254092441,0.12899359719934,0.105292451749145,0.158240390442031,7838.54417670683,6432,9662,60652.734939759,60540,60760,61124.718875502,61017,61224,0,498
70000,0.1,365,0.122664532915157,0.121942624896441,0.123350093629239,0.10145537141415,0.145928347904183,8747.418,7236,10411,70761.972,70625,70893,71311.954,71196,71429,0,500
80000,0.1,365,0.127177773471457,0.126497824822538,0.127878528024169,0.104334163915109,0.15691616656235,10364.912,8500,12786,80870.208,80725,80996,81499.364,81381,81622,0,500
90000,0.1,365,0.123061269971825,0.122433742039207,0.123675388884683,0.102840438064488,0.152518158221912,11283.158,9428,13985,90980.392,90835,91114,91687.394,91566,91805,0,500
1e+05,0.1,365,0.126845364803508,0.126193111761428,0.127511109226053,0.103968659178383,0.153202139667272,12922.244,10589,15609,101088.07,100916,101229,101873.944,101746,102000,0,500
150000,0.1,365,0.124561290335924,0.123894804168992,0.125145012337647,0.104632363048444,0.14526111932584,19034.418,15985,22202,151633.048,151449,151800,152811.576,152655,152968,0,500
2e+05,0.1,365,0.127175656511077,0.126611764902294,0.127681879686765,0.10977465009913,0.143196978614871,25911.892,22369,29195,202176.538,201963,202388,203748.852,203571,203930,0,500
250000,0.1,365,0.125675231417192,0.125163566105827,0.12614707464373,0.109720821247885,0.140252063569317,32007.724,27955,35733,252721.294,252488,252959,254686.072,254488,254888,0,500
3e+05,0.1,365,0.127697919802407,0.127246169183809,0.128123470479485,0.115558608507924,0.147347310012694,39027.468,35328,45037,303265.684,303011,303511,305623.594,305396,305848,0,500
350000,0.1,365,0.127344088315939,0.126907273296233,0.127801406899356,0.111074335657667,0.14111810926467,45405.922,39600,50323,353811.664,353526,354083,356560.982,356311,356792,0,500
4e+05,0.1,365,0.128482472751144,0.128097733458771,0.128888013133718,0.114534223075205,0.143324777558021,52356.4,46668,58408,404355.746,404045,404637,407498.51,407243,407758,0,500
450000,0.1,365,0.12829211834793,0.127897738127375,0.128678468305085,0.115423714763153,0.141633268936404,58813.65,52910,64955,454901.48,454575,455223,458435.536,458157,458703,0,500
5e+05,0.1,365,0.128058894613854,0.127685612960169,0.128385002195638,0.117788136009028,0.14294548138609,65229.782,60016,72817,505447.716,505078,505775,509373.066,509091,509649,0,500
550000,0.1,365,0.128700137392117,0.128348193289518,0.129049207629298,0.116539642715023,0.139128588733344,72111.966,65308,77987,555990.978,555633,556322,560310.132,560003,560595,0,500
6e+05,0.1,365,0.128538440597877,0.128211028184117,0.12887319552046,0.118753066631775,0.139323617736828,78567.834,72608,85133,606529.292,606107,606916,611240.206,610846,611571,0,500
650000,0.1,365,0.128791221576227,0.12843501938392,0.129157251595191,0.116324585871064,0.141699310478135,85282.468,77027,93833,657073.208,656581,657497,662176.206,661758,662456,0,500
7e+05,0.1,365,0.128529369840945,0.128207455171808,0.128849040285435,0.113813109492655,0.141208018299653,91655.744,81136,100684,707615.462,707219,708019,713111.192,712773,713435,0,500
750000,0.1,365,0.129166557136908,0.128845205085363,0.129466440825162,0.118814577052622,0.140564477293189,98689.338,90764,107416,758158.064,757597,758681,764046.724,763577,764474,0,500
8e+05,0.1,365,0.128924753781883,0.1286294684245,0.129243397398106,0.115132422657829,0.139069297262018,105072.088,93816,113359,808706.492,808265,809097,814987.818,814571,815369,0,500
850000,0.1,365,0.128859623140432,0.128547948990545,0.129149834048254,0.117831383447309,0.139527524864073,111583.31,102056,120818,859255.92,858800,859693,865929.272,865585,866291,0,500
9e+05,0.1,365,0.128995008320651,0.128694922529724,0.129280585786309,0.117144789371496,0.137784980054395,118271.414,107396,126348,909802.588,909417,910267,916868.334,916509,917260,0,500
950000,0.1,365,0.129207525261065,0.128942196279124,0.129477517014647,0.119586533831774,0.137927506335341,125046.796,115738,133457,960340.138,959839,960895,967798.276,967399,968192,0,500
1e+06,0.1,365,0.129001672930365,0.128732935625402,0.12925912895834,0.118844609115069,0.137217081976289,131419.636,121055,139791,1010893.012,1010348,1011314,1018743.552,1018159,1019090,0,500
1100000,0.1,365,0.129117663110599,0.128881167455667,0.129359493102328,0.119760756924823,0.139027124283338,144691.284,134196,155776,1111980.002,1111511,1112571,1120615.676,1120259,1121162,0,500
1200000,0.1,365,0.129161064877647,0.12890355022098,0.129422435825202,0.121514555072463,0.139045568758834,157898.636,148573,169996,1213072.8,1212607,1213583,1222494.042,1222098,1222907,0,500
1300000,0.1,365,0.129167952445943,0.128939070165786,0.12940505006764,0.121882527050189,0.137145437534406,171065.264,161420,181618,1314156.738,1313518,1314659,1324362.904,1323908,1324782,0,500
1400000,0.1,365,0.1291546111918,0.128915035943511,0.129399942359252,0.120226251829586,0.137097746595778,184205.852,171509,195565,1415251.654,1414754,1415829,1426242.942,1425717,1426657,0,500
1500000,0.1,365,0.129247035417582,0.128990751513536,0.129493476993739,0.119319449816394,0.13690811600406,197504.242,182320,209193,1516332.228,1515639,1517007,1528114.48,1527503,1528583,0,500
1600000,0.1,365,0.129320457679172,0.129082020199308,0.129551136192605,0.121852211526723,0.136097861728592,210791.738,198628,221847,1617431.938,1616733,1618173,1629995.366,1629431,1630652,0,500
1700000,0.1,365,0.12916588703065,0.128929475300206,0.129413485829344,0.119877823131137,0.136571671363898,223697.828,207579,236573,1718515.682,1717922,1719194,1731864.448,1731328,1732344,0,500
1800000,0.1,365,0.129132263328833,0.128892751293564,0.129354461452044,0.120601028289972,0.135966990584552,236795.104,221149,249350,1819604.648,1819101,1820205,1833740.352,1833101,1834268,0,500
1900000,0.1,365,0.129193554509524,0.128967752635885,0.129411354916844,0.12209091777931,0.135194953476718,250068.186,236332,261682,1920691.562,1920001,1921463,1935608.752,1935038,1936169,0,500
2e+06,0.1,365,0.129352068838332,0.129116954801816,0.129561515207319,0.120599981151191,0.135425950428149,263553.07,245694,275945,2021784.822,2020996,2022688,2037486.106,2036902,2038243,0,500
2100000,0.1,365,0.129127904244751,0.128915515998879,0.129335580590556,0.12257121529331,0.136183609316023,276251.326,262228,291341,2122872.812,2122035,2123720,2139361.978,2138727,2139971,0,500
2200000,0.1,365,0.129295531488294,0.1290812724663,0.129488322330093,0.122308478221104,0.136337682868731,289781.386,274141,305638,2223955.468,2223154,2224616,2241232.232,2240673,2241790,0,500
2300000,0.1,365,0.129311799688179,0.129120188478757,0.129518044032473,0.121709192795834,0.136673891201746,302991.78,285216,320219,2325050.364,2324390,2325810,2343110.444,2342521,2343687,0,500
2400000,0.1,365,0.1290968114131,0.128903472857729,0.129276909973426,0.12266058010496,0.136420839953947,315638.636,299872,333551,2426134.304,2425462,2426852,2444976.22,2444360,2445510,0,500
2500000,0.1,365,0.129070052956945,0.128874154593759,0.129265315250323,0.121867582356094,0.135491475366453,328722.282,310362,345085,2527223.848,2526323,2527931,2546851.808,2546186,2547430,0,500
10000,0.3,365,0.0294082551072292,0.026314363947273,0.0321323978152453,9.7904836498923e-05,0.0985487350460875,299.619496855346,1,1005,10110.6698113208,10065,10153,10187.8113207547,10147,10228,279,318
20000,0.3,365,0.0290866769336788,0.0267627474359385,0.031408480270665,4.89715964740451e-05,0.0797215140223573,592.603644646925,1,1626,20221.291571754,20151,20291,20374.8200455581,20315,20436,291,439
30000,0.3,365,0.0342590378652637,0.0324091083880458,0.0359718457523147,3.26786706316787e-05,0.0652138346258303,1047.06147540984,1,1993,30331.6495901639,30259,30413,30562.2110655738,30487,30639,200,488
40000,0.3,365,0.0401521353423876,0.0385652960058877,0.0416444763880062,2.45314493180257e-05,0.0626304801670146,1636.2303030303,1,2550,40442.1797979798,40346,40544,40749.5414141414,40672,40843,126,495
50000,0.3,365,0.042103276546621,0.0409578049293128,0.0432407720387236,1.96278558530266e-05,0.0564726666012366,2144.66666666667,1,2877,50552.3333333333,50441,50656,50937.2309236948,50835,51032,62,498
60000,0.3,365,0.0449747429879787,0.0440635825325469,0.0458261596041632,3.27171601504989e-05,0.0598026218883488,2749.07630522088,2,3654,60662.6385542169,60552,60772,61124.8112449799,61017,61224,33,498
70000,0.3,365,0.0442015839464974,0.0435220135814001,0.0448563533012482,0.0019506307975133,0.055359246171967,3152.108,139,3948,70772.8,70652,70904,71312.04,71196,71429,19,500
80000,0.3,365,0.0459110704880222,0.0453700495692459,0.0464081142630232,0.00180474389824682,0.0557293391724629,3741.752,147,4543,80882.854,80753,81001,81499.484,81381,81622,9,500
90000,0.3,365,0.0447660237350261,0.0442399314821867,0.0452087772826456,3.26840109818277e-05,0.0563053242052937,4104.482,3,5165,90994.262,90844,91126,91687.512,91566,91805,6,500
1e+05,0.3,365,0.0461043881932269,0.0457258651928884,0.0464368083862516,0.00353374233128834,0.0557884711681018,4696.828,360,5682,101103.85,100925,101241,101874.078,101746,102000,3,500
150000,0.3,365,0.0455260535628991,0.0453006173634822,0.0457598102542484,0.038350108235725,0.052920998193197,6956.914,5864,8084,151657.052,151460,151824,152811.788,152655,152968,0,500
2e+05,0.3,365,0.0465498966356357,0.0463242918473552,0.0467742105684046,0.0384605944579437,0.0538821346709793,9484.508,7835,10978,202207.95,201976,202410,203749.146,203571,203931,0,500
250000,0.3,365,0.0461088377663187,0.045909168144304,0.046299332516956,0.0407081730391772,0.0528516572828571,11743.282,10370,13461,252760.594,252517,252986,254686.422,254490,254888,0,500
3e+05,0.3,365,0.0465805981702759,0.0464206604388873,0.0467435307410055,0.0405103803963662,0.0533504361882448,14236.132,12379,16304,303312.952,303035,303567,305624,305397,305848,0,500
350000,0.3,365,0.0465846456652707,0.0464054039704409,0.0467632554042632,0.040647077465875,0.0529286038853578,16610.302,14493,18870,353865.478,353572,354130,356561.456,356311,356792,0,500
4e+05,0.3,365,0.0468332969976733,0.0466735829075075,0.0469946762971119,0.0411212935889637,0.0541668814100912,19084.518,16764,22071,404417.716,404111,404706,407499.004,407243,407760,0,500
450000,0.3,365,0.0470264080504727,0.0468758647077735,0.0471718578560929,0.0411706814645738,0.0521840238919539,21558.6,18867,23921,454969.446,454642,455282,458436.062,458157,458703,0,500
5e+05,0.3,365,0.0469655254556474,0.0468189677165609,0.0471114909601159,0.0415351083883129,0.0526015090146248,23922.99,21153,26792,505521.934,505168,505850,509373.652,509091,509650,0,500
550000,0.3,365,0.0469390792683713,0.0467969517347128,0.0470798551165786,0.0426575722856949,0.0524429979051351,26300.47,23903,29390,556073.688,555717,556406,560310.742,560005,560595,0,500
6e+05,0.3,365,0.0471445156604693,0.0470145416276967,0.0472733796061219,0.0432403168481363,0.0516854925263737,28816.672,26437,31591,606618.524,606254,607039,611241.316,610890,611530,0,500
650000,0.3,365,0.0471052011090813,0.0469724184470146,0.0472495494321361,0.0428441148227109,0.0514726524648855,31191.994,28373,34103,657168.968,656730,657614,662176.848,661826,662546,0,500
7e+05,0.3,365,0.0471613337436109,0.0470256801201581,0.0472876117576628,0.0427914060955068,0.0511663062714379,33631.336,30511,36487,707718.798,707331,708147,713112.248,712742,713446,0,500
750000,0.3,365,0.0470660751146706,0.0469344334534352,0.0472009766580064,0.0427864446346181,0.0520734082318573,35960.718,32698,39787,758268.606,757769,758733,764047.688,763627,764431,0,500
8e+05,0.3,365,0.0471913921118157,0.0470654765750973,0.0473095285402958,0.0438499091470125,0.0514064277361318,38460.462,35740,41893,808824.094,808431,809271,814988.952,814603,815348,0,500
850000,0.3,365,0.0471323402028666,0.0470130147989752,0.0472485423497733,0.042126777559021,0.0510223174994052,40813.304,36482,44174,859380.372,858900,859809,865929.988,865571,866291,0,500
9e+05,0.3,365,0.0472298920250397,0.047116755199191,0.0473510160326541,0.0437317943231551,0.0515118961276918,43303.642,40100,47231,909934.552,909501,910418,916869.422,916484,917233,0,500
950000,0.3,365,0.0471113376341591,0.0469975017594806,0.0472307294810802,0.0436435108256244,0.0508245192456697,45594.326,42234,49196,960479.664,960042,960981,967799.292,967391,968198,0,500
1e+06,0.3,365,0.0471428417427017,0.0470213180449416,0.0472523621574679,0.0435682977625021,0.0507822624349096,48026.502,44392,51726,1011038.926,1010503,1011478,1018744.436,1018183,1019102,0,500
1100000,0.3,365,0.0473289513546685,0.0472170785307573,0.0474561344316094,0.044304644745344,0.0510803923248244,53037.64,49643,57246,1112140.692,1111618,1112663,1120617.02,1120229,1121094,0,500
1200000,0.3,365,0.0472105261337494,0.047105924416475,0.0473117013212535,0.0437466561736646,0.0504460115784704,57714.634,53476,61676,1213249.184,1212784,1213854,1222495.296,1222074,1222990,0,500
1300000,0.3,365,0.0472450037720094,0.0471331287522328,0.0473569188827926,0.0435822022539784,0.0505404750381847,62569.626,57717,66940,1314349.09,1313692,1314886,1324365.112,1323899,1324828,0,500
1400000,0.3,365,0.0472306540923706,0.0471243977677403,0.0473418634566116,0.0435345564874558,0.0507569049036332,67362.424,62101,72393,1415457.034,1414965,1415992,1426243.878,1425750,1426678,0,500
1500000,0.3,365,0.0472764337771282,0.0471678404766502,0.0473806007715612,0.0438200989705674,0.0513281692307189,72243.876,66954,78422,1516556.688,1515768,1517075,1528116.41,1527525,1528592,0,500
1600000,0.3,365,0.0472808429866514,0.0471862056693624,0.0473826340478839,0.0440692106901745,0.0509377028580825,77067.63,71837,83020,1617672.74,1617016,1618247,1629997.222,1629360,1630527,0,500
1700000,0.3,365,0.0472613015739572,0.0471697859807578,0.047355564319926,0.0445664871057392,0.0505284687110953,81850.274,77181,87505,1718764.708,1718278,1719464,1731866.602,1731417,1732425,0,500
1800000,0.3,365,0.0473205657438825,0.0472309323405729,0.0474202170842901,0.0443836653193112,0.0519610837223507,86773.752,81398,95280,1819868.944,1819218,1820443,1833743.086,1833184,1834198,0,500
1900000,0.3,365,0.0472898327713525,0.0471961589333319,0.0473901058274588,0.0444855467438196,0.0502069227701825,91534.716,86104,97200,1920973.702,1920233,1921784,1935610.728,1935001,1936405,0,500
2e+06,0.3,365,0.0472747681886941,0.0471858248077198,0.0473635262461825,0.0445527644504472,0.0505011044862115,96321.738,90780,102901,2022081.36,2021431,2022938,2037487.426,2036920,2038275,0,500
2100000,0.3,365,0.0473546429675306,0.0472659912266872,0.0474472020879261,0.0448996838419097,0.0507449263954574,101308.842,96060,108564,2123189.032,2122573,2123833,2139364.466,2138835,2139936,0,500
2200000,0.3,365,0.0472966897762809,0.0472058917415985,0.0473914776588461,0.0445811868176981,0.0507330204744278,106002.972,99908,113717,2224287.142,2223488,2224992,2241234.69,2240621,2241839,0,500
2300000,0.3,365,0.0473154473465586,0.0472175821785804,0.0473914863707085,0.0443093574560505,0.0506451760228679,110865.434,103803,118654,2325395.78,2324571,2326129,2343112.58,2342526,2343702,0,500
2400000,0.3,365,0.047195246192572,0.0471176988566408,0.0472758938907702,0.0437629128217879,0.0502891164044775,115391.304,107011,122950,2426492.546,2425657,2427110,2444977.48,2444281,2445545,0,500
2500000,0.3,365,0.047268863274777,0.0471861511663253,0.0473643982811287,0.044583166474288,0.0502153792992418,120386.91,113556,127882,2527598.614,2526879,2528249,2546854.18,2546291,2547454,0,500
10000,0.5,365,0.00899836100940679,0.00779704979279508,0.0101595787046629,9.7904836498923e-05,0.0556646377380719,91.6792452830189,1,567,10110.9402515723,10067,10157,10187.8081761006,10147,10228,315,318
20000,0.5,365,0.0101304857730642,0.00907276183485413,0.0111495735633773,4.89931899465974e-05,0.0501373626373626,206.394077448747,1,1022,20222.0592255125,20151,20291,20374.8200455581,20315,20436,411,439
30000,0.5,365,0.0120423777585331,0.0109917599620273,0.0131076680541688,3.269042170644e-05,0.0404546645702306,368.034836065574,1,1235,30332.9569672131,30259,30412,30562.2315573771,30487,30639,392,488
40000,0.5,365,0.0153795471815329,0.0142634657809889,0.0164873955872933,2.45314493180257e-05,0.0402051986941901,626.70303030303,1,1638,40444.0787878788,40348,40551,40749.5474747475,40672,40843,339,495
50000,0.5,365,0.0187057048676285,0.0175558368810619,0.0198863189454884,1.96278558530266e-05,0.0362464127059009,952.833333333333,1,1844,50554.6746987952,50448,50666,50937.2489959839,50835,51032,248,498
60000,0.5,365,0.0212921596039152,0.0201818735882783,0.0222162417830263,3.27171601504989e-05,0.0357604410345335,1301.4718875502,2,2186,60665.5702811245,60551,60779,61124.8393574297,61017,61224,188,498
70000,0.5,365,0.0231085979393012,0.0222551002023657,0.0239719258957763,8.41514726507714e-05,0.035136157867444,1647.906,6,2507,70776.06,70648,70903,71312.072,71196,71429,133,500
80000,0.5,365,0.0253587376780967,0.0244822081928557,0.0261767772439401,0.000896299388551924,0.0350670399292766,2066.756,73,2856,80886.292,80761,81005,81499.514,81381,81623,85,500
90000,0.5,365,0.0257242931691854,0.0250116609574178,0.0263986840207221,3.26840109818277e-05,0.0351610684772998,2358.6,3,3221,90997.688,90848,91128,91687.54,91566,91805,63,500
1e+05,0.5,365,0.0276093338541542,0.0270228978403463,0.0281830361110102,0.00071588981180924,0.0348573392918529,2812.692,73,3549,101107.486,100947,101249,101874.114,101746,102000,36,500
150000,0.5,365,0.0285259505849085,0.0282153894563216,0.0288034357263655,0.00158303406139817,0.0332956039857893,4359.088,242,5089,151662.244,151474,151840,152811.816,152655,152968,8,500
2e+05,0.5,365,0.0293940280189823,0.0291736525391862,0.0295780165078358,0.0023748889837536,0.0338910696761531,5988.998,484,6907,202215.99,201983,202422,203749.214,203571,203931,2,500
250000,0.5,365,0.0293845779786492,0.0292556856157745,0.0295108799126544,0.0245818878984195,0.0342209053627141,7483.854,6257,8720,252769.674,252532,252990,254686.482,254490,254888,0,500
3e+05,0.5,365,0.0298459233696378,0.0297328409056476,0.029952386710069,0.0255176159564444,0.0350920229345945,9121.636,7799,10729,303323.468,303058,303573,305624.08,305397,305848,0,500
350000,0.5,365,0.029737241753695,0.0296267048253334,0.0298493813125706,0.0258315104604857,0.0339999775540666,10603.156,9211,12118,353876.868,353578,354153,356561.556,356311,356792,0,500
4e+05,0.5,365,0.0299302028271262,0.0298270926205214,0.030027111213357,0.026441717791411,0.0335372512066981,12196.534,10775,13667,404430.478,404130,404725,407499.116,407243,407760,0,500
450000,0.5,365,0.0299943740978981,0.0298961635060995,0.0300981415369351,0.0261584601123289,0.0333724419476962,13750.512,11993,15303,454984.384,454665,455281,458436.152,458157,458703,0,500
5e+05,0.5,365,0.0300145686154361,0.0299263785082837,0.0301104333302627,0.0269684050187654,0.0333907421845082,15288.624,13739,17003,505537.97,505189,505871,509373.792,509091,509650,0,500
550000,0.5,365,0.030078665911201,0.0299894713198745,0.0301698078754978,0.0259789156626506,0.0328505588736135,16853.4,14559,18404,556091.868,555740,556435,560310.908,560005,560596,0,500
6e+05,0.5,365,0.0300451008970215,0.0299572122153245,0.0301392311114665,0.0273478267981875,0.0338136991768194,18364.812,16718,20674,606639.502,606269,607051,611241.476,610924,611528,0,500
650000,0.5,365,0.0300430811574276,0.029955032602677,0.0301374780749698,0.027030129471541,0.0331835517124193,19893.842,17896,21970,657191.912,656701,657594,662177.084,661771,662486,0,500
7e+05,0.5,365,0.0300383106971766,0.0299624945341413,0.030119949181877,0.0277063599933234,0.0327974357680077,21420.696,19753,23391,707744.226,707320,708154,713112.622,712729,713438,0,500
750000,0.5,365,0.0301168858254605,0.0300397141354817,0.0302045871868028,0.0277002508207967,0.0333691958933442,23010.768,21160,25495,758295.734,757814,758772,764048.35,763655,764436,0,500
8e+05,0.5,365,0.0300585137242712,0.0299725645564733,0.0301348413567728,0.0277648594823492,0.0326450718225942,24497.378,22627,26601,808854.186,808437,809308,814989.64,814573,815361,0,500
850000,0.5,365,0.0300824117052103,0.029997864660205,0.0301609490288166,0.0274709095884906,0.0331640312827691,26049.268,23790,28717,859411.112,858979,859842,865930.39,865608,866256,0,500
9e+05,0.5,365,0.0301826775009518,0.0301087939678738,0.0302582449911074,0.0278888936133561,0.0332541541790452,27673.578,25580,30491,909967.36,909533,910480,916869.836,916506,917239,0,500
950000,0.5,365,0.0301715483272542,0.0300987370444463,0.0302407689838169,0.0274631117211498,0.0328065294889979,29200.034,26571,31758,960513.858,960060,961083,967800.126,967381,968234,0,500
1e+06,0.5,365,0.0300934393063742,0.0300204809930854,0.0301684911676045,0.0266380187807897,0.0327120421315551,30657.526,27139,33318,1011074.88,1010542,1011491,1018744.51,1018228,1019074,0,500
1100000,0.5,365,0.0301829091897028,0.0301107853439047,0.0302612880393904,0.0282908864465858,0.0323751953175544,33823.494,31711,36280,1112180.004,1111668,1112691,1120617.118,1120230,1121102,0,500
1200000,0.5,365,0.0301418093770403,0.0300711620141983,0.0302123218577115,0.0277975224018551,0.0322076681340721,36848.23,33984,39376,1213291.358,1212780,1213904,1222495.786,1222075,1223002,0,500
1300000,0.5,365,0.0302265335619879,0.030162644938078,0.0302914173717174,0.0280843565068095,0.0323010780616937,40030.966,37197,42780,1314393.218,1313791,1314937,1324365.13,1323845,1324784,0,500
1400000,0.5,365,0.0301787506346756,0.0301189379624458,0.0302400214772236,0.0282519987405533,0.0331876045198136,43042.254,40288,47331,1415504.3,1415035,1416060,1426243.6,1425748,1426695,0,500
1500000,0.5,365,0.0302168358599561,0.0301548964487609,0.0302755617691839,0.0284193387101419,0.0323808701205563,46174.834,43426,49486,1516607.306,1515988,1517180,1528116.128,1527588,1528560,0,500
1600000,0.5,365,0.0301490465956854,0.0300881193724869,0.0302093752831807,0.0280608770864388,0.0324995674087601,49142.856,45744,52965,1617723.72,1617114,1618343,1629997.15,1629438,1630702,0,500
1700000,0.5,365,0.0301630705263444,0.0301007699128161,0.0302254768882523,0.0283664521612013,0.032696486006599,52238.414,49132,56643,1718820.91,1718220,1719400,1731866.542,1731377,1732388,0,500
1800000,0.5,365,0.0301308965581818,0.0300725087867481,0.0301910702310346,0.028258173452926,0.0319387620430249,55252.338,51813,58564,1819930.778,1819314,1820732,1833743.704,1833206,1834249,0,500
1900000,0.5,365,0.0302456086072134,0.0301810606681466,0.0303040230188887,0.0281327914875238,0.0320708835805073,58543.724,54454,62079,1921029.418,1920252,1921758,1935610.49,1935055,1936301,0,500
2e+06,0.5,365,0.0301618744149336,0.030106396808135,0.0302204293659983,0.0281330801987643,0.031869117273895,61454.464,57318,64931,2022143.512,2021369,2023054,2037488.21,2036833,2038243,0,500
2100000,0.5,365,0.0302083152346258,0.0301564669926412,0.0302653936092642,0.0283593489975804,0.0324356032101408,64626.634,60667,69395,2123250.636,2122640,2123948,2139365.458,2138856,2139952,0,500
2200000,0.5,365,0.0302099506478406,0.0301540457350204,0.030267845158431,0.0284766648684129,0.0323524804981479,67707.616,63818,72500,2224356.012,2223536,2224953,2241235.708,2240665,2241738,0,500
2300000,0.5,365,0.0302003897851879,0.0301492742843735,0.0302522916812266,0.0275260562701061,0.0320121951219512,70762.904,64499,75012,2325460.972,2324656,2326182,2343112.388,2342453,2343692,0,500
2400000,0.5,365,0.0302051819284068,0.0301481926472689,0.030261501962636,0.0281916729507486,0.0324324479073155,73851.042,68938,79301,2426564.28,2425821,2427254,2444978.826,2444335,2445493,0,500
2500000,0.5,365,0.0301736234136461,0.0301200890216217,0.0302316184529409,0.0284292735098945,0.0321132598040852,76847.814,72407,81790,2527671.916,2526842,2528398,2546854.066,2546174,2547467,0,500
10000,0.7,365,0.00478135173196225,0.00424024609265498,0.00542714176449605,9.7904836498923e-05,0.0383596585892279,48.7138364779874,1,391,10111.0440251572,10068,10157,10187.8113207547,10147,10228,317,318
20000,0.7,365,0.00464286336825175,0.00413853459449448,0.00515788473309911,4.89931899465974e-05,0.0338908234832508,94.5876993166287,1,691,20222.30523918,20151,20291,20374.8246013667,20315,20436,434,439
30000,0.7,365,0.0050968154300905,0.0045972350853528,0.00561410602764574,3.269042170644e-05,0.0300936538083699,155.768442622951,1,919,30333.4282786885,30263,30412,30562.2274590164,30487,30639,472,488
40000,0.7,365,0.0071369238163316,0.00644892604919539,0.00787106703229549,2.45332548269179e-05,0.0288638539135557,290.828282828283,1,1176,40444.604040404,40348,40550,40749.5535353535,40672,40843,432,495
50000,0.7,365,0.00858772662718571,0.00782609480078034,0.00936825844651667,5.88593066373678e-05,0.0263075231663264,437.44578313253,3,1340,50555.6124497992,50448,50665,50937.2590361446,50835,51032,397,498
60000,0.7,365,0.0117888543178802,0.0110197941148193,0.0125470612412983,3.27171601504989e-05,0.028319018404908,720.592369477912,2,1731,60666.5120481928,60552,60780,61124.8413654618,61017,61224,306,498
70000,0.7,365,0.0132460333299683,0.0124138385605129,0.0140791467795113,0.000616652418258518,0.0268916054962175,944.572,44,1916,70777.162,70656,70909,71312.068,71196,71429,256,500
80000,0.7,365,0.0147450468428771,0.0139442019223201,0.015619361621538,8.59612928578446e-05,0.0274416435531774,1201.728,7,2236,80887.868,80760,81007,81499.526,81381,81623,220,500
90000,0.7,365,0.0161856773852384,0.0154526247809225,0.0169411598523046,0.000545440661510434,0.0257906215921483,1484.028,50,2365,90999.692,90850,91137,91687.552,91566,91805,157,500
1e+05,0.7,365,0.0175286304360859,0.0167628510361518,0.0182160066781717,0.000854499381224586,0.0270609952476336,1785.676,87,2756,101109.298,100934,101256,101874.13,101746,102000,130,500
150000,0.7,365,0.0207512757356148,0.0204215372482269,0.0210897035833112,0.00119081891700908,0.0255478752651009,3171.06,182,3903,151664.336,151475,151828,152811.852,152655,152968,26,500
2e+05,0.7,365,0.0219825020330363,0.0217465838480843,0.0221978623902989,0.00127187102540305,0.0253829278706707,4478.92,259,5172,202218.962,202001,202429,203749.238,203571,203931,8,500
250000,0.7,365,0.0219428323077189,0.0217319017187791,0.0221062152230022,0.00155818873315724,0.0251929535144052,5588.534,397,6414,252773.324,252537,252997,254686.504,254490,254888,4,500
3e+05,0.7,365,0.0223755290475061,0.0222866152685673,0.0224652688122401,0.0193083045345062,0.0255724853668192,6838.494,5900,7816,303328.296,303066,303588,305624.112,305397,305848,0,500
350000,0.7,365,0.0223468290571303,0.0222161371125159,0.022454624832106,0.00199081421497429,0.0252164274389303,7968.02,710,8986,353883.384,353593,354162,356561.596,356311,356792,1,500
4e+05,0.7,365,0.0225165938545005,0.0224348749850623,0.0226043404289194,0.0199952398128314,0.0257400131056131,9175.496,8149,10488,404437.982,404144,404725,407499.168,407243,407760,0,500
450000,0.7,365,0.0225230256632942,0.0224490867346963,0.0226015772537841,0.0203936520123191,0.0255775721474608,10325.376,9350,11731,454992.596,454681,455288,458436.224,458157,458703,0,500
5e+05,0.7,365,0.0225966236369114,0.0225268683185561,0.022664378147514,0.0200611769695018,0.025433162849598,11510.122,10218,12954,505547.204,505205,505874,509373.87,509091,509651,0,500
550000,0.7,365,0.0226542621774714,0.0225913361569863,0.0227178799233592,0.0205382663711983,0.0251317418466336,12693.432,11511,14088,556101.864,555753,556443,560311.012,560005,560596,0,500
6e+05,0.7,365,0.0226166740147833,0.0225502757431304,0.0226837023644431,0.0205116039364217,0.0246500184846512,13824.248,12537,15069,606649.756,606299,607116,611241.482,610935,611529,0,500
650000,0.7,365,0.0226946788652071,0.0226286872957209,0.0227656624365273,0.0205165222486326,0.0247576480536345,15027.9,13586,16396,657202.646,656755,657617,662177.218,661805,662470,0,500
7e+05,0.7,365,0.0227082907763982,0.0226465015213178,0.0227702460267588,0.0209358759941177,0.0246013239424375,16193.574,14934,17545,707755.276,707319,708151,713112.894,712742,713439,0,500
750000,0.7,365,0.0226913863034815,0.0226302854491957,0.0227478648364817,0.020241219315869,0.0250861022130101,17337.294,15465,19171,758306.63,757854,758776,764047.352,763669,764425,0,500
8e+05,0.7,365,0.0227190920645376,0.0226626189645181,0.0227768374554988,0.0207408498055239,0.0245401483503267,18515.818,16904,19996,808865.824,808433,809278,814989.402,814568,815366,0,500
850000,0.7,365,0.0227221494309103,0.0226670523037529,0.0227762876074558,0.0208545768861677,0.0242094068660677,19675.798,18059,20966,859423.512,858946,859866,865930.3,865575,866303,0,500
9e+05,0.7,365,0.0227943693514419,0.0227374319676294,0.0228538518235245,0.020812956002412,0.0246426526327271,20899.468,19087,22593,909980.278,909533,910519,916869.862,916475,917279,0,500
950000,0.7,365,0.0228357975203383,0.0227805177694611,0.0228933655269326,0.0209493771611279,0.0251622680648804,22100.5,20272,24357,960528.53,960053,961081,967800.706,967382,968209,0,500
1e+06,0.7,365,0.0227753444054079,0.0227152754231909,0.0228347833665274,0.021003978182325,0.0251582635665001,23202.258,21399,25633,1011089.062,1010540,1011537,1018744.526,1018238,1019098,0,500
1100000,0.7,365,0.0227919639528796,0.0227441826497281,0.0228374915993502,0.0213073898157476,0.0246645936567324,25541.064,23879,27635,1112195.672,1111641,1112687,1120617.156,1120233,1121070,0,500
1200000,0.7,365,0.0227886228310932,0.0227389155239151,0.0228365783399556,0.0202941934217468,0.0242052773737793,27859.002,24813,29591,1213309.22,1212843,1213905,1222495.96,1222076,1222983,0,500
1300000,0.7,365,0.0228410817366658,0.0227946673323437,0.022888427040705,0.0211771172964328,0.0247349743262869,30249.952,28046,32752,1314413.642,1313768,1314988,1324365.786,1323856,1324816,0,500
1400000,0.7,365,0.0228818566881162,0.0228281936636959,0.0229325892341553,0.0208838421726431,0.024699495085834,32635.106,29787,35226,1415526.656,1415008,1416106,1426243.766,1425769,1426640,0,500
1500000,0.7,365,0.0228146088351742,0.0227673399220826,0.0228630540160874,0.0210489049203329,0.0245060633626303,34863.37,32165,37446,1516630.946,1516118,1517232,1528116.14,1527646,1528619,0,500
1600000,0.7,365,0.0228273780983738,0.0227799915309405,0.0228731052966821,0.0211652544842135,0.0245054850663853,37208.578,34504,39941,1617748.034,1617126,1618262,1629997.844,1629335,1630628,0,500
1700000,0.7,365,0.0228340349327093,0.0227898510023036,0.0228820911446112,0.0212520245866379,0.0244385908590143,39545.512,36805,42325,1718848.398,1718317,1719715,1731866.812,1731376,1732513,0,500
1800000,0.7,365,0.022820297905535,0.0227792971345348,0.0228653273714033,0.0213489243455947,0.0240780996238121,41846.572,39144,44151,1819959.37,1819438,1820619,1833743.42,1833247,1834255,0,500
1900000,0.7,365,0.0228144616548788,0.0227694370472817,0.022861626792579,0.0212491255769642,0.024176944899236,44159.92,41129,46796,1921064.916,1920401,1921759,1935610.826,1935079,1936128,0,500
2e+06,0.7,365,0.0228452023906671,0.0228067004433214,0.0228865156136324,0.0214843069335361,0.0246755707578754,46546.844,43770,50267,2022176.042,2021550,2023051,2037488.556,2036902,2038209,0,500
2100000,0.7,365,0.0228664135001316,0.0228226601465592,0.0229091253702024,0.0215092469659854,0.0242468711151822,48919.612,46010,51882,2123286.316,2122612,2123998,2139364.92,2138787,2139932,0,500
2200000,0.7,365,0.0228669758663737,0.0228243658235927,0.0229084997839033,0.0212821687874911,0.0243011126874927,51250.272,47694,54469,2224393.714,2223648,2225097,2241235.084,2240639,2241769,0,500
2300000,0.7,365,0.0228672965027187,0.0228235127111023,0.0229077212597735,0.0214514514728133,0.0247466752257099,53580.656,50260,57980,2325504.124,2324800,2326367,2343113.284,2342364,2343691,0,500
2400000,0.7,365,0.0228586684212042,0.0228179121999742,0.0228948252788769,0.0214979652257926,0.0242679809403055,55888.972,52557,59334,2426605.57,2425817,2427274,2444979.338,2444348,2445490,0,500
2500000,0.7,365,0.0228855235097052,0.0228426590582402,0.0229247089031297,0.0216112935094669,0.0242354550365587,58286.118,55049,61731,2527713.1,2527005,2528392,2546855.22,2546238,2547469,0,500
