"initpop","xi","ts","mean.propinf.boot","lowCI95.propinf.boot","highCI95.propinf.boot","min.propinf","max.propinf","mean.inf","min.inf","max.inf","mean.curpop","min.curpop","max.curpop","mean.alltimepop","min.alltimepop","max.alltimepop","zeroevent","N"
10000,0,1825,0.0304726410982963,0.0268144048498459,0.0339769154589374,9.03342366757001e-05,0.15407772304324,333.88679245283,1,1689,10567.8144654088,10435,10690,10957.5849056604,10873,11070,318,318
20000,0,1825,0.0421921120494898,0.0376948178508747,0.0465834331362188,4.53206435531385e-05,0.244278629600983,924.70159453303,1,5369,21138.1047835991,20956,21315,21916.6309794989,21766,22074,439,439
30000,0,1825,0.0726168695580423,0.067031325976951,0.0779657417963788,3.03573054855651e-05,0.228779378316907,2387.40983606557,1,7544,31703.2889344262,31478,31885,32873.4774590164,32699,33053,480,488
40000,0,1825,0.114813175680457,0.107461807672601,0.121657925246923,2.2806577416927e-05,0.243170520363023,5032.17575757576,1,10664,42267.6282828283,42033,42497,43830.5050505051,43615,44036,435,495
50000,0,1825,0.149503825240322,0.143406761479278,0.155389274125153,1.82238988209137e-05,0.230567015955311,8191.43574297189,1,12630,52832.7570281124,52574,53076,54790.8212851406,54556,55024,312,498
60000,0,1825,0.175864620801285,0.170153951540733,0.18129654785191,3.04316732855556e-05,0.235214501878127,11562.6666666667,2,15467,63395.8835341365,63114,63699,65748.7228915663,65516,66011,234,498
70000,0,1825,0.191532487299777,0.187032561146351,0.195822669654654,0.00181239731921663,0.230148503898065,14692.118,139,17683,73959.8,73668,74247,76706.98,76431,76962,127,500
80000,0,1825,0.205238257399847,0.201761086854686,0.208215175337363,0.00167821629582273,0.232670104504176,17992.19,147,20456,84522.254,84216,84859,87665.166,87394,87954,79,500
90000,0,1825,0.209007055672644,0.206222858050128,0.211423194247763,3.03637578186676e-05,0.230047806096038,20612.934,3,22665,95088.362,94722,95423,98623.556,98300,98941,47,500
1e+05,0,1825,0.213035492898345,0.210955268754897,0.214833667630835,0.00328395241917828,0.23152516081938,23344.632,360,25374,105652.25,105299,106041,109581.156,109261,109901,30,500
150000,0,1825,0.220033068225455,0.219642726824789,0.220414905385114,0.20728736556193,0.233116463808375,36167.398,34037,38267,158475.498,158048,158935,164372.67,163994,164796,0,500
2e+05,0,1825,0.222675463672918,0.222299116518769,0.223035293323674,0.209183068261659,0.24080191261817,48802.486,45850,52778,211296.046,210808,211816,219164.276,218718,219633,0,500
250000,0,1825,0.223955177355685,0.223596705748521,0.224320265651632,0.21125110408713,0.234835010317562,61353.738,57879,64299,264119.924,263585,264717,273955.402,273456,274467,0,500
3e+05,0,1825,0.225309815680315,0.224997337365711,0.225623929684315,0.215491788573635,0.237220612582781,74070.078,70869,77945,316943.78,316316,317600,328747.68,328198,329299,0,500
350000,0,1825,0.226684116275101,0.226354424736744,0.226988234537996,0.217128426714758,0.236234629505617,86942.232,83315,90660,369764.218,369082,370417,383539.09,382954,384170,0,500
4e+05,0,1825,0.226872598272978,0.226596674698883,0.227158883012097,0.217187717389569,0.236922767929485,99445.07,95224,103807,422587.942,421890,423308,438330.108,437677,438998,0,500
450000,0,1825,0.227515539969783,0.227203751833897,0.2277970518255,0.218457486419964,0.236281182814219,112192.918,107660,116605,475412.986,474680,476168,493122.126,492454,493820,0,500
5e+05,0,1825,0.228029653233537,0.227746286371865,0.228312454156168,0.217835283207956,0.236897431498724,124940.548,119333,129807,528237.086,527449,529043,547913.532,547212,548643,0,500
550000,0,1825,0.22816320855701,0.227907061222464,0.228401603052149,0.218851295839869,0.235984036730117,137515.14,131859,142271,581058.196,580233,581939,602705.376,601958,603494,0,500
6e+05,0,1825,0.228677452917481,0.228449500612319,0.228915997398376,0.21966649684822,0.236049532083834,150353.434,144445,155301,633876.394,633069,634775,657491.49,656557,658236,0,500
650000,0,1825,0.228831713670082,0.228601609992293,0.229063858986533,0.221397893093373,0.236266982518233,162992.598,157686,168357,686696.616,685600,687650,712281.642,711324,713163,0,500
7e+05,0,1825,0.229046183232411,0.228799472588921,0.229271232938273,0.219992387130078,0.236389370833714,175696.714,168761,181209,739525.866,738346,740628,767080.214,766027,768016,0,500
750000,0,1825,0.229277853664723,0.229076803264065,0.229477404071981,0.220838859618169,0.237676771855706,188435.726,181492,195328,792343.58,791425,793281,821866.318,820964,822735,0,500
8e+05,0,1825,0.229528568413239,0.229330702181102,0.229739006633719,0.222073984371169,0.236698888285716,201220.222,194752,207548,845176.094,843978,846027,876667.48,875928,877365,0,500
850000,0,1825,0.229727112228464,0.229536887930115,0.229904574687065,0.223390032019091,0.237418580070807,213980.87,208187,221031,897996.228,896666,899148,931456.992,930413,932267,0,500
9e+05,0,1825,0.229636650741161,0.229450015190575,0.229822975166781,0.222917376007264,0.236910378793718,226480.596,219982,233587,950828.352,949541,952373,986256.154,985255,987538,0,500
950000,0,1825,0.229801818414952,0.229585644674154,0.229992469049803,0.221213000357364,0.236714711357258,239230.822,230273,246447,1003633.382,1002803,1004686,1041031.246,1040121,1041953,0,500
1e+06,0,1825,0.229687147117977,0.229512654361547,0.229865759916554,0.223910158467641,0.236243724955718,251698.952,245320,258878,1056467.34,1055464,1057687,1095833.638,1094922,1096794,0,500
1100000,0,1825,0.229658823872136,0.229492756924196,0.229819744929897,0.224047166077727,0.235615472070771,276830.26,270038,283919,1162096,1160875,1163146,1205397.886,1204336,1206284,0,500
1200000,0,1825,0.229889749233812,0.229715627393095,0.230074095982138,0.223957263826208,0.235676938734219,302301.922,294472,309844,1267746.268,1266473,1269079,1314986.658,1314145,1316046,0,500
1300000,0,1825,0.229894453234072,0.229730088558733,0.230047974621744,0.223923727147631,0.234971668633586,327497.916,318948,334692,1373380.752,1371987,1374685,1424557.95,1423243,1425700,0,500
1400000,0,1825,0.23006900033615,0.229912117112486,0.230233531680197,0.223923406318171,0.235478173594546,352957.494,343666,361313,1479023.198,1477676,1480363,1534137.664,1532982,1535159,0,500
1500000,0,1825,0.230076608033127,0.229913800461266,0.230239152756335,0.224721383705562,0.238240619509085,378181.856,369466,391578,1584662.74,1583288,1586180,1643721.652,1642353,1645298,0,500
1600000,0,1825,0.230011346073173,0.229855744011373,0.230160922912772,0.224650557010301,0.236465104393636,403276.648,393958,414564,1690297.478,1689020,1691703,1753290.262,1752202,1754503,0,500
1700000,0,1825,0.230115327254298,0.229964054048982,0.230250148896959,0.225644318412426,0.237438166025664,428676.184,420300,442216,1795924.518,1794407,1797547,1862875.246,1861541,1864214,0,500
1800000,0,1825,0.230128719758537,0.229988153786549,0.230258194647771,0.225504768355075,0.235227738763369,453917.044,444828,464018,1901563.212,1899840,1902977,1972448.534,1970899,1973810,0,500
1900000,0,1825,0.230188262102269,0.230048267254325,0.230337848062688,0.224304519530323,0.236435698346722,479261.798,466989,492270,2007226.984,2005455,2008758,2082042.736,2080539,2083382,0,500
2e+06,0,1825,0.230257965330019,0.230121237300709,0.230405830921277,0.22597154832788,0.236165749113245,504641.912,495345,517604,2112882.008,2111242,2114413,2191637.28,2190392,2192911,0,500
2100000,0,1825,0.23011268322986,0.229962773757592,0.230255997835468,0.22403097911474,0.23601078031224,529539.818,515474,543028,2218533.256,2217147,2220080,2301219.632,2299963,2302716,0,500
2200000,0,1825,0.230116118964472,0.22999676527715,0.230245851045018,0.224870720802564,0.235855255243795,554763.494,542090,568589,2324163.37,2322724,2325687,2410798.414,2409380,2412119,0,500
2300000,0,1825,0.230171647846096,0.230036063744524,0.230302309117087,0.225822973025511,0.236255457709741,580117.732,569227,595540,2429798.548,2428234,2431511,2520370.206,2518959,2522021,0,500
2400000,0,1825,0.230123766446295,0.229994548473941,0.230243523326136,0.226000199267881,0.234544189336152,605215.3,594296,616809,2535456.208,2533874,2536904,2629955.694,2628500,2631642,0,500
2500000,0,1825,0.230137880665697,0.230007881578435,0.230253157017452,0.226545523556483,0.234847660639587,630472.298,620737,643267,2641099.194,2639278,2643032,2739541.65,2737988,2741652,0,500
10000,1e-05,1825,0.0499064068406146,0.0443367087661603,0.0553672633767089,9.07441016333938e-05,0.26405264601042,546.798742138365,1,2889,10567.2452830189,10452,10687,10957.5094339623,10873,11069,318,318
20000,1e-05,1825,0.129456291633854,0.120722462273167,0.138064213314892,4.53988287102193e-05,0.323905109489051,2837.20273348519,1,7100,21134.4510250569,20961,21314,21916.3462414579,21767,22075,431,439
30000,1e-05,1825,0.230002349513592,0.22201809780375,0.237426296758048,3.02773404384159e-05,0.326639120131251,7561.15983606557,1,10751,31692.368852459,31457,31899,32872.8954918033,32699,33052,319,488
40000,1e-05,1825,0.316181864469105,0.311423850697527,0.320492115947105,2.28440890919475e-05,0.36046962270603,13858.3353535354,1,15812,42250.6929292929,42011,42486,43829.7090909091,43614,44033,112,495
50000,1e-05,1825,0.343024080259952,0.341539762878143,0.344422566233179,0.182923938216897,0.370855228225644,18794.2530120482,10031,20255,52813.7228915663,52565,53049,54789.8995983936,54553,55020,21,498
60000,1e-05,1825,0.380876128018841,0.379836460786158,0.381833078355083,0.25583696082311,0.402264219848443,25041.6827309237,16809,26436,63369.843373494,63088,63658,65747.4939759036,65514,66010,6,498
70000,1e-05,1825,0.398685147740079,0.397960429344298,0.399425192311955,0.326600028670846,0.420184035505577,30581.328,25061,32284,73929.124,73606,74214,76705.4,76430,76961,1,500
80000,1e-05,1825,0.430213607677048,0.429569289720149,0.430905161848375,0.404922108432361,0.451279477028738,37713.71,35506,39576,84482.328,84188,84806,87662.888,87390,87954,0,500
90000,1e-05,1825,0.451546516483613,0.450868893093245,0.452209407487343,0.428218448420775,0.47682004796553,44531.716,42287,46921,95037.53,94704,95347,98620.442,98298,98934,0,500
1e+05,1e-05,1825,0.478247027721365,0.477611890651576,0.478911789451078,0.453454771571747,0.501498346337274,52405.064,49588,54891,105588.97,105258,105929,109577.42,109257,109895,0,500
150000,1e-05,1825,0.628959412188543,0.628424755741826,0.629564582707831,0.609692015764122,0.650900531012208,103377.1,100248,107010,158336.332,157920,158718,164362.162,163978,164783,0,500
2e+05,1e-05,1825,0.749884092262223,0.749504836827353,0.750238510798155,0.734960826926238,0.762567410962779,164332.724,160977,167138,211063.794,210537,211523,219144.27,218678,219607,0,500
250000,1e-05,1825,0.831735300662616,0.831250780784547,0.832220596448912,0.813832156496214,0.851275812179403,227833.92,222907,233001,263786.912,263225,264311,273926.172,273418,274448,1,500
3e+05,1e-05,1825,0.881847873582552,0.881602066947519,0.882035924211442,0.842132324083567,0.886368616470875,289870.002,276803,291567,316507.128,315841,317086,328707.508,328144,329270,1,500
350000,1e-05,1825,0.899851123158172,0.89941900792802,0.900108647967503,0.806171018058973,0.903101371635138,345083.522,309273,346284,369241.236,368570,369909,383489.622,382889,384129,1,500
4e+05,1e-05,1825,0.911319580383828,0.911240987337413,0.91139531203665,0.908989681876885,0.913844939596336,399405.35,398262,400719,421976.546,421228,422659,438271.448,437605,438958,0,500
450000,1e-05,1825,0.918375379344753,0.917432046987765,0.919179697700312,0.827078019763439,0.92249920880298,452809.406,407943,454749,474717.836,473896,475467,493054.878,492365,493757,7,500
5e+05,1e-05,1825,0.907727904155608,0.904439073876868,0.910499946572081,0.847103378509161,0.928722184489772,497288.546,463906,508838,527477.752,526605,528371,547838.952,547111,548590,121,500
550000,1e-05,1825,0.881287856950629,0.878836923303044,0.883995988967592,0.862515812737398,0.933974647962025,531084.916,520095,563508,580257.396,579454,581142,602623.088,601869,603424,375,500
6e+05,1e-05,1825,0.876508345980842,0.875999472107951,0.877220299743753,0.874161265074432,0.937957386376595,576221.598,575104,616873,633019.284,632242,633926,657405.654,656665,658314,494,500
650000,1e-05,1825,0.884411831302815,0.884370960904462,0.884452411005068,0.883058165902611,0.885718862500105,629863.328,629193,630589,685753.726,684940,686831,712183.382,711519,713081,500,500
7e+05,1e-05,1825,0.890977154650579,0.890938624356703,0.891015261845701,0.88949169670577,0.892753657237728,683354.05,682764,683985,738499.97,737372,739527,766971.564,766056,767946,500,500
750000,1e-05,1825,0.895985910403832,0.895957195771828,0.896016086619994,0.894853631371862,0.896948916450135,736277.048,735715,736881,791236.222,790272,792070,821750.78,820981,822570,500,500
8e+05,1e-05,1825,0.899835444664347,0.899805209619285,0.89986746999539,0.898889365077918,0.90100264647521,788746.702,788226,789206,843991.02,842986,844974,876545.596,875636,877414,500,500
850000,1e-05,1825,0.902816722200793,0.90278676336279,0.902845095214868,0.901718373043244,0.903708598597792,840817.802,840472,841321,896733.042,895587,897727,931327.338,930428,932268,500,500
9e+05,1e-05,1825,0.905133602527255,0.905108113308223,0.905160656676566,0.904190567272565,0.90587487936775,892560.692,892247,892846,949475.382,948506,950453,986109.424,985365,987074,500,500
950000,1e-05,1825,0.906937581635621,0.906911857316538,0.906961702164855,0.906185618475446,0.907743858468343,944010.682,943752,944316,1002207.404,1001087,1003286,1040877.328,1039957,1041773,500,500
1e+06,1e-05,1825,0.908327350708434,0.908302968392036,0.90835242412473,0.907573953057432,0.909165480690357,995229.316,994955,995499,1054964.888,1053913,1056000,1095672.614,1094737,1096590,500,500
1100000,1e-05,1825,0.91027229879311,0.910250476293161,0.910296537846036,0.909424978260635,0.910937188600279,1097083.906,1096803,1097305,1160438.958,1159247,1161657,1205226.172,1204240,1206337,500,500
1200000,1e-05,1825,0.911448654864666,0.911427873029256,0.91146929123334,0.910773846571233,0.912147597881021,1198367.148,1198152,1198581,1265933.73,1264781,1267074,1314794.004,1313788,1315881,500,500
1300000,1e-05,1825,0.912170254910636,0.912150867032936,0.912192360028584,0.911484639818618,0.912872195644277,1299251.766,1299072,1299406,1371420.852,1370265,1372813,1424352.364,1423267,1425504,500,500
1400000,1e-05,1825,0.912610870133484,0.912591748836707,0.912631177287521,0.911956032415409,0.913426540389507,1399864.778,1399693,1400025,1476905.708,1475245,1478022,1533912.114,1532502,1534949,500,500
1500000,1e-05,1825,0.912869570310756,0.912851702160701,0.912888685855935,0.912292926860709,0.913532108695255,1500289.906,1500117,1500442,1582388.966,1581034,1583909,1643487.79,1642376,1644588,500,500
1600000,1e-05,1825,0.913031338427022,0.913011567751396,0.913051423775278,0.912313981564025,0.913676354403094,1600588.548,1600446,1600748,1687875.282,1686132,1689341,1753048.96,1751768,1754396,500,500
1700000,1e-05,1825,0.913128839731147,0.913111277932179,0.913145348098028,0.91256467336163,0.913668032896963,1700806.35,1700658,1700935,1793366.154,1792105,1794792,1862613.856,1861570,1863789,500,500
1800000,1e-05,1825,0.91319423628288,0.913175027437338,0.913213337174932,0.912536552467073,0.913800705579231,1800972.976,1800838,1801152,1898855.52,1897342,1900113,1972168.686,1970863,1973533,500,500
1900000,1e-05,1825,0.913225215439742,0.913208610719452,0.913242234301622,0.912626751648618,0.913980955274654,1901103.688,1900969,1901267,2004356.242,2002979,2006019,2081746.912,2080051,2083109,500,500
2e+06,1e-05,1825,0.913245915444479,0.913229556865271,0.913262162916651,0.912724673864014,0.913957363903862,2001216.08,2001063,2001373,2109859.032,2108066,2111288,2191322.326,2189647,2192567,500,500
2100000,1e-05,1825,0.913261397684616,0.913242987458319,0.913278836326088,0.912735258958606,0.913853052011734,2101312.366,2101164,2101454,2215354.798,2213920,2217249,2300888.294,2299385,2302180,500,500
2200000,1e-05,1825,0.913268962411836,0.913253157330155,0.913284309846392,0.912745981741938,0.913771626929525,2201395.86,2201230,2201604,2320866.126,2319297,2322366,2410457.416,2409189,2411866,500,500
2300000,1e-05,1825,0.913275227329299,0.913260234712804,0.913291138078175,0.912714779630527,0.913806671812513,2301471.626,2301315,2301619,2426354.61,2424747,2428186,2520019.858,2518524,2521538,500,500
2400000,1e-05,1825,0.91327679107159,0.913261506718601,0.913291382139804,0.912823750448037,0.913841710631708,2401541.546,2401355,2401737,2531847.534,2530338,2533704,2629587.932,2628035,2630923,500,500
2500000,1e-05,1825,0.913279344692,0.913264936047858,0.913295256521134,0.912900628861043,0.913749832435822,2501612.048,2501438,2501799,2637341.892,2635511,2639141,2739153.298,2737753,2740289,500,500
10000,0.001,1825,0.908556426770047,0.908265808012819,0.908855579400514,0.901246837730394,0.917195694176097,9954.11320754717,9929,9987,10549.4968553459,10428,10660,10956.0597484277,10869,11068,318,318
20000,0.001,1825,0.913248522174535,0.913057015018228,0.913441904590353,0.907022077156716,0.919093999816227,20011.8883826879,19999,20026,21099.5102505695,20920,21253,21912.9612756264,21766,22068,439,439
30000,0.001,1825,0.913318375902296,0.913185146488144,0.913454126993615,0.908419810607207,0.918060865575776,30019.2684426229,30003,30041,31648.0983606557,31445,31836,32868.4467213115,32695,33053,488,488
40000,0.001,1825,0.913341904003675,0.913224496171547,0.913476693741824,0.909285000454256,0.917790313703908,40026.1454545455,40007,40050,42197.1292929293,41960,42443,43823.9333333333,43608,44028,495,495
50000,0.001,1825,0.913304198542121,0.913204850487528,0.913405552042962,0.909570117240753,0.917273243981592,50033.0502008032,50007,50051,52748.078313253,52473,53011,54782.5562248996,54541,55016,498,498
60000,0.001,1825,0.913322655161311,0.913234784033541,0.913414879896589,0.909718960684797,0.916606867490114,60040.7429718876,60014,60065,63297.234939759,63032,63599,65738.9036144578,65497,66005,498,498
70000,0.001,1825,0.913332995772051,0.913248807574556,0.913422589562669,0.910068997778038,0.916650308193632,70048.54,70022,70080,73847.94,73504,74161,76695.608,76413,76959,500,500
80000,0.001,1825,0.913343683588854,0.91326532726587,0.913428318333837,0.910430955061931,0.916102082856489,80056.616,80029,80086,84396.51,84095,84738,87652.33,87380,87939,500,500
90000,0.001,1825,0.913356535256024,0.913280897035689,0.913436270496853,0.910336113217084,0.916387687611295,90064.946,90031,90098,94946.086,94539,95318,98608.846,98275,98932,500,500
1e+05,0.001,1825,0.913367797948273,0.913296521293384,0.91344459395723,0.91059906995368,0.916098320135488,100073.208,100042,100107,105495.188,105091,105858,109565.168,109235,109887,500,500
150000,0.001,1825,0.913408589848522,0.913349686226345,0.913469510694878,0.910969503868912,0.915566236253515,150117.278,150076,150161,158242.318,157760,158704,164348.536,163951,164775,500,500
2e+05,0.001,1825,0.915799331444651,0.914684458497085,0.917005032429545,0.911443533697632,0.998007248860795,200681.226,200114,218782,210989.558,210431,211539,219132.438,218669,219605,486,500
250000,0.001,1825,0.922285131761396,0.920079735292846,0.92467330356535,0.911787318857743,0.998408300203343,252628.77,250164,273953,263732.48,263132,264290,273915.876,273400,274440,448,500
3e+05,0.001,1825,0.936756546361379,0.933539605670942,0.940134724764456,0.911886191899312,0.998614030278108,307911.182,300202,328568,316470.346,315817,317169,328699.06,328137,329271,363,500
350000,0.001,1825,0.955051340469969,0.951507201228052,0.958935847418944,0.912056357241598,0.998910303368414,366245.766,350256,383564,369199.754,368463,370007,383482.09,382873,384128,256,500
4e+05,0.001,1825,0.973015266786454,0.969451919874254,0.97643317385915,0.912493845620817,0.998970460667489,426438.514,400310,438403,421923.952,421156,422626,438264.606,437602,438948,151,500
450000,0.001,1825,0.985550757348252,0.982814038366758,0.988110365825536,0.91228073728575,0.999119791508219,485922.57,450361,493213,474648.424,473792,475564,493047.212,492361,493757,78,500
5e+05,0.001,1825,0.993845880919804,0.992141935925446,0.995556315784469,0.913161351528862,0.999132499315131,544458.794,500410,548050,527375.866,526467,528184,547830.034,547099,548583,30,500
550000,0.001,1825,0.996995659482135,0.99579628646663,0.998020342067801,0.913225354332015,0.999215146185245,600802.454,550483,602829,580104.538,579113,580956,602612.736,601845,603413,12,500
6e+05,0.001,1825,0.998773519508479,0.998259162034618,0.999115774457846,0.913706564587711,0.999284722898607,656589.33,600551,657612,632835.796,631987,633764,657395.494,656714,658164,2,500
650000,0.001,1825,0.998996212908961,0.998652279437517,0.999170048745593,0.913855678906917,0.999332924193505,711456.888,650636,712348,685561.936,684442,686577,712171.722,711227,712974,1,500
7e+05,0.001,1825,0.999216635997289,0.999212589879351,0.999220731016855,0.999035039791569,0.999343797780132,766360.948,765494,767378,738301.74,737157,739308,766961.758,766057,767960,0,500
750000,0.001,1825,0.999256441060542,0.999252656475227,0.999260343068885,0.999079086629116,0.999395276341677,821129.044,820285,821945,791030.924,789980,791879,821740.056,820986,822543,0,500
8e+05,0.001,1825,0.999291514230995,0.999287848260153,0.999295270392508,0.999116957496449,0.999420361292914,875912.074,874927,876873,843772.24,842645,844643,876533.086,875624,877432,0,500
850000,0.001,1825,0.999325226056376,0.999321764944044,0.999328394453336,0.999216559149248,0.999436558650488,930688.73,929595,931742,896506.332,895117,897543,931317.158,930232,932305,0,500
9e+05,0.001,1825,0.999354611760765,0.999351292782108,0.999357810366326,0.99920932109065,0.999454306817513,985460.894,984601,986325,949236.336,948071,950234,986097.31,985230,986976,0,500
950000,0.001,1825,0.999380722362337,0.999377810006385,0.999383949405506,0.999267733674161,0.999473725657411,1040220.02,1039357,1041417,1001957.43,1000942,1003339,1040864.604,1040009,1042060,0,500
1e+06,0.001,1825,0.999403159677493,0.999400564132887,0.9994059821066,0.999302813476141,0.999490799718206,1095005.638,1094016,1095861,1054704.524,1053668,1055761,1095659.572,1094692,1096544,0,500
1100000,0.001,1825,0.999445432613654,0.999442881767328,0.99944808351535,0.999338195413147,0.999536981718246,1204544.4,1203443,1205629,1160163.824,1158982,1161373,1205212.772,1204095,1206247,0,500
1200000,0.001,1825,0.999478084698471,0.999475823117493,0.999480498252686,0.999390894905418,0.999550682415337,1314091.622,1313092,1315146,1265637.826,1264662,1266741,1314777.824,1313851,1315863,0,500
1300000,0.001,1825,0.999506605960188,0.999504508026892,0.999508663422661,0.999426946573302,0.999584967246823,1423635.41,1422399,1424644,1371107.05,1369647,1372352,1424338.17,1423116,1425314,0,500
1400000,0.001,1825,0.99953037476076,0.999528488837841,0.999532328424488,0.999470574850089,0.999608309061747,1533173.832,1531857,1534233,1476566.084,1475056,1477906,1533894.188,1532568,1534945,0,500
1500000,0.001,1825,0.999551899837818,0.999549914860861,0.999553816885667,0.999469429850047,0.999606406509683,1642735.908,1641561,1643893,1582044.064,1580832,1583373,1643472.348,1642229,1644669,0,500
1600000,0.001,1825,0.999570460080972,0.999568678584513,0.999572229156554,0.999506428976556,0.99963201461444,1752280.104,1751052,1753641,1687507.544,1686155,1688929,1753033.102,1751772,1754306,0,500
1700000,0.001,1825,0.999586880031335,0.999584937772153,0.99958866591505,0.999514610023518,0.999653673424241,1861827.354,1860475,1862999,1792978.652,1791450,1794491,1862596.83,1861233,1863801,0,500
1800000,0.001,1825,0.999600922306968,0.999599354104659,0.9996025676702,0.999524306034518,0.999659090044364,1971365.458,1969908,1972613,1898467.366,1896892,1899854,1972152.5,1970699,1973404,0,500
1900000,0.001,1825,0.999614347097103,0.999612738893467,0.999615876941925,0.999563998993548,0.999662337737192,2080928.228,2079689,2082094,2003991.576,2002513,2005429,2081731.054,2080445,2082925,0,500
2e+06,0.001,1825,0.999625423045333,0.999624078732623,0.999626782452957,0.999575695278036,0.999675024441631,2190482.268,2188961,2191740,2109486.474,2107973,2110992,2191303.08,2189817,2192594,0,500
2100000,0.001,1825,0.999635932214805,0.999634639434267,0.999637351831541,0.999590460423347,0.99969323167396,2300031.556,2298675,2301280,2214968.042,2213271,2216396,2300869.228,2299525,2302125,0,500
2200000,0.001,1825,0.999646078458053,0.999644770918663,0.999647483356879,0.999593417681186,0.999699262716624,2409585.838,2408287,2410970,2320460.194,2318823,2322069,2410438.944,2409182,2411826,0,500
2300000,0.001,1825,0.999653780564038,0.999652501054582,0.999655142698327,0.999598905499993,0.999700955158742,2519130.45,2517724,2520667,2425930.054,2424194,2427690,2520002.924,2518607,2521587,0,500
2400000,0.001,1825,0.99966222391194,0.999661103316287,0.999663490289981,0.999606801198458,0.99969648435316,2628675.824,2626880,2630281,2531394.484,2529594,2533290,2629564.028,2627767,2631197,0,500
2500000,0.001,1825,0.999669845041665,0.999668700222253,0.999671055768191,0.999627279218608,0.999714089264764,2738227.816,2736749,2739683,2636880.14,2635222,2638261,2739132.154,2737662,2740573,0,500
10000,0.1,1825,0.914097211349049,0.913807060175889,0.914405626581963,0.906018434845473,0.923301413588691,10014.7075471698,10001,10124,10548.7735849057,10435,10654,10955.9371069182,10869,11066,318,318
20000,0.1,1825,0.917293585544014,0.916836590014487,0.917763602496459,0.907842248413418,0.947330052852196,20100.4533029613,20011,20792,21098.9384965831,20925,21262,21912.8656036446,21766,22068,439,439
30000,0.1,1825,0.936788387447867,0.934528481858333,0.939022323497832,0.911287392515441,0.999908678579039,30790.6352459016,30017,32993,31645.7950819672,31438,31836,32868.2581967213,32695,33052,459,488
40000,0.1,1825,0.978323780354833,0.975641016945842,0.980914270106597,0.913066277558651,0.999954372276595,42873.8343434343,40041,44013,42190.5535353535,41944,42422,43823.6343434343,43606,44026,197,495
50000,0.1,1825,0.996014371838685,0.994636614596599,0.997251165188238,0.913724487933112,0.999963544894462,54563.9337349398,50052,55003,52738.3654618474,52440,52988,54782.1345381526,54538,55014,34,498
60000,0.1,1825,0.999288972633686,0.998639881550056,0.999765232625094,0.913809364446743,0.999939165348583,65691.5742971888,60072,65996,63285.2128514056,63020,63573,65738.3273092369,65496,66005,3,498
70000,0.1,1825,0.999776310876304,0.999771258253135,0.999781139292085,0.999556176328534,0.999908793599917,76677.814,76396,76945,73833.57,73471,74129,76694.97,76412,76959,0,500
80000,0.1,1825,0.999785357352111,0.99978043334982,0.999790056407789,0.999600556937755,0.999954361344058,87632.72,87360,87926,84379.674,84031,84701,87651.534,87376,87939,0,500
90000,0.1,1825,0.9997924733212,0.99978786291159,0.999796833862093,0.999644763818687,0.999929024800763,98587.47,98255,98915,94926.674,94508,95278,98607.934,98274,98930,0,500
1e+05,0.1,1825,0.999796668279345,0.99979267980752,0.999800217340072,0.999671271903792,0.999936111567457,109541.89,109210,109867,105475.176,105035,105837,109564.168,109231,109887,0,500
150000,0.1,1825,0.999811753172389,0.999808637696691,0.999814774485685,0.999701447067784,0.999914720985338,164316.218,163919,164744,158213.216,157675,158699,164347.156,163950,164776,0,500
2e+05,0.1,1825,0.999819441932716,0.999816860195232,0.999821985743616,0.999730829592321,0.999908813619598,219091.104,218629,219563,210952.416,210375,211480,219130.67,218667,219600,0,500
250000,0.1,1825,0.999823864989323,0.999821658854817,0.999826162413344,0.999740654427504,0.999901510895813,273865.892,273353,274398,263690.804,263069,264288,273914.138,273401,274441,0,500
3e+05,0.1,1825,0.999825815753328,0.999823796171797,0.999827877180111,0.999753330044401,0.999893600204288,328639.612,328083,329212,316426.548,315715,317083,328696.866,328135,329263,0,500
350000,0.1,1825,0.999828388059602,0.999826642308488,0.999830234117848,0.999759889549193,0.999885188838268,383414.676,382810,384063,369164.614,368448,369878,383480.486,382874,384126,0,500
4e+05,0.1,1825,0.999829094042001,0.999827425128987,0.999830822380584,0.999762504481586,0.999890403952764,438188.678,437524,438887,421899.202,421090,422702,438263.58,437598,438961,0,500
450000,0.1,1825,0.999830316498619,0.999828794691511,0.999831927517525,0.999766562397871,0.999890418075336,492962.734,492273,493681,474633.412,473744,475444,493046.396,492356,493756,0,500
5e+05,0.1,1825,0.999831506383259,0.999830006734644,0.999833130540203,0.999769833586029,0.99988858935864,547737.24,547001,548491,527365.812,526415,528184,547829.546,547094,548578,0,500
550000,0.1,1825,0.999832373492231,0.999830977133043,0.999833873334089,0.999772491385395,0.999882242110221,602511.364,601741,603319,580097.462,579076,580960,602612.378,601842,603414,0,500
6e+05,0.1,1825,0.999833083318686,0.999831713719212,0.999834503725478,0.999773448808554,0.99988442259964,657284.32,656374,658178,632828.074,631884,633629,657394.05,656481,658305,0,500
650000,0.1,1825,0.999833925054618,0.999832650851514,0.999835222863078,0.999772510889988,0.999884845208086,712053.162,711319,712786,685556.26,684699,686354,712171.436,711457,712893,0,500
7e+05,0.1,1825,0.999834471271463,0.999833250573313,0.999835729274701,0.999781095227485,0.999881268625169,766835.6,765964,767744,738299.244,737109,739150,766962.554,766091,767858,0,500
750000,0.1,1825,0.999835076292372,0.999833871982268,0.999836353945787,0.99978593677594,0.999877072724263,821602.05,820794,822437,791025.08,789982,791809,821737.574,820931,822560,0,500
8e+05,0.1,1825,0.999835321942051,0.999834190573234,0.999836558279899,0.999786697935761,0.999879054663869,876389.342,875551,877381,843771.024,842782,844687,876533.688,875696,877520,0,500
850000,0.1,1825,0.999835862476813,0.999834724926116,0.999837068249105,0.999786245143522,0.999879736321886,931162.212,930312,932034,896502.474,895321,897428,931315.076,930475,932203,0,500
9e+05,0.1,1825,0.99983615631808,0.99983502638929,0.999837296697739,0.99979212740866,0.999883319331653,985935.85,985142,986958,949235.1,948182,950420,986097.416,985294,987092,0,500
950000,0.1,1825,0.999836374327516,0.99983533760116,0.999837488184818,0.999792417870515,0.999880883994459,1040693.226,1039838,1041534,1001954.858,1000879,1003058,1040863.538,1039999,1041682,0,500
1e+06,0.1,1825,0.999836732226077,0.999835709331784,0.999837808922487,0.999794617518487,0.999877685443472,1095480.402,1094538,1096265,1054701.678,1053673,1055831,1095659.288,1094727,1096450,0,500
1100000,0.1,1825,0.999837076131936,0.999836088289189,0.999838122759348,0.999798382747537,0.99987468921265,1205016.636,1203944,1206082,1160162.402,1158903,1161472,1205212.994,1204147,1206269,0,500
1200000,0.1,1825,0.999837403663728,0.999836475565849,0.999838401810632,0.999798506055463,0.999876022151723,1314564.134,1313646,1315550,1265632.412,1264649,1266695,1314777.912,1313879,1315751,0,500
1300000,0.1,1825,0.999837839389266,0.999836919164258,0.999838824960846,0.999803406267268,0.999879208223954,1424107.566,1423029,1425104,1371102.338,1369779,1372267,1424338.538,1423269,1425337,0,500
1400000,0.1,1825,0.999838017849929,0.999837188897547,0.999838965486093,0.999805114220014,0.999874158967869,1533647.118,1532445,1534688,1476564.196,1475369,1478256,1533895.582,1532702,1534944,0,500
1500000,0.1,1825,0.999838326531746,0.999837431953934,0.99983920658064,0.999807610350076,0.999863127280071,1643206.974,1641909,1644269,1582039.258,1580717,1583486,1643472.68,1642160,1644533,0,500
1600000,0.1,1825,0.999838709076417,0.999837910286266,0.999839574517791,0.99981403510173,0.999865926428411,1752749.34,1751375,1754001,1687501.758,1685991,1688940,1753032.088,1751672,1754254,0,500
1700000,0.1,1825,0.999838636922357,0.999837805463807,0.999839453383515,0.999813723179761,0.999866873871045,1862295.68,1861105,1863515,1792974.274,1791639,1794377,1862596.234,1861431,1863845,0,500
1800000,0.1,1825,0.999838950477148,0.999838206758114,0.99983978508807,0.99980125553772,0.999871257143581,1971834.23,1970800,1972980,1898454.6,1896805,1900046,1972151.844,1971077,1973302,0,500
1900000,0.1,1825,0.99983904640002,0.99983823104918,0.999839841574327,0.999812577401929,0.999862118995631,2081395.45,2079739,2082578,2003979.546,2002277,2005465,2081730.512,2080069,2082934,0,500
2e+06,0.1,1825,0.999839015580579,0.999838253591872,0.99983974876705,0.999815630768669,0.999863138249073,2190950.802,2189456,2192265,2109482.772,2107996,2110806,2191303.568,2189810,2192627,0,500
2100000,0.1,1825,0.999839087793099,0.999838389388151,0.999839761701695,0.999818700066433,0.999860090089816,2300499.542,2298989,2302035,2214966.616,2212983,2216531,2300869.78,2299316,2302406,0,500
2200000,0.1,1825,0.999839084918102,0.999838349402434,0.999839807887927,0.999812102428649,0.999862274038158,2410051.146,2408469,2411335,2320455.066,2318758,2321745,2410439.022,2408827,2411740,0,500
2300000,0.1,1825,0.999839151654962,0.999838441235938,0.999839849457974,0.999813441055908,0.999865458892334,2519595.048,2518037,2520925,2425926.932,2424008,2427425,2520000.386,2518447,2521332,0,500
2400000,0.1,1825,0.999839136751221,0.999838474827831,0.999839813664816,0.99981975788236,0.999861604904053,2629139.418,2627465,2630537,2531395.794,2529749,2533257,2629562.418,2627889,2630958,0,500
2500000,0.1,1825,0.999839062770148,0.999838429685298,0.99983971516191,0.999816026299479,0.999863804193516,2738688.508,2736798,2740359,2636871.964,2634889,2638714,2739129.336,2737266,2740822,0,500
10000,0,365,0.0294082551072292,0.026314363947273,0.0321323978152453,9.7904836498923e-05,0.0985487350460875,299.619496855346,1,1005,10110.6698113208,10065,10153,10187.8113207547,10147,10228,279,318
20000,0,365,0.0290866769336788,0.0267627474359385,0.031408480270665,4.89715964740451e-05,0.0797215140223573,592.603644646925,1,1626,20221.291571754,20151,20291,20374.8200455581,20315,20436,291,439
30000,0,365,0.0342590378652637,0.0324091083880458,0.0359718457523147,3.26786706316787e-05,0.0652138346258303,1047.06147540984,1,1993,30331.6495901639,30259,30413,30562.2110655738,30487,30639,200,488
40000,0,365,0.0401521353423876,0.0385652960058877,0.0416444763880062,2.45314493180257e-05,0.0626304801670146,1636.2303030303,1,2550,40442.1797979798,40346,40544,40749.5414141414,40672,40843,126,495
50000,0,365,0.042103276546621,0.0409578049293128,0.0432407720387236,1.96278558530266e-05,0.0564726666012366,2144.66666666667,1,2877,50552.3333333333,50441,50656,50937.2309236948,50835,51032,62,498
60000,0,365,0.0449747429879787,0.0440635825325469,0.0458261596041632,3.27171601504989e-05,0.0598026218883488,2749.07630522088,2,3654,60662.6385542169,60552,60772,61124.8112449799,61017,61224,33,498
70000,0,365,0.0442015839464974,0.0435220135814001,0.0448563533012482,0.0019506307975133,0.055359246171967,3152.108,139,3948,70772.8,70652,70904,71312.04,71196,71429,19,500
80000,0,365,0.0459110704880222,0.0453700495692459,0.0464081142630232,0.00180474389824682,0.0557293391724629,3741.752,147,4543,80882.854,80753,81001,81499.484,81381,81622,9,500
90000,0,365,0.0447660237350261,0.0442399314821867,0.0452087772826456,3.26840109818277e-05,0.0563053242052937,4104.482,3,5165,90994.262,90844,91126,91687.512,91566,91805,6,500
1e+05,0,365,0.0461043881932269,0.0457258651928884,0.0464368083862516,0.00353374233128834,0.0557884711681018,4696.828,360,5682,101103.85,100925,101241,101874.078,101746,102000,3,500
150000,0,365,0.0455260535628991,0.0453006173634822,0.0457598102542484,0.038350108235725,0.052920998193197,6956.914,5864,8084,151657.052,151460,151824,152811.788,152655,152968,0,500
2e+05,0,365,0.0464671497680314,0.0462665323377531,0.0466703416505011,0.039246406137193,0.0546262427887566,9467.632,7991,11126,202208.078,201978,202416,203749.14,203571,203931,0,500
250000,0,365,0.0461291605847835,0.0459377677130338,0.0463255279066632,0.0391201212759106,0.0522691042162383,11748.468,9961,13312,252760.588,252513,252982,254686.416,254490,254888,0,500
3e+05,0,365,0.0466968660685956,0.0465190623474376,0.0468830625677324,0.0405696231512432,0.0533509642450348,14271.684,12404,16300,303313.096,303038,303567,305624.008,305397,305848,0,500
350000,0,365,0.0468173385695876,0.0466566714688294,0.0469936883170889,0.0407429951501109,0.0525293685138101,16693.258,14525,18718,353865.428,353567,354125,356561.454,356311,356792,0,500
4e+05,0,365,0.046761655410715,0.0466022011432285,0.0469150264194852,0.0412229963361154,0.0519154722835198,19055.308,16798,21150,404417.696,404114,404703,407499.002,407243,407760,0,500
450000,0,365,0.0468643005002217,0.0467140324805016,0.0470200415079434,0.0417919173498192,0.0522310106224063,21484.276,19158,23951,454970.082,454640,455291,458436.056,458157,458703,0,500
5e+05,0,365,0.046880687890578,0.0467197904506147,0.0470298858928853,0.0414453544562543,0.0532873630019988,23879.788,21107,27140,505521.71,505184,505845,509373.648,509091,509650,0,500
550000,0,365,0.0469183881825609,0.0467769130429228,0.0470649123150597,0.0427740937934088,0.0512750968902339,26288.882,23957,28736,556073.344,555727,556408,560310.722,560005,560596,0,500
6e+05,0,365,0.047045781751098,0.0469033826955725,0.0471861492170542,0.0420845585768684,0.0517063386238365,28756.318,25718,31604,606618.716,606247,607016,611241.288,610890,611530,0,500
650000,0,365,0.0470284068248962,0.0468969792467289,0.0471542313998225,0.0418998083518714,0.0520028141456109,31141.106,27744,34445,657168.614,656740,657605,662176.818,661840,662540,0,500
7e+05,0,365,0.0470234073443818,0.0468958124755071,0.0471559247954321,0.0433715611125602,0.051541288006283,33532.974,30928,36751,707718.906,707346,708125,713112.498,712785,713440,0,500
750000,0,365,0.047143149359668,0.0470150448743304,0.047271717522527,0.0422813917117636,0.0510517861841545,36019.598,32307,38998,758268.438,757771,758763,764047.806,763644,764448,0,500
8e+05,0,365,0.0471145631862316,0.0469889219892103,0.0472411997405532,0.0426776148045262,0.0509417713692671,38397.842,34782,41526,808824.43,808410,809260,814988.974,814636,815349,0,500
850000,0,365,0.0471839807983752,0.0470776878879026,0.047303537014514,0.0437300646937498,0.0506897005791591,40858.01,37867,43884,859380.42,858882,859784,865930.092,865561,866272,0,500
9e+05,0,365,0.0471612127834712,0.0470400566629382,0.0472815267778449,0.0420524198958671,0.0520755293104106,43240.684,38550,47753,909935.062,909498,910415,916869.588,916476,917247,0,500
950000,0,365,0.047126612493905,0.047007746798798,0.0472518494519899,0.0436838184622792,0.0526779072650632,45609.1,42281,50988,960479.234,960042,961004,967799.162,967379,968173,0,500
1e+06,0,365,0.0471715329561886,0.0470637291731668,0.0472792774371332,0.0430341025333928,0.051457676296822,48055.756,43836,52424,1011039.082,1010502,1011441,1018744.49,1018171,1019102,0,500
1100000,0,365,0.0470825666057154,0.0469813617268759,0.0471865272480402,0.0424709804537472,0.0509405388811697,52761.536,47594,57083,1112141.428,1111606,1112668,1120616.872,1120227,1121095,0,500
1200000,0,365,0.047224091632309,0.047120987780346,0.0473284715128311,0.0431716533603632,0.0508232891807849,57731.232,52771,62124,1213249.128,1212764,1213802,1222495.392,1222074,1222958,0,500
1300000,0,365,0.0471786427156105,0.0470613016127523,0.0472839883522018,0.0436204234046811,0.0506609609131219,62481.736,57765,67101,1314349.092,1313732,1314859,1324365.02,1323949,1324794,0,500
1400000,0,365,0.0473130041314283,0.0472070070217729,0.0474189186960953,0.0429850151895344,0.0523896962163231,67479.882,61310,74724,1415456.97,1414991,1416019,1426243.668,1425721,1426703,0,500
1500000,0,365,0.047264113485171,0.0471575298409207,0.0473604977328297,0.0440818564887255,0.0504467563538609,72225.05,67361,77089,1516556.358,1516000,1517122,1528116.244,1527618,1528584,0,500
1600000,0,365,0.0471833395361443,0.047089076508722,0.0472801622586076,0.0438214530222834,0.0503921955959741,76908.69,71433,82142,1617672.38,1616894,1618298,1629996.612,1629376,1630523,0,500
1700000,0,365,0.0472518929500893,0.0471509258676374,0.0473541433190834,0.0443158732733672,0.0507600439012027,81833.992,76764,87920,1718765.174,1718132,1719430,1731866.636,1731385,1732446,0,500
1800000,0,365,0.0471862344012683,0.0470809707805941,0.0472793409938189,0.043919471607405,0.0501014220903856,86527.424,80539,91882,1819868.752,1819220,1820520,1833742.672,1833264,1834224,0,500
1900000,0,365,0.0473177793595259,0.0472201405715556,0.0474105624564097,0.0444406101608057,0.0504110070318111,91588.826,86026,97570,1920973.172,1920131,1921827,1935611.228,1935068,1936423,0,500
2e+06,0,365,0.047251041139214,0.0471617794292413,0.0473362892983698,0.0444671926005461,0.0508434738787826,96273.406,90614,103616,2022081.896,2021395,2022832,2037487.464,2036850,2038194,0,500
2100000,0,365,0.0473137904483343,0.0472290444411981,0.0474056173311394,0.0447946132604432,0.0506905054795494,101221.464,95837,108457,2123189.322,2122485,2123874,2139365.022,2138712,2139962,0,500
2200000,0,365,0.0472955188163399,0.0472074358492717,0.0473879595543247,0.0443992892972485,0.0505381179523144,106000.356,99506,113282,2224286.542,2223508,2224977,2241234.526,2240649,2241775,0,500
2300000,0,365,0.0472850671023291,0.0472002636467231,0.0473731935142081,0.0444816147723742,0.0500801555649644,110794.238,104219,117335,2325394.64,2324608,2326055,2343112.136,2342506,2343736,0,500
2400000,0,365,0.0473102649738699,0.047219057349654,0.0474075758196225,0.0442352971970842,0.0514145347743208,115672.536,108158,125689,2426494.372,2425704,2427232,2444977.554,2444311,2445657,0,500
2500000,0,365,0.0472802221646029,0.0471954429978908,0.047363076032324,0.0440020601737172,0.049590473075357,120415.836,112089,126293,2527599.818,2526531,2528289,2546853.874,2546184,2547426,0,500
10000,1e-05,365,0.0425102570890166,0.0386994764625486,0.0463625905945588,9.78760888714887e-05,0.124705651491366,433.103773584906,1,1271,10110.2547169811,10059,10152,10187.8081761006,10147,10228,240,318
20000,1e-05,365,0.0602972860206455,0.0574713229467806,0.0631020905130406,4.90268176692651e-05,0.106683678476789,1228.5854214123,1,2174,20220.0956719818,20151,20291,20374.7972665148,20315,20436,141,439
30000,1e-05,365,0.068998746345918,0.0673893302421772,0.0705738571510141,3.26626600470342e-05,0.0976703095347163,2108.75614754098,1,2985,30329.5532786885,30258,30411,30562.1885245902,30487,30639,43,488
40000,1e-05,365,0.0830459467550127,0.0819145660209755,0.0839958636178081,2.45833128472393e-05,0.102380776885089,3384.10707070707,1,4167,40438.6646464646,40346,40539,40749.5131313131,40672,40843,8,495
50000,1e-05,365,0.089002631714009,0.0883872214399901,0.0896498340421918,0.0690676553090488,0.113339488106229,4533.5421686747,3521,5770,50547.9759036145,50435,50655,50937.1666666667,50835,51032,0,498
60000,1e-05,365,0.102952361348699,0.102302016542501,0.103610358482879,0.0793770245067565,0.127447292235725,6292.94979919679,4852,7792,60656.0301204819,60545,60767,61124.7510040161,61017,61224,0,498
70000,1e-05,365,0.108172834995434,0.10751116914441,0.108856641671615,0.0876036303954438,0.130238302411093,7714.006,6245,9280,70764.386,70635,70895,71311.988,71196,71429,0,500
80000,1e-05,365,0.121480708031061,0.120666084725187,0.12230522031031,0.0938086764435172,0.14835717615881,9900.592,7644,12092,80870.838,80725,81002,81499.362,81381,81622,0,500
90000,1e-05,365,0.127582299047543,0.126721595169586,0.128431602657667,0.0995855148342059,0.153520496677542,11697.676,9130,14070,90978.788,90824,91119,91687.354,91566,91805,0,500
1e+05,1e-05,365,0.145461627123433,0.144564962898467,0.146500168363593,0.109391429104881,0.17831542978339,14818.736,11132,18160,101081.712,100922,101227,101873.864,101746,102000,0,500
150000,1e-05,365,0.359121065601288,0.358088249483531,0.360106237252113,0.324208473489261,0.394116185069394,54877.504,49541,60258,151565.148,151368,151753,152810.566,152654,152968,0,500
2e+05,1e-05,365,0.578035258394252,0.577595683276458,0.578462640665646,0.560644955456843,0.59378173771827,117772.39,114223,121024,202002.046,201732,202224,203746.054,203570,203928,0,500
250000,1e-05,365,0.706184211230757,0.705872487340223,0.706510811781051,0.694287497987726,0.715130687508591,179851.96,176826,182083,252442.226,252173,252682,254681.39,254478,254882,0,500
3e+05,1e-05,365,0.791387013981469,0.791206551255958,0.791578447482632,0.785638814651013,0.79728200061505,241861.218,240141,243702,302880.078,302572,303144,305616.884,305392,305844,0,500
350000,1e-05,365,0.847198210051284,0.847027772129552,0.847370252391303,0.841945689427893,0.853335315301166,302070.236,300189,304255,353321.688,352979,353622,356552.046,356300,356782,0,500
4e+05,1e-05,365,0.893638021171606,0.893420226278987,0.893850421664732,0.884911578048385,0.899466639830935,364146.67,360582,366458,403757.222,403418,404071,407487.912,407229,407746,0,500
450000,1e-05,365,0.909769339516578,0.909537986983058,0.909979850332392,0.889926069096708,0.912483477365627,417059.176,407943,418339,454213.868,453843,454556,458422.984,458142,458690,7,500
5e+05,1e-05,365,0.921287564399836,0.920861397594162,0.921678093812893,0.910835841584547,0.926440107090422,469265.682,463906,471999,504674.472,504256,505037,509358.584,509071,509632,121,500
550000,1e-05,365,0.93096740294937,0.930752277323297,0.931171249329177,0.928215286328676,0.936844210124137,521615.538,520095,524809,555130.212,554729,555513,560294.104,559989,560579,375,500
6e+05,1e-05,365,0.941966242940158,0.941925006218691,0.942006063055668,0.940677855224725,0.945348958981038,575751.016,575104,577733,605577.74,605221,605994,611222.574,610909,611544,494,500
650000,1e-05,365,0.951230572655791,0.951199187606191,0.951266150224245,0.949998263881026,0.952288018078168,629863.328,629193,630589,656029.218,655670,656511,662156.328,661856,662478,500,500
7e+05,1e-05,365,0.958300865992171,0.958269362926009,0.958332367014847,0.957025495393336,0.959182643086546,683354.05,682764,683985,706480.972,706011,706904,713089.276,712748,713455,500,500
750000,1e-05,365,0.963683151068631,0.963660111831004,0.963707703826507,0.962930829165391,0.964577335621792,736277.048,735715,736881,756934.654,756509,757411,764024.008,763696,764370,500,500
8e+05,1e-05,365,0.967830502596957,0.967809711697603,0.967852330857974,0.967101001177856,0.968632303620445,788746.702,788226,789206,807396.986,806914,807861,814963.694,814572,815329,500,500
850000,1e-05,365,0.971031140436564,0.971014040025265,0.971049129484187,0.97051831376855,0.971696424343431,840817.802,840472,841321,857857.348,857433,858264,865902.012,865571,866237,500,500
9e+05,1e-05,365,0.97351842286082,0.973502212637632,0.973533744040147,0.972984849228287,0.974110297182235,892560.692,892247,892846,908316.634,907879,908820,916840.08,916470,917199,500,500
950000,1e-05,365,0.975451304649549,0.975436524163727,0.975467030000717,0.974853855528702,0.975956017559074,944010.682,943752,944316,958770.106,958131,959338,967768.144,967405,968220,500,500
1e+06,1e-05,365,0.976948766095392,0.976935291101193,0.976962316352926,0.97641275230348,0.977469573712866,995229.316,994955,995499,1009238.578,1008730,1009683,1018711.9,1018308,1019110,500,500
1100000,1e-05,365,0.97903061372413,0.979018014674349,0.979042774647365,0.978513097038058,0.979474397453226,1097083.906,1096803,1097305,1110153.536,1109597,1110770,1120581.838,1120162,1121108,500,500
1200000,1e-05,365,0.980295316084109,0.980284719993805,0.980305830602991,0.979950757969122,0.980690661916385,1198367.148,1198152,1198581,1211077.606,1210550,1211641,1222455.258,1222071,1222939,500,500
1300000,1e-05,365,0.981070281890195,0.981059684257921,0.981080290590365,0.980729966675598,0.981405532947229,1299251.766,1299072,1299406,1311994.358,1311492,1312565,1324320.802,1323835,1324855,500,500
1400000,1e-05,365,0.981537719377866,0.981528635962699,0.981547239493455,0.981209969201956,0.981864523636017,1399864.778,1399693,1400025,1412919.54,1412403,1413462,1426195.618,1425738,1426714,500,500
1500000,1e-05,365,0.981821118330579,0.981812424575697,0.981829906488498,0.981548647092689,0.982135504392152,1500289.906,1500117,1500442,1513846.976,1513196,1514527,1528068.498,1527570,1528560,500,500
1600000,1e-05,365,0.981989869587239,0.981980584481375,0.981999413075444,0.981680056967301,0.982280965200758,1600588.548,1600446,1600748,1614768.918,1613993,1615509,1629944.072,1629490,1630473,500,500
1700000,1e-05,365,0.982096308310245,0.982087375409254,0.982106328043373,0.981790590053919,0.982425333951002,1700806.35,1700658,1700935,1715694.34,1715103,1716453,1731812.2,1731242,1732401,500,500
1800000,1e-05,365,0.982160096364683,0.982151785769397,0.982168418163539,0.981814702839194,0.9824317564807,1800972.976,1800838,1801152,1816624.744,1815913,1817363,1833685.77,1833184,1834394,500,500
1900000,1e-05,365,0.982204237915516,0.982196181680695,0.982213007736014,0.981922225281097,0.982454100528485,1901103.688,1900969,1901267,1917540.964,1916819,1918342,1935548.262,1935087,1936145,500,500
2e+06,1e-05,365,0.982231297380709,0.982223364944742,0.982239456050644,0.981956545953349,0.982451696139668,2001216.08,2001063,2001373,2018457.906,2017753,2019187,2037418.378,2036949,2037969,500,500
2100000,1e-05,365,0.982245192775387,0.982237424930116,0.982253245537999,0.982012092255554,0.982519681431305,2101312.366,2101164,2101454,2119383.586,2118682,2120194,2139295.156,2138691,2139882,500,500
2200000,1e-05,365,0.982257568241108,0.982250095606534,0.982265386564347,0.982006351171898,0.982523933855526,2201395.86,2201230,2201604,2220308.28,2219596,2220992,2241159.496,2240550,2241791,500,500
2300000,1e-05,365,0.982261034336956,0.982253517461594,0.982268290883081,0.981993633617232,0.982530814100181,2301471.626,2301315,2301619,2321233.37,2320507,2321870,2343034.654,2342353,2343627,500,500
2400000,1e-05,365,0.982266398717918,0.982259075926099,0.982273656075922,0.982020269264552,0.982528361495381,2401541.546,2401355,2401737,2422143.138,2421406,2422882,2444898.416,2444247,2445476,500,500
2500000,1e-05,365,0.982267577529085,0.982261154551596,0.982274331025335,0.982043292850724,0.982517037581653,2501612.048,2501438,2501799,2523070.65,2522253,2523940,2546772.51,2546082,2547349,500,500
10000,0.001,365,0.977094196203371,0.97691266771409,0.977269006285391,0.972875048962005,0.981174847230436,9954.11320754717,9929,9987,10092.7767295597,10041,10141,10187.4842767296,10146,10227,318,318
20000,0.001,365,0.98222157785527,0.982137257637387,0.98231567184774,0.979544898458527,0.985084178399134,20011.8883826879,19999,20026,20184.1047835991,20117,20247,20374.1275626424,20314,20435,439,439
30000,0.001,365,0.982267409352619,0.982197295058976,0.982340673106023,0.979795012403708,0.984648691202519,30019.2684426229,30003,30041,30276.2479508197,30196,30387,30561.2172131148,30486,30638,488,488
40000,0.001,365,0.982278660925467,0.982216142371692,0.982339525911784,0.97984868147205,0.984389212577132,40026.1454545455,40007,40050,40368.595959596,40253,40467,40748.2787878788,40670,40841,495,495
50000,0.001,365,0.982283264795049,0.982228592116171,0.982336118360028,0.980400995629422,0.98398646521876,50033.0502008032,50007,50051,50460.7208835341,50343,50572,50935.4799196787,50832,51025,498,498
60000,0.001,365,0.982297672570073,0.982249791108735,0.982344856772145,0.980481191708998,0.983938375809227,60040.7429718876,60014,60065,60552.8172690763,60438,60681,61122.7771084337,61015,61223,498,498
70000,0.001,365,0.982314847761232,0.982268746043574,0.982358626458847,0.980704604010306,0.983762448555335,70048.54,70022,70080,70645.288,70498,70806,71309.682,71193,71427,500,500
80000,0.001,365,0.982328888644512,0.982284286969615,0.982370891132261,0.980702786150114,0.983780595694485,80056.616,80029,80086,80737.372,80587,80918,81496.774,81379,81618,500,500
90000,0.001,365,0.982337542286762,0.982296626246088,0.982375575829153,0.980915864232495,0.983662950060609,90064.946,90031,90098,90830.206,90662,90997,91684.336,91561,91804,500,500
1e+05,0.001,365,0.982355755071097,0.982316897672019,0.982393465932928,0.98107601949268,0.983578525310298,100073.208,100042,100107,100921.718,100752,101099,101870.658,101742,101999,500,500
150000,0.001,365,0.982399672769404,0.98236623214972,0.982430171106385,0.981289103616002,0.983460084762972,150117.278,150076,150161,151383.376,151177,151614,152806.746,152651,152966,500,500
2e+05,0.001,365,0.982863529786936,0.982652383521401,0.983075562107379,0.981511813803858,0.997879785819105,200251.022,200114,203349,201844.61,201611,202103,203742.472,203568,203926,486,500
250000,0.001,365,0.984103667205188,0.983699365881129,0.984525863870567,0.981715738589993,0.998385696723082,250629.724,250164,254411,252304.982,252057,252579,254678.15,254474,254876,448,500
3e+05,0.001,365,0.986837954178866,0.986221240053256,0.987415526875405,0.981802366836816,0.998629505215403,301591.366,300202,305311,302765.73,302481,303095,305613.854,305387,305837,363,500
350000,0.001,365,0.990341479321511,0.989664161759748,0.991082725781489,0.982000162564711,0.99878582584873,353105.47,350256,356309,353222.716,352933,353560,356549.15,356296,356781,256,500
4e+05,0.001,365,0.993812386073507,0.993162341395677,0.994487531917736,0.9818919402824,0.998937086832396,404964.138,400310,407250,403679.996,403349,404017,407485.484,407224,407744,151,500
450000,0.001,365,0.996279902447805,0.995767103905745,0.9967951929652,0.981954267574804,0.999081381724078,456715.344,450361,458202,454136.03,453819,454533,458420.714,458139,458687,78,500
5e+05,0.001,365,0.997940720537697,0.997602691894253,0.998267472719225,0.982002099624226,0.999181270934529,508307.496,500410,509155,504595.914,504208,504983,509356.396,509070,509631,30,500
550000,0.001,365,0.998609852330187,0.998381395898939,0.998810307428143,0.982206856443548,0.999182478624851,559513.28,550483,560077,555054.662,554669,555446,560292.164,559988,560579,12,500
6e+05,0.001,365,0.999012365926102,0.998913203893053,0.999078984118793,0.982857236373753,0.999260528068031,610616.63,600551,610979,605506.434,605085,605838,611220.278,610822,611513,2,500
650000,0.001,365,0.999103678268769,0.999033839483921,0.999141006963941,0.982493971118752,0.999287146896068,661560.654,650636,661974,655964.204,655599,656458,662154.16,661862,662504,1,500
7e+05,0.001,365,0.999188842011431,0.99918419992146,0.999193378189184,0.999028214045322,0.999341050057763,712508.808,712148,712885,706420.336,705945,706852,713087.234,712747,713429,0,500
750000,0.001,365,0.999232835186798,0.999228606039103,0.999237037767592,0.999074895516842,0.999395153371824,763437.66,763080,763778,756881.122,756429,757333,764023.792,763681,764388,0,500
8e+05,0.001,365,0.999270276792534,0.999266188587282,0.999274260428566,0.999142217619022,0.999385260988,814366.558,813932,814730,807341.26,806812,807780,814961.254,814593,815370,0,500
850000,0.001,365,0.999304929645029,0.999301147125776,0.999308950846222,0.999176675315617,0.999442162147179,865298.892,864959,865742,857804.268,857428,858214,865900.754,865588,866300,0,500
9e+05,0.001,365,0.999333941566719,0.999330264368884,0.999337645967797,0.99920498167859,0.999435038107661,916227.966,915767,916673,908264.02,907817,908720,916838.634,916415,917235,0,500
950000,0.001,365,0.999362992897087,0.999359784851757,0.999366226801758,0.999259171243032,0.999464741112429,967149.972,966741,967532,958717.072,958152,959182,967766.446,967286,968175,0,500
1e+06,0.001,365,0.999384018137548,0.999380817590026,0.999387354410648,0.999282479343061,0.99950336504534,1018083.214,1017688,1018575,1009184.95,1008663,1009669,1018710.722,1018324,1019136,0,500
1100000,0.001,365,0.999427607367528,0.999424661533791,0.999430619037439,0.999318138410763,0.999522510292804,1119939.046,1119442,1120460,1110101.648,1109601,1110760,1120580.458,1120107,1121109,0,500
1200000,0.001,365,0.999462068883319,0.999459422055717,0.999464585706637,0.999384059660325,0.999541053237824,1221796.082,1221398,1222311,1211025.008,1210496,1211632,1222453.678,1222039,1222957,0,500
1300000,0.001,365,0.999490839559889,0.999488524569154,0.999493147331725,0.999417874206467,0.999561273018064,1323646.314,1323164,1324144,1311940.804,1311372,1312470,1324320.606,1323840,1324845,0,500
1400000,0.001,365,0.999516842751196,0.999514865604236,0.999518763228984,0.99944967583453,0.999581358166671,1425504.598,1424968,1426016,1412861.964,1412249,1413383,1426193.674,1425668,1426664,0,500
1500000,0.001,365,0.999538782314768,0.999536932320282,0.999540751610105,0.999467298753126,0.999609990779816,1527363.056,1526935,1527828,1513786.5,1513306,1514324,1528067.828,1527658,1528513,0,500
1600000,0.001,365,0.999557579752031,0.999555604260564,0.999559386187015,0.999481598908474,0.999620261939511,1629221.748,1628732,1629716,1614714.43,1614176,1615366,1629942.868,1629481,1630461,0,500
1700000,0.001,365,0.999574475346356,0.999572863900258,0.999576300709712,0.999516083859549,0.999640967356313,1731073.636,1730548,1731811,1715627.778,1714879,1716440,1731810.564,1731288,1732433,0,500
1800000,0.001,365,0.999589411610483,0.999587651641443,0.999591237852894,0.999535339553893,0.999645481746673,1832932.196,1832407,1833492,1816552.854,1815877,1817185,1833685.086,1833141,1834232,0,500
1900000,0.001,365,0.999602700345988,0.999601162313829,0.999604331829448,0.999535006037172,0.999652268264958,1934777.416,1934262,1935306,1917471.258,1916836,1918208,1935546.408,1934989,1936087,0,500
2e+06,0.001,365,0.999614889784719,0.999613451736697,0.999616368431896,0.999550401865145,0.999665262437685,2036631.59,2036037,2037164,2018390.288,2017581,2019042,2037416.22,2036779,2037914,0,500
2100000,0.001,365,0.99962536421373,0.9996239207332,0.999626894782465,0.999570971301345,0.999670440781948,2138491.99,2137854,2139158,2119319.404,2118500,2120047,2139293.446,2138652,2139923,0,500
2200000,0.001,365,0.999635378754732,0.999634010551272,0.999636645090755,0.999590383562512,0.999678310258824,2240340.854,2239739,2240838,2220236.002,2219462,2220938,2241158.028,2240572,2241689,0,500
2300000,0.001,365,0.999644106693503,0.999642843491853,0.999645375880652,0.99959454020646,0.99968970609576,2342199.144,2341553,2342737,2321161.048,2320297,2321963,2343033.014,2342377,2343597,0,500
2400000,0.001,365,0.999652231673332,0.99965086437999,0.99965351259429,0.999602792966777,0.999684657933614,2444047.148,2443428,2444567,2422069.374,2421309,2422763,2444897.406,2444246,2445412,0,500
2500000,0.001,365,0.999660228602617,0.999658927686696,0.999661476111888,0.999624246431519,0.999708648391617,2545906.004,2545276,2546485,2522996.588,2522142,2523805,2546771.324,2546103,2547319,0,500
10000,0.1,365,0.9830443715036,0.982870829525815,0.983218487543944,0.978879436784981,0.991091532060695,10014.7075471698,10001,10124,10092.141509434,10038,10139,10187.4591194969,10147,10227,318,318
20000,0.1,365,0.986382286299665,0.985951140368248,0.986816095304121,0.980079291273065,0.999950925062571,20096.6378132118,20011,20405,20183.6879271071,20119,20248,20374.0933940774,20314,20435,422,439
30000,0.1,365,0.993510727016322,0.992972437703521,0.994148965241256,0.981091407857353,0.999934638386875,30362.8975409836,30017,30625,30275.3196721311,30192,30381,30561.2028688525,30486,30638,261,488
40000,0.1,365,0.998344332972434,0.997998780962181,0.998663300967864,0.982670294384391,0.999950958756314,40680.8222222222,40041,40831,40367.3191919192,40265,40459,40748.2808080808,40670,40841,73,495
50000,0.1,365,0.99942528138494,0.999230183453929,0.999579462972788,0.983046856604662,0.999980364050504,50906.1847389558,50052,51009,50459.2008032129,50339,50574,50935.4578313253,50832,51025,13,498
60000,0.1,365,0.999701700173537,0.999604191419728,0.99976451423852,0.982660472420336,0.999934554973822,61104.5080321285,60072,61212,60550.6746987952,60427,60673,61122.7409638554,61015,61223,2,498
70000,0.1,365,0.999773104243667,0.999767572510406,0.999778827247734,0.999523375622065,0.999915905140999,71293.472,71173,71419,70642.97,70502,70788,71309.652,71193,71427,0,500
80000,0.1,365,0.999782373149468,0.999777742049523,0.999787434265996,0.999607270406598,0.999938605861912,81479.012,81357,81604,80734.508,80579,80909,81496.748,81379,81618,0,500
90000,0.1,365,0.999789407655601,0.999785078649982,0.999793798881468,0.999541824846184,0.999923586625476,91664.982,91536,91794,90826.918,90665,90986,91684.29,91561,91804,0,500
1e+05,0.1,365,0.999793424494014,0.999789399401274,0.999797253384502,0.999617076427618,0.999941132031043,101849.546,101715,101986,100917.73,100764,101090,101870.59,101742,101999,0,500
150000,0.1,365,0.999809799446871,0.999806709829073,0.999812993711219,0.999672856226855,0.999914886930561,152777.616,152619,152947,151377.946,151174,151598,152806.68,152649,152966,0,500
2e+05,0.1,365,0.999817839014859,0.999815219647625,0.999820483993933,0.999725100755482,0.999921437690268,203705.236,203532,203903,201837.95,201594,202084,203742.35,203568,203926,0,500
250000,0.1,365,0.99982240359688,0.9998200951392,0.99982476559083,0.999725116138432,0.999909655827985,254632.832,254433,254841,252298.03,252039,252569,254678.062,254474,254876,0,500
3e+05,0.1,365,0.999824405974515,0.999822198489617,0.999826557183816,0.999738272994353,0.999898530990599,305560.026,305339,305797,302756.992,302458,303074,305613.69,305387,305838,0,500
350000,0.1,365,0.999827216072577,0.999825229812407,0.999829250313695,0.999747621331045,0.999896198625333,356487.482,356241,356729,353216.608,352930,353527,356549.088,356296,356781,0,500
4e+05,0.1,365,0.999828116702162,0.999826284972782,0.999829988650364,0.99974972211794,0.99989935118336,407415.342,407158,407687,403675.256,403364,403994,407485.382,407224,407744,0,500
450000,0.1,365,0.999829484205841,0.999827834038024,0.999831206005188,0.999757894071022,0.999895253911066,458342.466,458064,458621,454134.426,453832,454506,458420.634,458138,458687,0,500
5e+05,0.1,365,0.9998306963718,0.999829172895832,0.999832365456717,0.999762480100347,0.99989394442295,509270.124,508989,509553,504594.1,504231,504983,509356.36,509070,509631,0,500
550000,0.1,365,0.999831666572667,0.999830149366628,0.99983328929354,0.999766224634927,0.999889319708947,560197.768,559901,560494,555052.214,554674,555489,560292.084,559989,560579,0,500
6e+05,0.1,365,0.999832495594366,0.999830992012402,0.999834092534288,0.999769359112769,0.999892063388228,611117.95,610725,611417,605502.876,605034,605851,611220.332,610826,611512,0,500
650000,0.1,365,0.999833362069344,0.999831929375677,0.999834850709831,0.999768892648369,0.999891262652044,662043.48,661732,662320,655960.554,655573,656367,662153.82,661842,662430,0,500
7e+05,0.1,365,0.99983395577336,0.999832598453596,0.999835369497025,0.999777051129608,0.999887786390172,712969.286,712624,713338,706418.992,706030,706852,713087.69,712750,713457,0,500
750000,0.1,365,0.999834583500278,0.999833306220831,0.999835955472073,0.999780118814369,0.999883473230921,763896.422,763473,764257,756878.268,756401,757332,764022.804,763587,764379,0,500
8e+05,0.1,365,0.999834905119872,0.999833651198926,0.999836195584981,0.999780303132583,0.999884668237142,814827.282,814445,815268,807341.126,806887,807778,814961.828,814565,815420,0,500
850000,0.1,365,0.999835417500031,0.999834203952401,0.999836700616017,0.999782810113655,0.999886833936886,865758.008,865414,866099,857803.41,857316,858177,865900.52,865556,866244,0,500
9e+05,0.1,365,0.999835859805278,0.999834683076889,0.999837083919553,0.999788432261245,0.99988875862257,916688.1,916311,917099,908263.768,907788,908693,916838.59,916445,917240,0,500
950000,0.1,365,0.999836069992577,0.999834948530535,0.999837264906178,0.999789152952996,0.999886334398001,967607.55,967237,968057,958716.436,958121,959244,967766.196,967405,968250,0,500
1e+06,0.1,365,0.999836497350224,0.999835389873077,0.999837655629543,0.999790941997691,0.999882216219612,1018543.664,1018110,1018886,1009183.274,1008532,1009600,1018710.226,1018296,1019061,0,500
1100000,0.1,365,0.999836788152549,0.999835709520247,0.999837919875187,0.999793890228255,0.999878622147174,1120398.042,1119838,1120922,1110100.598,1109482,1110780,1120580.934,1120043,1121105,0,500
1200000,0.1,365,0.999837031034623,0.999835996242422,0.999838148346654,0.999795492825479,0.999880574355551,1222254.492,1221869,1222810,1211019.42,1210525,1211666,1222453.714,1222066,1223006,0,500
1300000,0.1,365,0.999837569404231,0.999836542542854,0.999838627107989,0.999799154788988,0.999881453426298,1324104.978,1323583,1324591,1311935.176,1311328,1312514,1324320.088,1323805,1324801,0,500
1400000,0.1,365,0.999837763975262,0.999836810598969,0.999838784267676,0.999800873073412,0.999877283921529,1425962.736,1425383,1426493,1412859.86,1412263,1413528,1426194.116,1425617,1426714,0,500
1500000,0.1,365,0.999838068647007,0.999837145699781,0.999839026741307,0.999808908027172,0.999866508483582,1527819.834,1527288,1528399,1513782.056,1513159,1514340,1528067.276,1527542,1528677,0,500
1600000,0.1,365,0.999838477674811,0.999837571779455,0.999839362180122,0.999809188991861,0.999871175444322,1629679.002,1629184,1630198,1614711.354,1614089,1615336,1629942.274,1629462,1630458,0,500
1700000,0.1,365,0.999838393371379,0.999837516299557,0.999839304195054,0.999812368549736,0.999866034952174,1731530.802,1730926,1732203,1715627.458,1715024,1716512,1731810.674,1731215,1732476,0,500
1800000,0.1,365,0.999838721396414,0.999837830422255,0.999839608609034,0.999798210178824,0.99987569627803,1833388.344,1832877,1833989,1816548.922,1815979,1817236,1833684.078,1833187,1834223,0,500
1900000,0.1,365,0.999838844615507,0.999837999014139,0.999839678511792,0.999807274085702,0.999863093386842,1935235.582,1934701,1935885,1917468.176,1916648,1918131,1935547.506,1934987,1936209,0,500
2e+06,0.1,365,0.999838783159746,0.99983798140614,0.999839579500716,0.999811552610193,0.999864070294796,2037087.83,2036472,2037593,2018389.562,2017644,2019049,2037416.296,2036779,2037929,0,500
2100000,0.1,365,0.999838865471485,0.999838114009502,0.99983965122085,0.999818156660141,0.999860713557899,2138948.762,2138194,2139521,2119318.796,2118414,2120101,2139293.476,2138541,2139864,0,500
2200000,0.1,365,0.999838889535799,0.999838112497712,0.999839673228418,0.999809920117368,0.99986523097492,2240796.544,2240064,2241372,2220233.152,2219355,2220904,2241157.618,2240432,2241757,0,500
2300000,0.1,365,0.999839000130609,0.99983823574033,0.999839771241015,0.999810898560524,0.999864250612153,2342655.118,2341983,2343225,2321160.216,2320424,2321837,2343032.346,2342364,2343618,0,500
2400000,0.1,365,0.999838995184689,0.999838274264018,0.999839788230155,0.999820028901722,0.999863406191544,2444502.072,2443893,2445210,2422067.934,2421186,2422776,2444895.712,2444319,2445638,0,500
2500000,0.1,365,0.999838919118367,0.999838262327607,0.999839620594459,0.999814678412077,0.999867284226927,2546360.24,2545648,2547000,2522992.322,2522084,2523746,2546770.476,2546041,2547393,0,500
